地名,区划码,县级,县级码,县级类,地级,地级码,地级类,省级,省级码,省级类,曾用名,备注,ENG_NAME,VAR_NAME,code,NAME_3,VAR_NAME3,GID_3,TYPE_3,NAME_2,VAR_NAME2,GID_2,TYPE_2,NAME_1,VAR_NAME1,GID_1,TYPE_1,year,crop_px,valid_px,crop_ratio,crop_pct
三亚市,460200,不统计,0,不统计,三亚市,460200,地级市,海南省,460000,省,,,Haitang,Hǎi Táng,460200,NULL,NULL,0,NULL,Sanya,Sān Yà,460200,Prefecture City,Hainan,Hǎi Nán,460000,Province,2010,411195,2227489,0.1846002382054412,18.46
陵水黎族自治县,469028,陵水黎族自治县,469028,自治县,不统计,0,不统计,海南省,460000,省,,"省直辖县,省直管,是县级单位",Lingshuilizu,Líng Shuǐ Lí Zú,469028,Lingshuilizu,LíngShuǐLíZú,469028,Autonomous County,NULL,NULL,0,NULL,Hainan,Hǎi Nán,460000,Province,2010,310106,1280419,0.24219103277911372,24.22
乐东黎族自治县,469027,乐东黎族自治县,469027,自治县,不统计,0,不统计,海南省,460000,省,,"省直辖县,省直管,是县级单位",Ledonglizu,Lè Dōng Lí Zú,469027,Ledonglizu,Lè DōngLíZú,469027,Autonomous County,NULL,NULL,0,NULL,Hainan,Hǎi Nán,460000,Province,2010,869415,3247783,0.26769491680940505,26.77
万宁市,469006,万宁市,469006,县级市,不统计,0,不统计,海南省,460000,省,,"省直辖市,省直管,是县级单位",Wanning,Wàn Níng,469006,Wanning,Wàn Níng,469006,County City,NULL,NULL,0,NULL,Hainan,Hǎi Nán,460000,Province,2010,408313,2218794,0.1840247449740715,18.4
东方市,469007,东方市,469007,县级市,不统计,0,不统计,海南省,460000,省,,"省直辖市,省直管,是县级单位",Dongfang,Dōng Fāng,469007,Dongfang,DōngFāng,469007,County City,NULL,NULL,0,NULL,Hainan,Hǎi Nán,460000,Province,2010,1051023,2655817,0.3957437579471778,39.57
琼海市,469002,琼海市,469002,县级市,不统计,0,不统计,海南省,460000,省,,"省直辖市,省直管,是县级单位",Qionghai,Qióng Hǎi,469002,Qionghai,QióngHǎi,469002,County City,NULL,NULL,0,NULL,Hainan,Hǎi Nán,460000,Province,2010,458610,1994880,0.22989352743022137,22.99
昌江黎族自治县,469026,昌江黎族自治县,469026,自治县,不统计,0,不统计,海南省,460000,省,,"省直辖县,省直管,是县级单位",Changjianglizu,Chāng Jiāng Lí Zú,469026,Changjianglizu,ChāngJiāngLíZú,469026,Autonomous County,NULL,NULL,0,NULL,Hainan,Hǎi Nán,460000,Province,2010,626341,1882347,0.3327447064754798,33.27
定安县,469021,定安县,469021,县,不统计,0,不统计,海南省,460000,省,,"省直辖县,省直管,是县级单位",Dingan,Dìng Ān,469021,Dingan,DìngĀn,469021,County,NULL,NULL,0,NULL,Hainan,Hǎi Nán,460000,Province,2010,382130,1417638,0.2695540046189507,26.96
儋州市,469003,儋州市,469003,县级市,不统计,0,不统计,海南省,460000,省,,"省直辖市,省直管,是县级单位",Danzhou,Dān Zhōu,469003,Danzhou,Dān Zhōu,469003,County City,NULL,NULL,0,NULL,Hainan,Hǎi Nán,460000,Province,2010,1346620,3849690,0.34979959425304374,34.98
澄迈县,469023,澄迈县,469023,县,不统计,0,不统计,海南省,460000,省,,"省直辖县,省直管,是县级单位",Chengmai,Chéng Mài,469023,Chengmai,Chéng Mài,469023,County,NULL,NULL,0,NULL,Hainan,Hǎi Nán,460000,Province,2010,521232,2433746,0.21416861085750116,21.42
琼山区,460107,琼山区,460107,市辖区,海口市,460100,地级市,海南省,460000,省,琼山市,2002年撤销琼山市，设立琼山区,Qiongshan,Qióng Shān,460107,Qiongshan,QióngShān,460107,District,Haikou,Hǎi Kǒu,460100,Prefecture City,Hainan,Hǎi Nán,460000,Province,2010,283325,1103428,0.2567679993619883,25.68
文昌市,469005,文昌市,469005,县级市,不统计,0,不统计,海南省,460000,省,,"省直辖市,省直管,是县级单位",Wenchang,Wén Chāng,469005,Wenchang,WénChāng,469005,County City,NULL,NULL,0,NULL,Hainan,Hǎi Nán,460000,Province,2010,1219004,2800361,0.43530244850574623,43.53
临高县,469024,临高县,469024,县,不统计,0,不统计,海南省,460000,省,,"省直辖县,省直管,是县级单位",Lingao,Lín Gāo,469024,Lingao,LínGāo,469024,County,NULL,NULL,0,NULL,Hainan,Hǎi Nán,460000,Province,2010,601086,1540100,0.3902902408934485,39.03
龙华区,460106,龙华区,460106,市辖区,海口市,460100,地级市,海南省,460000,省,新华区,2002年撤销新华区，设立龙华区,Longhua,Lóng Huá,460106,Longhua,Lóng Huá,460106,District,Haikou,Hǎi Kǒu,460100,Prefecture City,Hainan,Hǎi Nán,460000,Province,2010,84740,356527,0.2376818585969646,23.77
秀英区,460105,秀英区,460105,市辖区,海口市,460100,地级市,海南省,460000,省,,2002年新设立秀英区,Xiuying,Xiù Yīng,460105,Xiuying,XiùYīng,460105,District,Haikou,Hǎi Kǒu,460100,Prefecture City,Hainan,Hǎi Nán,460000,Province,2010,174313,584130,0.2984147364456542,29.84
美兰区,460108,美兰区,460108,市辖区,海口市,460100,地级市,海南省,460000,省,振东区,2002年撤销振东区，设立美兰区,Meilan,Měi Lán,460108,Meilan,MěiLán,460108,District,Haikou,Hǎi Kǒu,460100,Prefecture City,Hainan,Hǎi Nán,460000,Province,2010,187779,603996,0.3108944430095564,31.09
徐闻县,440825,徐闻县,440825,县,湛江市,440800,地级市,广东省,440000,省,,,Xuwen,Xú Wén,440825,Xuwen,XúWén,440825,County,Zhanjiang,Zhàn Jiāng,440800,Prefecture City,Guangdong,Guǎng Dōng,440000,Province,2010,1345720,2119247,0.6349991294077566,63.5
雷州市,440882,雷州市,440882,县级市,湛江市,440800,地级市,广东省,440000,省,,,Leizhou,Léi Zhōu,440882,Leizhou,LéiZhōu,440882,County City,Zhanjiang,Zhàn Jiāng,440800,Prefecture City,Guangdong,Guǎng Dōng,440000,Province,2010,2499795,4133920,0.6047032840500058,60.47
麻章区,440811,麻章区,440811,市辖区,湛江市,440800,地级市,广东省,440000,省,,,Mazhang,Má Zhāng,440811,Mazhang,MáZhāng,440811,District,Zhanjiang,Zhàn Jiāng,440800,Prefecture City,Guangdong,Guǎng Dōng,440000,Province,2010,616123,858564,0.717620352122847,71.76
霞山区,440803,霞山区,440803,市辖区,湛江市,440800,地级市,广东省,440000,省,,,Xiashan,Xiá Shān,440803,Xiashan,XiáShān,440803,District,Zhanjiang,Zhàn Jiāng,440800,Prefecture City,Guangdong,Guǎng Dōng,440000,Province,2010,49806,119212,0.4177935107203973,41.78
遂溪县,440823,遂溪县,440823,县,湛江市,440800,地级市,广东省,440000,省,,,Suixi,Suì Xī,440823,Suixi,Suì Xī,440823,County,Zhanjiang,Zhàn Jiāng,440800,Prefecture City,Guangdong,Guǎng Dōng,440000,Province,2010,1874784,2405912,0.7792404709731694,77.92
坡头区,440804,坡头区,440804,市辖区,湛江市,440800,地级市,广东省,440000,省,,,Potou,Pō Tóu,440804,Potou,Pō Tóu,440804,District,Zhanjiang,Zhàn Jiāng,440800,Prefecture City,Guangdong,Guǎng Dōng,440000,Province,2010,371305,581547,0.6384780593829905,63.85
赤坎区,440802,赤坎区,440802,市辖区,湛江市,440800,地级市,广东省,440000,省,,,Chikan,Chì Kǎn,440802,Chikan,ChìKǎn,440802,District,Zhanjiang,Zhàn Jiāng,440800,Prefecture City,Guangdong,Guǎng Dōng,440000,Province,2010,24217,74384,0.32556732630673263,32.56
海城区,450502,海城区,450502,市辖区,北海市,450500,地级市,广西壮族自治区,450000,自治区,,,Haicheng,Hǎi Chéng,450502,Haicheng,HǎiChéng,450502,District,Beihai,Běi Hǎi,450500,Prefecture City,Guangxi,Guǎng Xī,450000,Autonomous Region,2010,76585,138957,0.5511417201004627,55.11
吴川市,440883,吴川市,440883,县级市,湛江市,440800,地级市,广东省,440000,省,,,Wuchuan,Wú Chuān,440883,Wuchuan,WúChuān,440883,County City,Zhanjiang,Zhàn Jiāng,440800,Prefecture City,Guangdong,Guǎng Dōng,440000,Province,2010,727302,1018277,0.7142476948806661,71.42
银海区,450503,银海区,450503,市辖区,北海市,450500,地级市,广西壮族自治区,450000,自治区,,,Yinhai,Yín Hǎi,450503,Yinhai,YínHǎi,450503,District,Beihai,Běi Hǎi,450500,Prefecture City,Guangxi,Guǎng Xī,450000,Autonomous Region,2010,389561,545491,0.7141474378129061,71.41
铁山港区,450512,铁山港区,450512,市辖区,北海市,450500,地级市,广西壮族自治区,450000,自治区,,,Tieshangang,Tiě Shān Gǎng,450512,Tieshangang,TiěShānGǎng,450512,District,Beihai,Běi Hǎi,450500,Prefecture City,Guangxi,Guǎng Xī,450000,Autonomous Region,2010,356341,482221,0.7389578637180878,73.9
茂港区,440903,茂港区,440903,市辖区,茂名市,440900,地级市,广东省,440000,省,,,Maogang,Mào Gǎng,440903,Maogang,Mào Gǎng,440903,District,Maoming,Mào Míng,440900,Prefecture City,Guangdong,Guǎng Dōng,440000,Province,2010,358166,514751,0.6958043792047028,69.58
东兴市,450681,东兴市,450681,县级市,防城港市,450600,地级市,广西壮族自治区,450000,自治区,,,Dongxing,Dōng Xīng,450681,Dongxing,Dōng Xīng,450681,County City,Fangchenggang,Fáng Chéng Gǎng,450600,Prefecture City,Guangxi,Guǎng Xī,450000,Autonomous Region,2010,111718,593853,0.18812399701609658,18.81
廉江市,440881,廉江市,440881,县级市,湛江市,440800,地级市,广东省,440000,省,,,Lianjiang,Lián Jiāng,440881,Lianjiang,LiánJiāng,440881,County City,Zhanjiang,Zhàn Jiāng,440800,Prefecture City,Guangdong,Guǎng Dōng,440000,Province,2010,1633122,3340394,0.4889010098808703,48.89
港口区,450602,港口区,450602,市辖区,防城港市,450600,地级市,广西壮族自治区,450000,自治区,,,Gangkou,Gǎng Kǒu,450602,Gangkou,GǎngKǒu,450602,District,Fangchenggang,Fáng Chéng Gǎng,450600,Prefecture City,Guangxi,Guǎng Xī,450000,Autonomous Region,2010,134235,336270,0.39918815237755373,39.92
茂南区,440902,茂南区,440902,市辖区,茂名市,440900,地级市,广东省,440000,省,,,Maonan,Mào Nán,440902,Maonan,Mào Nán,440902,District,Maoming,Mào Míng,440900,Prefecture City,Guangdong,Guǎng Dōng,440000,Province,2010,386031,586255,0.6584694373608754,65.85
电白县,440923,电白县,440923,县,茂名市,440900,地级市,广东省,440000,省,,,Dianbai,Diàn Bái,440923,Dianbai,DiànBái,440923,County,Maoming,Mào Míng,440900,Prefecture City,Guangdong,Guǎng Dōng,440000,Province,2010,741446,2044852,0.362591522516055,36.26
阳西县,441721,阳西县,441721,县,阳江市,441700,地级市,广东省,440000,省,,,Yangxi,Yáng Xī,441721,Yangxi,YángXī,441721,County,Yangjiang,Yáng Jiāng,441700,Prefecture City,Guangdong,Guǎng Dōng,440000,Province,2010,557539,1645946,0.3387346850990251,33.87
合浦县,450521,合浦县,450521,县,北海市,450500,地级市,广西壮族自治区,450000,自治区,,,Hepu,Hé Pǔ,450521,Hepu,Hé Pǔ,450521,County,Beihai,Běi Hǎi,450500,Prefecture City,Guangxi,Guǎng Xī,450000,Autonomous Region,2010,1387706,2885987,0.4808427757990594,48.08
江城区,441702,江城区,441702,市辖区,阳江市,441700,地级市,广东省,440000,省,,,Jiangcheng,Jiāng Chéng,441702,Jiangcheng,JiāngChéng,441702,District,Yangjiang,Yáng Jiāng,441700,Prefecture City,Guangdong,Guǎng Dōng,440000,Province,2010,312250,827527,0.3773290780844613,37.73
化州市,440982,化州市,440982,县级市,茂名市,440900,地级市,广东省,440000,省,,,Huazhou,Huà Zhōu,440982,Huazhou,Huà Zhōu,440982,County City,Maoming,Mào Míng,440900,Prefecture City,Guangdong,Guǎng Dōng,440000,Province,2010,792862,2834494,0.27971906096820104,27.97
钦南区,450702,钦南区,450702,市辖区,钦州市,450700,地级市,广西壮族自治区,450000,自治区,,,Qinnan,Qīn Nán,450702,Qinnan,Qīn Nán,450702,District,Qinzhou,Qīn Zhōu,450700,Prefecture City,Guangxi,Guǎng Xī,450000,Autonomous Region,2010,1083161,2807156,0.38585707384983237,38.59
阳东县,441723,阳东县,441723,县,阳江市,441700,地级市,广东省,440000,省,,,Yangdong,Yáng Dōng,441723,Yangdong,YángDōng,441723,County,Yangjiang,Yáng Jiāng,441700,Prefecture City,Guangdong,Guǎng Dōng,440000,Province,2010,474354,2030112,0.2336590296495957,23.37
宁明县,451422,宁明县,451422,县,崇左市,451400,地级市,广西壮族自治区,450000,自治区,,,Ningming,Níng Míng,451422,Ningming,Níng Míng,451422,County,Chongzuo,Chóng Zuǒ,451400,Prefecture City,Guangxi,Guǎng Xī,450000,Autonomous Region,2010,885026,4460700,0.19840518304302016,19.84
台山市,440781,台山市,440781,县级市,江门市,440700,地级市,广东省,440000,省,,,Taishan,Tái Shān,440781,Taishan,Tái Shān,440781,County City,Jiangmen,Jiāng Mén,440700,Prefecture City,Guangdong,Guǎng Dōng,440000,Province,2010,969061,3789822,0.25570092737864736,25.57
高州市,440981,高州市,440981,县级市,茂名市,440900,地级市,广东省,440000,省,,,Gaozhou,Gāo Zhōu,440981,Gaozhou,GāoZhōu,440981,County City,Maoming,Mào Míng,440900,Prefecture City,Guangdong,Guǎng Dōng,440000,Province,2010,598027,3941225,0.15173632563479628,15.17
上思县,450621,上思县,450621,县,防城港市,450600,地级市,广西壮族自治区,450000,自治区,,,Shangsi,Shàng Sī,450621,Shangsi,Shàng Sī,450621,County,Fangchenggang,Fáng Chéng Gǎng,450600,Prefecture City,Guangxi,Guǎng Xī,450000,Autonomous Region,2010,657558,3390177,0.1939597844006375,19.4
博白县,450923,博白县,450923,县,玉林市,450900,地级市,广西壮族自治区,450000,自治区,,,Bobai,Bó Bái,450923,Bobai,BóBái,450923,County,Yulin,Yù Lín,450900,Prefecture City,Guangxi,Guǎng Xī,450000,Autonomous Region,2010,866326,4612469,0.1878226173444201,18.78
钦北区,450703,钦北区,450703,市辖区,钦州市,450700,地级市,广西壮族自治区,450000,自治区,,,Qinbei,Qīn Běi,450703,Qinbei,QīnBěi,450703,District,Qinzhou,Qīn Zhōu,450700,Prefecture City,Guangxi,Guǎng Xī,450000,Autonomous Region,2010,867255,2675171,0.32418675292158894,32.42
阳春市,441781,阳春市,441781,县级市,阳江市,441700,地级市,广东省,440000,省,,,Yangchun,Yáng Chūn,441781,Yangchun,YángChūn,441781,County City,Yangjiang,Yáng Jiāng,441700,Prefecture City,Guangdong,Guǎng Dōng,440000,Province,2010,841290,4870194,0.17274260532537308,17.27
斗门区,440403,斗门区,440403,市辖区,珠海市,440400,地级市,广东省,440000,省,斗门县,2001年撤销斗门县，设立斗门区,Doumen,Dǒu Mén,440403,Doumen,Dǒu Mén,440403,District,Zhuhai,Zhū Hǎi,440400,Prefecture City,Guangdong,Guǎng Dōng,440000,Province,2010,125393,729149,0.17197170948598983,17.2
恩平市,440785,恩平市,440785,县级市,江门市,440700,地级市,广东省,440000,省,,,Enping,Ēn Píng,440785,Enping,ĒnPíng,440785,County City,Jiangmen,Jiāng Mén,440700,Prefecture City,Guangdong,Guǎng Dōng,440000,Province,2010,465142,2038893,0.2281345808730522,22.81
陆川县,450922,陆川县,450922,县,玉林市,450900,地级市,广西壮族自治区,450000,自治区,,,Luchuan,Lù Chuān,450922,Luchuan,Lù Chuān,450922,County,Yulin,Yù Lín,450900,Prefecture City,Guangxi,Guǎng Xī,450000,Autonomous Region,2010,435207,1873629,0.23228024331391114,23.23
孟连傣族拉祜族佤族自治县,530827,孟连傣族拉祜族佤族自治县,530827,自治县,普洱市,530800,地级市,云南省,530000,省,,,Mengliandaizuandlahuzuwazu,Mèng Lián Dǎi Zú and Lā Hù Zú Wǎ Zú,530827,Mengliandaizuandlahuzuwazu,MèngLiánDǎiZúand Lā HùZúWǎZú,530827,Autonomous County,Puer,Pǔ Ěr,530800,Prefecture City,Yunnan,Yún Nán,530000,Province,2010,356091,2287911,0.15564023250904427,15.56
灵山县,450721,灵山县,450721,县,钦州市,450700,地级市,广西壮族自治区,450000,自治区,,,Lingshan,Líng Shān,450721,Lingshan,LíngShān,450721,County,Qinzhou,Qīn Zhōu,450700,Prefecture City,Guangxi,Guǎng Xī,450000,Autonomous Region,2010,1340206,4294309,0.3120888599306664,31.21
开平市,440783,开平市,440783,县级市,江门市,440700,地级市,广东省,440000,省,,,Kaiping,Kāi Píng,440783,Kaiping,KāiPíng,440783,County City,Jiangmen,Jiāng Mén,440700,Prefecture City,Guangdong,Guǎng Dōng,440000,Province,2010,568417,1999490,0.28428099165287146,28.43
新会区,440705,新会区,440705,市辖区,江门市,440700,地级市,广东省,440000,省,新会市,2002年撤销新会市，设立新会区,Xinhui,Xīn Huì,440705,Xinhui,Xīn Huì,440705,District,Jiangmen,Jiāng Mén,440700,Prefecture City,Guangdong,Guǎng Dōng,440000,Province,2010,388996,1624094,0.23951569305717527,23.95
龙州县,451423,龙州县,451423,县,崇左市,451400,地级市,广西壮族自治区,450000,自治区,,,Longzhou,Lóng Zhōu,451423,Longzhou,LóngZhōu,451423,County,Chongzuo,Chóng Zuǒ,451400,Prefecture City,Guangxi,Guǎng Xī,450000,Autonomous Region,2010,788899,2793282,0.28242726656313255,28.24
良庆区,450108,良庆区,450108,市辖区,南宁市,450100,地级市,广西壮族自治区,450000,自治区,,,Liangqing,Liáng Qìng,450108,Liangqing,LiángQìng,450108,District,Nanning,Nán Níng,450100,Prefecture City,Guangxi,Guǎng Xī,450000,Autonomous Region,2010,600460,1655969,0.36260340622318415,36.26
中山市,442000,不统计,0,不统计,中山市,442000,地级市,广东省,440000,省,,,Zhongshan,Zhōng Shān,442000,NULL,NULL,0,NULL,Zhongshan,Zhōng Shān,442000,Prefecture City,Guangdong,Guǎng Dōng,440000,Province,2010,366049,2099160,0.1743787991387031,17.44
扶绥县,451421,扶绥县,451421,县,崇左市,451400,地级市,广西壮族自治区,450000,自治区,,,Fusui,Fú Suí,451421,Fusui,FúSuí,451421,County,Chongzuo,Chóng Zuǒ,451400,Prefecture City,Guangxi,Guǎng Xī,450000,Autonomous Region,2010,1810007,3434897,0.5269465139711613,52.69
江州区,451402,江州区,451402,市辖区,崇左市,451400,地级市,广西壮族自治区,450000,自治区,,,Jiangzhou,Jiāng Zhōu,451402,Jiangzhou,JiāngZhōu,451402,District,Chongzuo,Chóng Zuǒ,451400,Prefecture City,Guangxi,Guǎng Xī,450000,Autonomous Region,2010,1591022,3523926,0.4514913196247594,45.15
江海区,440704,江海区,440704,市辖区,江门市,440700,地级市,广东省,440000,省,,,Jianghai,Jiāng Hǎi,440704,Jianghai,JiāngHǎi,440704,District,Jiangmen,Jiāng Mén,440700,Prefecture City,Guangdong,Guǎng Dōng,440000,Province,2010,29656,131637,0.22528620372691568,22.53
玉州区,450902,玉州区,450902,市辖区,玉林市,450900,地级市,广西壮族自治区,450000,自治区,,,Yuzhou,Yù Zhōu,450902,Yuzhou,YùZhōu,450902,District,Yulin,Yù Lín,450900,Prefecture City,Guangxi,Guǎng Xī,450000,Autonomous Region,2010,618375,1530946,0.40391692456820816,40.39
邕宁区,450109,邕宁区,450109,市辖区,南宁市,450100,地级市,广西壮族自治区,450000,自治区,,,Yongning,Yōng Níng,450109,Yongning,Yōng Níng,450109,District,Nanning,Nán Níng,450100,Prefecture City,Guangxi,Guǎng Xī,450000,Autonomous Region,2010,807379,1485372,0.5435533994177889,54.36
江南区,450105,江南区,450105,市辖区,南宁市,450100,地级市,广西壮族自治区,450000,自治区,,,Jiangnan,Jiāng Nán,450105,Jiangnan,Jiāng Nán,450105,District,Nanning,Nán Níng,450100,Prefecture City,Guangxi,Guǎng Xī,450000,Autonomous Region,2010,755331,1429198,0.5284998999438846,52.85
罗定市,445381,罗定市,445381,县级市,云浮市,445300,地级市,广东省,440000,省,,,Luoding,Luó Dìng,445381,Luoding,LuóDìng,445381,County City,Yunfu,Yún Fú,445300,Prefecture City,Guangdong,Guǎng Dōng,440000,Province,2010,673607,2822252,0.23867712734369576,23.87
宝安区,440306,宝安区,440306,市辖区,深圳市,440300,地级市,广东省,440000,省,,,Baoan,Bǎo Ān,440306,Baoan,BǎoĀn,440306,District,Shenzhen,Shēn Zhèn,440300,Prefecture City,Guangdong,Guǎng Dōng,440000,Province,2010,176620,853031,0.2070499196394973,20.7
南沙区,440115,南沙区,440115,市辖区,广州市,440100,地级市,广东省,440000,省,,2005年新设立南沙区,Nansha,Nán Shā,440115,Nansha,Nán Shā,440115,District,Guangzhou,Guǎng Zhōu,440100,Prefecture City,Guangdong,Guǎng Dōng,440000,Province,2010,152463,470776,0.3238546569918602,32.39
横县,450127,横县,450127,县,南宁市,450100,地级市,广西壮族自治区,450000,自治区,,,Hengxian,Héng Xiàn,450127,Hengxian,Héng Xiàn,450127,County,Nanning,Nán Níng,450100,Prefecture City,Guangxi,Guǎng Xī,450000,Autonomous Region,2010,1673307,4175433,0.4007505329387395,40.08
城区,441502,城区,441502,市辖区,汕尾市,441500,地级市,广东省,440000,省,,,Chengqu,Chéng Qū,441502,Chengqu,Chéng Qū,441502,District,Shanwei,Shàn Wěi,441500,Prefecture City,Guangdong,Guǎng Dōng,440000,Province,2010,170617,451693,0.3777277929921429,37.77
兴业县,450924,兴业县,450924,县,玉林市,450900,地级市,广西壮族自治区,450000,自治区,,,Xingye,Xīng Yè,450924,Xingye,Xīng Yè,450924,County,Yulin,Yù Lín,450900,Prefecture City,Guangxi,Guǎng Xī,450000,Autonomous Region,2010,492571,1776431,0.2772812453734482,27.73
大新县,451424,大新县,451424,县,崇左市,451400,地级市,广西壮族自治区,450000,自治区,,,Daxin,Dà Xīn,451424,Daxin,Dà Xīn,451424,County,Chongzuo,Chóng Zuǒ,451400,Prefecture City,Guangxi,Guǎng Xī,450000,Autonomous Region,2010,784571,3325923,0.23589571977463097,23.59
高明区,440608,高明区,440608,市辖区,佛山市,440600,地级市,广东省,440000,省,高明市,2002年撤销高明市，设立高明区,Gaoming,Gāo Míng,440608,Gaoming,GāoMíng,440608,District,Foshan,Fó Shān,440600,Prefecture City,Guangdong,Guǎng Dōng,440000,Province,2010,175509,1135534,0.1545607617209172,15.46
青秀区,450103,青秀区,450103,市辖区,南宁市,450100,地级市,广西壮族自治区,450000,自治区,,,Qingxiu,Qīng Xiù,450103,Qingxiu,QīngXiù,450103,District,Nanning,Nán Níng,450100,Prefecture City,Guangxi,Guǎng Xī,450000,Autonomous Region,2010,403792,1046487,0.38585476933779395,38.59
惠阳区,441303,惠阳区,441303,市辖区,惠州市,441300,地级市,广东省,440000,省,惠阳市,2003年撤销惠阳市，设立惠阳区,Huiyang,Huì Yáng,441303,Huiyang,HuìYáng,441303,District,Huizhou,Huì Zhōu,441300,Prefecture City,Guangdong,Guǎng Dōng,440000,Province,2010,311554,1450722,0.2147578929663988,21.48
港南区,450803,港南区,450803,市辖区,贵港市,450800,地级市,广西壮族自治区,450000,自治区,,,Gangnan,Gǎng Nán,450803,Gangnan,Gǎng Nán,450803,District,Guigang,Guì Gǎng,450800,Prefecture City,Guangxi,Guǎng Xī,450000,Autonomous Region,2010,771287,1332619,0.5787753288824488,57.88
西乡塘区,450107,西乡塘区,450107,市辖区,南宁市,450100,地级市,广西壮族自治区,450000,自治区,,,Xixiangtang,Xī Xiāng Táng,450107,Xixiangtang,XīXiāngTáng,450107,District,Nanning,Nán Níng,450100,Prefecture City,Guangxi,Guǎng Xī,450000,Autonomous Region,2010,798036,1306102,0.6110058785607863,61.1
番禺区,440113,番禺区,440113,市辖区,广州市,440100,地级市,广东省,440000,省,番禺市,2000年番禺市更名为番禺区,Panyu,Pān Yú,440113,Panyu,Pān Yú,440113,District,Guangzhou,Guǎng Zhōu,440100,Prefecture City,Guangdong,Guǎng Dōng,440000,Province,2010,266257,940174,0.2831997055864127,28.32
东莞市,441900,不统计,0,不统计,东莞市,441900,地级市,广东省,440000,省,,,Dongguan,Dōng Guǎn,441900,NULL,NULL,0,NULL,Dongguan,Dōng Guǎn,441900,Prefecture City,Guangdong,Guǎng Dōng,440000,Province,2010,585624,2969259,0.19722900562059423,19.72
陆丰市,441581,陆丰市,441581,县级市,汕尾市,441500,地级市,广东省,440000,省,,,Lufeng,Lù Fēng,441581,Lufeng,Lù Fēng,441581,County City,Shanwei,Shàn Wěi,441500,Prefecture City,Guangdong,Guǎng Dōng,440000,Province,2010,885646,2048990,0.4322353940233969,43.22
兴宁区,450102,兴宁区,450102,市辖区,南宁市,450100,地级市,广西壮族自治区,450000,自治区,,,Xingning,Xīng Níng,450102,Xingning,Xīng Níng,450102,District,Nanning,Nán Níng,450100,Prefecture City,Guangxi,Guǎng Xī,450000,Autonomous Region,2010,327045,877830,0.37256074638597453,37.26
海丰县,441521,海丰县,441521,县,汕尾市,441500,地级市,广东省,440000,省,,,Haifeng,Hǎi Fēng,441521,Haifeng,HǎiFēng,441521,County,Shanwei,Shàn Wěi,441500,Prefecture City,Guangdong,Guǎng Dōng,440000,Province,2010,520059,2136922,0.24336826519638996,24.34
惠来县,445224,惠来县,445224,县,揭阳市,445200,地级市,广东省,440000,省,,,Huilai,Huì Lái,445224,Huilai,HuìLái,445224,County,Jieyang,Jiē Yáng,445200,Prefecture City,Guangdong,Guǎng Dōng,440000,Province,2010,618320,1510828,0.40925902882392967,40.93
南海区,440605,南海区,440605,市辖区,佛山市,440600,地级市,广东省,440000,省,南海市,2002年撤销南海市，设立南海区,Nanhai,Nán Hǎi,440605,Nanhai,Nán Hǎi,440605,District,Foshan,Fó Shān,440600,Prefecture City,Guangdong,Guǎng Dōng,440000,Province,2010,239321,1299929,0.18410313178642834,18.41
高要市,441283,高要市,441283,县级市,肇庆市,441200,地级市,广东省,440000,省,,,Gaoyao,Gāo Yāo,441283,Gaoyao,Gāo Yāo,441283,County City,Zhaoqing,Zhào Qìng,441200,Prefecture City,Guangdong,Guǎng Dōng,440000,Province,2010,440494,2653458,0.1660075267820331,16.6
隆安县,450123,隆安县,450123,县,南宁市,450100,地级市,广西壮族自治区,450000,自治区,,,Longan,Lóng Ān,450123,Longan,Lóng Ān,450123,County,Nanning,Nán Níng,450100,Prefecture City,Guangxi,Guǎng Xī,450000,Autonomous Region,2010,709933,2800683,0.25348566760322394,25.35
天等县,451425,天等县,451425,县,崇左市,451400,地级市,广西壮族自治区,450000,自治区,,,Tiandeng,Tiān Děng,451425,Tiandeng,TiānDěng,451425,County,Chongzuo,Chóng Zuǒ,451400,Prefecture City,Guangxi,Guǎng Xī,450000,Autonomous Region,2010,446749,2627804,0.1700084937841635,17.0
覃塘区,450804,覃塘区,450804,市辖区,贵港市,450800,地级市,广西壮族自治区,450000,自治区,,2003年新设立覃塘区,Qintang,Qín Táng,450804,Qintang,Qín Táng,450804,District,Guigang,Guì Gǎng,450800,Prefecture City,Guangxi,Guǎng Xī,450000,Autonomous Region,2010,989201,1640898,0.6028412491209082,60.28
惠城区,441302,惠城区,441302,市辖区,惠州市,441300,地级市,广东省,440000,省,,,Huicheng,Huì Chéng,441302,Huicheng,HuìChéng,441302,District,Huizhou,Huì Zhōu,441300,Prefecture City,Guangdong,Guǎng Dōng,440000,Province,2010,524456,1807882,0.2900941543751196,29.01
宾阳县,450126,宾阳县,450126,县,南宁市,450100,地级市,广西壮族自治区,450000,自治区,,,Binyang,Bīn Yáng,450126,Binyang,BīnYáng,450126,County,Nanning,Nán Níng,450100,Prefecture City,Guangxi,Guǎng Xī,450000,Autonomous Region,2010,1447519,2790766,0.5186816092785995,51.87
潮南区,440514,潮南区,440514,市辖区,汕头市,440500,地级市,广东省,440000,省,,,Chaonan,Cháo Nán,440514,Chaonan,Cháo Nán,440514,District,Shantou,Shàn Tóu,440500,Prefecture City,Guangdong,Guǎng Dōng,440000,Province,2010,220161,728475,0.3022217646453207,30.22
鼎湖区,441203,鼎湖区,441203,市辖区,肇庆市,441200,地级市,广东省,440000,省,,,Dinghu,Dǐng Hú,441203,Dinghu,DǐngHú,441203,District,Zhaoqing,Zhào Qìng,441200,Prefecture City,Guangdong,Guǎng Dōng,440000,Province,2010,108893,671692,0.1621174585970951,16.21
港北区,450802,港北区,450802,市辖区,贵港市,450800,地级市,广西壮族自治区,450000,自治区,,,Gangbei,Gǎng Běi,450802,Gangbei,GǎngBěi,450802,District,Guigang,Guì Gǎng,450800,Prefecture City,Guangxi,Guǎng Xī,450000,Autonomous Region,2010,632725,1332157,0.47496278591787605,47.5
萝岗区,440116,萝岗区,440116,市辖区,广州市,440100,地级市,广东省,440000,省,,2005年新设立萝岗区,Luogang,Luó Gǎng,440116,Luogang,Luó Gǎng,440116,District,Guangzhou,Guǎng Zhōu,440100,Prefecture City,Guangdong,Guǎng Dōng,440000,Province,2010,75335,480507,0.15678231534608236,15.68
红河县,532529,红河县,532529,县,红河哈尼族彝族自治州,532500,自治州,云南省,530000,省,,,Honghe,Hóng Hé,532529,Honghe,Hóng Hé,532529,County,Honghehanizuyizu,Hóng Hé Hā Ní Zú Yí Zú,532500,Autonomous Prefecture,Yunnan,Yún Nán,530000,Province,2010,464539,2464448,0.18849616628145532,18.85
武鸣县,450122,武鸣区,450122,县,南宁市,450100,地级市,广西壮族自治区,450000,自治区,,,Wuming,Wǔ Míng,450122,Wuming,WǔMíng,450122,County,Nanning,Nán Níng,450100,Prefecture City,Guangxi,Guǎng Xī,450000,Autonomous Region,2010,1887805,4115784,0.4586744591066975,45.87
普宁市,445281,普宁市,445281,县级市,揭阳市,445200,地级市,广东省,440000,省,,,Puning,Pǔ Níng,445281,Puning,Pǔ Níng,445281,County City,Jieyang,Jiē Yáng,445200,Prefecture City,Guangdong,Guǎng Dōng,440000,Province,2010,407227,1967193,0.20700917500214774,20.7
濠江区,440512,濠江区,440512,市辖区,汕头市,440500,地级市,广东省,440000,省,河浦区,2003年撤销河浦区，设立濠江区,Haojiang,Háo Jiāng,440512,Haojiang,HáoJiāng,440512,District,Shantou,Shàn Tóu,440500,Prefecture City,Guangdong,Guǎng Dōng,440000,Province,2010,61789,206075,0.2998374378260342,29.98
三水区,440607,三水区,440607,市辖区,佛山市,440600,地级市,广东省,440000,省,三水市,2002年撤销三水市，设立三水区,Sanshui,Sān Shuǐ,440607,Sanshui,SānShuǐ,440607,District,Foshan,Fó Shān,440600,Prefecture City,Guangdong,Guǎng Dōng,440000,Province,2010,321170,1004853,0.3196188895291152,31.96
白云区,440111,白云区,440111,市辖区,广州市,440100,地级市,广东省,440000,省,,,Baiyun,Bái Yún,440111,Baiyun,BáiYún,440111,District,Guangzhou,Guǎng Zhōu,440100,Prefecture City,Guangdong,Guǎng Dōng,440000,Province,2010,175924,810285,0.21711373158826833,21.71
桂平市,450881,桂平市,450881,县级市,贵港市,450800,地级市,广西壮族自治区,450000,自治区,,,Guiping,Guì Píng,450881,Guiping,GuìPíng,450881,County City,Guigang,Guì Gǎng,450800,Prefecture City,Guangxi,Guǎng Xī,450000,Autonomous Region,2010,2011991,4950135,0.4064517432352855,40.65
蒙自县,532522,蒙自县,532522,县,红河哈尼族彝族自治州,532500,自治州,云南省,530000,省,,,Mengzi,Méng Zì,532522,Mengzi,Méng Zì,532522,County,Honghehanizuyizu,Hóng Hé Hā Ní Zú Yí Zú,532500,Autonomous Prefecture,Yunnan,Yún Nán,530000,Province,2010,693509,2641253,0.2625681826012124,26.26
潮阳区,440513,潮阳区,440513,市辖区,汕头市,440500,地级市,广东省,440000,省,潮阳市,2003年撤销潮阳市，设立潮阳区,Chaoyang,Cháo Yáng,440513,Chaoyang,CháoYáng,440513,District,Shantou,Shàn Tóu,440500,Prefecture City,Guangdong,Guǎng Dōng,440000,Province,2010,304968,808847,0.377040404427537,37.7
增城市,440183,增城市,440183,县级市,广州市,440100,地级市,广东省,440000,省,,,Zengcheng,Zēng Chéng,440183,Zengcheng,ZēngChéng,440183,County City,Guangzhou,Guǎng Zhōu,440100,Prefecture City,Guangdong,Guǎng Dōng,440000,Province,2010,396798,1962264,0.20221438093956776,20.22
博罗县,441322,博罗县,441322,县,惠州市,441300,地级市,广东省,440000,省,,,Boluo,Bó Luó,441322,Boluo,BóLuó,441322,County,Huizhou,Huì Zhōu,441300,Prefecture City,Guangdong,Guǎng Dōng,440000,Province,2010,815227,3475379,0.23457211429314614,23.46
金平区,440511,金平区,440511,市辖区,汕头市,440500,地级市,广东省,440000,省,升平区,2003年撤销升平区，设立金平区,Jinping,Jīn Píng,440511,Jinping,JīnPíng,440511,District,Shantou,Shàn Tóu,440500,Prefecture City,Guangdong,Guǎng Dōng,440000,Province,2010,29111,181928,0.16001385163361329,16.0
龙湖区,440507,龙湖区,440507,市辖区,汕头市,440500,地级市,广东省,440000,省,,,Longhu,Lóng Hú,440507,Longhu,LóngHú,440507,District,Shantou,Shàn Tóu,440500,Prefecture City,Guangdong,Guǎng Dōng,440000,Province,2010,45691,145242,0.3145853127883119,31.46
文山县,532621,文山县,532621,县,文山壮族苗族自治州,532600,自治州,云南省,530000,省,,,Wenshan,Wén Shān,532621,Wenshan,WénShān,532621,County,Wenshanzhuangzumiaozu,Wén Shān Zhuàng Zú Miáo Zú,532600,Autonomous Prefecture,Yunnan,Yún Nán,530000,Province,2010,1417746,3608918,0.39284516855190393,39.28
四会市,441284,四会市,441284,县级市,肇庆市,441200,地级市,广东省,440000,省,,,Sihui,Sì Huì,441284,Sihui,Sì Huì,441284,County City,Zhaoqing,Zhào Qìng,441200,Prefecture City,Guangdong,Guǎng Dōng,440000,Province,2010,281167,1537259,0.18290151496917564,18.29
花都区,440114,花都区,440114,市辖区,广州市,440100,地级市,广东省,440000,省,花都市,2000年花都市更名为花都区,Huadu,Huā Dū,440114,Huadu,Huā Dū,440114,District,Guangzhou,Guǎng Zhōu,440100,Prefecture City,Guangdong,Guǎng Dōng,440000,Province,2010,298070,1175938,0.2534742477919754,25.35
双江拉祜族佤族布朗族傣族自治县,530925,双江拉祜族佤族布朗族傣族自治县,530925,自治县,临沧市,530900,地级市,云南省,530000,省,,,Shuangjianglahuzuwazubulangzudaizu,Shuāng Jiāng Lā Hù Zú Wǎ Zú Bù Lǎng Zú Dǎi Zú,530925,Shuangjianglahuzuwazubulangzudaizu,ShuāngJiāng Lā HùZúWǎZúBùLǎngZúDǎiZú,530925,Autonomous County,Lincang,Lín Cāng,530900,Prefecture City,Yunnan,Yún Nán,530000,Province,2010,431240,2629403,0.16400681067147183,16.4
上林县,450125,上林县,450125,县,南宁市,450100,地级市,广西壮族自治区,450000,自治区,,,Shanglin,Shàng Lín,450125,Shanglin,Shàng Lín,450125,County,Nanning,Nán Níng,450100,Prefecture City,Guangxi,Guǎng Xī,450000,Autonomous Region,2010,807639,2276010,0.354848616658099,35.48
榕城区,445202,榕城区,445202,市辖区,揭阳市,445200,地级市,广东省,440000,省,,,Rongcheng,Róng Chéng,445202,Rongcheng,RóngChéng,445202,District,Jieyang,Jiē Yáng,445200,Prefecture City,Guangdong,Guǎng Dōng,440000,Province,2010,65737,223866,0.2936444122823475,29.36
澄海区,440515,澄海区,440515,市辖区,汕头市,440500,地级市,广东省,440000,省,澄海市,2003年撤销澄海市，设立澄海区,Chenghai,Chéng Hǎi,440515,Chenghai,Chéng Hǎi,440515,District,Shantou,Shàn Tóu,440500,Prefecture City,Guangdong,Guǎng Dōng,440000,Province,2010,185604,419766,0.44216063235231057,44.22
平南县,450821,平南县,450821,县,贵港市,450800,地级市,广西壮族自治区,450000,自治区,,,Pingnan,Píng Nán,450821,Pingnan,Píng Nán,450821,County,Guigang,Guì Gǎng,450800,Prefecture City,Guangxi,Guǎng Xī,450000,Autonomous Region,2010,993866,3637044,0.2732620226755574,27.33
平果县,451023,平果市,451023,县,百色市,451000,地级市,广西壮族自治区,450000,自治区,平果县,,Pingguo,Píng Guǒ,451023,Pingguo,PíngGuǒ,451023,County,Baise,Bǎi Sè,451000,Prefecture City,Guangxi,Guǎng Xī,450000,Autonomous Region,2010,468400,2990307,0.15663943534894578,15.66
元江哈尼族彝族傣族自治县,530428,元江哈尼族彝族傣族自治县,530428,自治县,玉溪市,530400,地级市,云南省,530000,省,,,Yuanjianghanizuandyizudaizu,Yuán Jiāng Hā Ní Zú Yí Zú and Dǎi Zú,530428,Yuanjianghanizuandyizudaizu,YuánJiāng Hā NíZúYíZúandDǎiZú,530428,Autonomous County,Yuxi,Yù Xī,530400,Prefecture City,Yunnan,Yún Nán,530000,Province,2010,763676,3310685,0.23067008791232027,23.07
揭东县,445221,揭东县,445221,县,揭阳市,445200,地级市,广东省,440000,省,,,Jiedong,Jiē Dōng,445221,Jiedong,JiēDōng,445221,County,Jieyang,Jiē Yáng,445200,Prefecture City,Guangdong,Guǎng Dōng,440000,Province,2010,347316,1049587,0.33090729972836935,33.09
武宣县,451323,武宣县,451323,县,来宾市,451300,地级市,广西壮族自治区,450000,自治区,,,Wuxuan,Wǔ Xuān,451323,Wuxuan,WǔXuān,451323,County,Laibin,Lái Bīn,451300,Prefecture City,Guangxi,Guǎng Xī,450000,Autonomous Region,2010,880601,2073561,0.4246805374908189,42.47
田东县,451022,田东县,451022,县,百色市,451000,地级市,广西壮族自治区,450000,自治区,,,Tiandong,Tián Dōng,451022,Tiandong,TiánDōng,451022,County,Baise,Bǎi Sè,451000,Prefecture City,Guangxi,Guǎng Xī,450000,Autonomous Region,2010,668374,3423109,0.19525349616386742,19.53
兴宾区,451302,兴宾区,451302,市辖区,来宾市,451300,地级市,广西壮族自治区,450000,自治区,,,Xingbin,Xīng Bīn,451302,Xingbin,Xīng Bīn,451302,District,Laibin,Lái Bīn,451300,Prefecture City,Guangxi,Guǎng Xī,450000,Autonomous Region,2010,3149837,5367417,0.5868441002441211,58.68
马山县,450124,马山县,450124,县,南宁市,450100,地级市,广西壮族自治区,450000,自治区,,,Mashan,Mǎ Shān,450124,Mashan,MǎShān,450124,County,Nanning,Nán Níng,450100,Prefecture City,Guangxi,Guǎng Xī,450000,Autonomous Region,2010,549704,2852717,0.19269489402559034,19.27
清城区,441802,清城区,441802,市辖区,清远市,441800,地级市,广东省,440000,省,,,Qingcheng,Qīng Chéng,441802,Qingcheng,QīngChéng,441802,District,Qingyuan,Qīng Yuǎn,441800,Prefecture City,Guangdong,Guǎng Dōng,440000,Province,2010,522360,1580935,0.3304120662772347,33.04
建水县,532524,建水县,532524,县,红河哈尼族彝族自治州,532500,自治州,云南省,530000,省,,,Jianshui,Jiàn Shuǐ,532524,Jianshui,JiànShuǐ,532524,County,Honghehanizuyizu,Hóng Hé Hā Ní Zú Yí Zú,532500,Autonomous Prefecture,Yunnan,Yún Nán,530000,Province,2010,846281,4608807,0.183622573043306,18.36
砚山县,532622,砚山县,532622,县,文山壮族苗族自治州,532600,自治州,云南省,530000,省,,,Yanshan,Yàn Shān,532622,Yanshan,YànShān,532622,County,Wenshanzhuangzumiaozu,Wén Shān Zhuàng Zú Miáo Zú,532600,Autonomous Prefecture,Yunnan,Yún Nán,530000,Province,2010,1915842,4714438,0.40637760004479856,40.64
东山县,350626,东山县,350626,县,漳州市,350600,地级市,福建省,350000,省,,,Dongshan,Dōng Shān,350626,Dongshan,DōngShān,350626,County,Zhangzhou,Zhāng Zhōu,350600,Prefecture City,Fujian,Fú Jiàn,350000,Province,2010,83379,262694,0.31739971221268853,31.74
源城区,441602,源城区,441602,市辖区,河源市,441600,地级市,广东省,440000,省,,,Yuancheng,Yuán Chéng,441602,Yuancheng,YuánChéng,441602,District,Heyuan,Hé Yuán,441600,Prefecture City,Guangdong,Guǎng Dōng,440000,Province,2010,76680,440518,0.1740678019967402,17.41
潮安县,445121,潮安县,445121,县,潮州市,445100,地级市,广东省,440000,省,,,Chaoan,Cháo Ān,445121,Chaoan,CháoĀn,445121,County,Chaozhou,Cháo Zhōu,445100,Prefecture City,Guangdong,Guǎng Dōng,440000,Province,2010,265752,1542109,0.1723302308721368,17.23
开远市,532502,开远市,532502,县级市,红河哈尼族彝族自治州,532500,自治州,云南省,530000,省,,,Kaiyuan,Kāi Yuǎn,532502,Kaiyuan,KāiYuǎn,532502,County City,Honghehanizuyizu,Hóng Hé Hā Ní Zú Yí Zú,532500,Autonomous Prefecture,Yunnan,Yún Nán,530000,Province,2010,709623,2365201,0.30002650937489034,30.0
田阳县,451021,田阳县,451021,县,百色市,451000,地级市,广西壮族自治区,450000,自治区,,,Tianyang,Tián Yáng,451021,Tianyang,TiánYáng,451021,County,Baise,Bǎi Sè,451000,Prefecture City,Guangxi,Guǎng Xī,450000,Autonomous Region,2010,517754,2892502,0.17899866620662666,17.9
台湾省,710000,不统计,0,不统计,不统计,0,不统计,台湾省,710000,省,,,Taiwansheng,Tái Wān Shěng,710000,NULL,NULL,0,NULL,NULL,NULL,0,NULL,Taiwan,Tái Wān,710000,Province,2010,7241119,44013538,0.16452026646892146,16.45
合山市,451381,合山市,451381,县级市,来宾市,451300,地级市,广西壮族自治区,450000,自治区,,,Heshan,Hé Shān,451381,Heshan,Hé Shān,451381,County City,Laibin,Lái Bīn,451300,Prefecture City,Guangxi,Guǎng Xī,450000,Autonomous Region,2010,189039,445641,0.4241957091021697,42.42
佛冈县,441821,佛冈县,441821,县,清远市,441800,地级市,广东省,440000,省,,,Fogang,Fó Gāng,441821,Fogang,Fó Gāng,441821,County,Qingyuan,Qīng Yuǎn,441800,Prefecture City,Guangdong,Guǎng Dōng,440000,Province,2010,240263,1579527,0.15211072681885146,15.21
清新县,441827,清新县,441827,县,清远市,441800,地级市,广东省,440000,省,,,Qingxin,Qīng Xīn,441827,Qingxin,QīngXīn,441827,County,Qingyuan,Qīng Yuǎn,441800,Prefecture City,Guangdong,Guǎng Dōng,440000,Province,2010,491666,2871216,0.1712396420192699,17.12
忻城县,451321,忻城县,451321,县,来宾市,451300,地级市,广西壮族自治区,450000,自治区,,,Xincheng,Xīn Chéng,451321,Xincheng,XīnChéng,451321,County,Laibin,Lái Bīn,451300,Prefecture City,Guangxi,Guǎng Xī,450000,Autonomous Region,2010,505885,3082249,0.16412853082278556,16.41
象州县,451322,象州县,451322,县,来宾市,451300,地级市,广西壮族自治区,450000,自治区,,,Xiangzhou,Xiàng Zhōu,451322,Xiangzhou,XiàngZhōu,451322,County,Laibin,Lái Bīn,451300,Prefecture City,Guangxi,Guǎng Xī,450000,Autonomous Region,2010,989895,2345934,0.42196199893091624,42.2
瑞丽市,533102,瑞丽市,533102,县级市,德宏傣族景颇族自治州,533100,自治州,云南省,530000,省,,,Ruili,Ruì Lì,533102,Ruili,Ruì Lì,533102,County City,Dehongdaizujingpozu,Dé Hóng Dǎi Zú Jǐng Pō Zú,533100,Autonomous Prefecture,Yunnan,Yún Nán,530000,Province,2010,220067,1145990,0.19203221668600948,19.2
永德县,530923,永德县,530923,县,临沧市,530900,地级市,云南省,530000,省,,,Yongde,Yǒng Dé,530923,Yongde,YǒngDé,530923,County,Lincang,Lín Cāng,530900,Prefecture City,Yunnan,Yún Nán,530000,Province,2010,727329,3937359,0.18472509110802443,18.47
通海县,530423,通海县,530423,县,玉溪市,530400,地级市,云南省,530000,省,,,Tonghai,Tōng Hǎi,530423,Tonghai,Tōng Hǎi,530423,County,Yuxi,Yù Xī,530400,Prefecture City,Yunnan,Yún Nán,530000,Province,2010,221490,904454,0.2448880761210631,24.49
丘北县,532626,丘北县,532626,县,文山壮族苗族自治州,532600,自治州,云南省,530000,省,,,Qiubei,Qiū Běi,532626,Qiubei,QiūBěi,532626,County,Wenshanzhuangzumiaozu,Wén Shān Zhuàng Zú Miáo Zú,532600,Autonomous Prefecture,Yunnan,Yún Nán,530000,Province,2010,1482519,6180513,0.2398698942951823,23.99
漳浦县,350623,漳浦县,350623,县,漳州市,350600,地级市,福建省,350000,省,,,Zhangpu,Zhāng Pǔ,350623,Zhangpu,ZhāngPǔ,350623,County,Zhangzhou,Zhāng Zhōu,350600,Prefecture City,Fujian,Fú Jiàn,350000,Province,2010,380384,2447438,0.15542130178578578,15.54
柳江县,450221,柳江县,450221,县,柳州市,450200,地级市,广西壮族自治区,450000,自治区,,,Liujiang,Liǔ Jiāng,450221,Liujiang,LiǔJiāng,450221,County,Liuzhou,Liǔ Zhōu,450200,Prefecture City,Guangxi,Guǎng Xī,450000,Autonomous Region,2010,775576,2167503,0.3578200353125232,35.78
弥勒县,532526,弥勒县,532526,县,红河哈尼族彝族自治州,532500,自治州,云南省,530000,省,,,Mile,Mí Lè,532526,Mile,Mí Lè,532526,County,Honghehanizuyizu,Hóng Hé Hā Ní Zú Yí Zú,532500,Autonomous Prefecture,Yunnan,Yún Nán,530000,Province,2010,1346326,4787417,0.2812217945501718,28.12
英德市,441881,英德市,441881,县级市,清远市,441800,地级市,广东省,440000,省,,,Yingde,Yīng Dé,441881,Yingde,YīngDé,441881,County City,Qingyuan,Qīng Yuǎn,441800,Prefecture City,Guangdong,Guǎng Dōng,440000,Province,2010,1382255,6896047,0.2004416443217397,20.04
华宁县,530424,华宁县,530424,县,玉溪市,530400,地级市,云南省,530000,省,,,Huaning,Huá Níng,530424,Huaning,Huá Níng,530424,County,Yuxi,Yù Xī,530400,Prefecture City,Yunnan,Yún Nán,530000,Province,2010,418022,1528344,0.27351303109771097,27.35
鱼峰区,450203,鱼峰区,450203,市辖区,柳州市,450200,地级市,广西壮族自治区,450000,自治区,,,Yufeng,Yú Fēng,450203,Yufeng,YúFēng,450203,District,Liuzhou,Liǔ Zhōu,450200,Prefecture City,Guangxi,Guǎng Xī,450000,Autonomous Region,2010,312357,1057408,0.2953987486381794,29.54
八步区,451102,八步区,451102,市辖区,贺州市,451100,地级市,广西壮族自治区,450000,自治区,,,Babu,Bā Bù,451102,Babu,BāBù,451102,District,Hezhou,Hè Zhōu,451100,Prefecture City,Guangxi,Guǎng Xī,450000,Autonomous Region,2010,1130825,6753580,0.1674408239778014,16.74
云县,530922,云县,530922,县,临沧市,530900,地级市,云南省,530000,省,,,Yunxian,Yún Xiàn,530922,Yunxian,YúnXiàn,530922,County,Lincang,Lín Cāng,530900,Prefecture City,Yunnan,Yún Nán,530000,Province,2010,1173165,4480944,0.2618120199672212,26.18
江川县,530421,江川县,530421,县,玉溪市,530400,地级市,云南省,530000,省,,,Jiangchuan,Jiāng Chuān,530421,Jiangchuan,JiāngChuān,530421,County,Yuxi,Yù Xī,530400,Prefecture City,Yunnan,Yún Nán,530000,Province,2010,272153,991608,0.2744562367387113,27.45
城中区,450202,城中区,450202,市辖区,柳州市,450200,地级市,广西壮族自治区,450000,自治区,,,Chengzhong,Chéng Zhōng,450202,Chengzhong,Chéng Zhōng,450202,District,Liuzhou,Liǔ Zhōu,450200,Prefecture City,Guangxi,Guǎng Xī,450000,Autonomous Region,2010,15968,95756,0.16675717448514976,16.68
红塔区,530402,红塔区,530402,市辖区,玉溪市,530400,地级市,云南省,530000,省,,,Hongta,Hóng Tǎ,530402,Hongta,Hóng Tǎ,530402,District,Yuxi,Yù Xī,530400,Prefecture City,Yunnan,Yún Nán,530000,Province,2010,195931,1161882,0.168632442881463,16.86
陇川县,533124,陇川县,533124,县,德宏傣族景颇族自治州,533100,自治州,云南省,530000,省,,,Longchuan,Lǒng Chuān,533124,Longchuan,LǒngChuān,533124,County,Dehongdaizujingpozu,Dé Hóng Dǎi Zú Jǐng Pō Zú,533100,Autonomous Prefecture,Yunnan,Yún Nán,530000,Province,2010,448322,2286947,0.1960351507927381,19.6
柳南区,450204,柳南区,450204,市辖区,柳州市,450200,地级市,广西壮族自治区,450000,自治区,,,Liunan,Liǔ Nán,450204,Liunan,Liǔ Nán,450204,District,Liuzhou,Liǔ Zhōu,450200,Prefecture City,Guangxi,Guǎng Xī,450000,Autonomous Region,2010,201032,662711,0.30334791485277895,30.33
龙海市,350681,龙海市,350681,县级市,漳州市,350600,地级市,福建省,350000,省,,,Longhai,Lóng Hǎi,350681,Longhai,LóngHǎi,350681,County City,Zhangzhou,Zhāng Zhōu,350600,Prefecture City,Fujian,Fú Jiàn,350000,Province,2010,233331,1543783,0.15114235614720462,15.11
翁源县,440229,翁源县,440229,县,韶关市,440200,地级市,广东省,440000,省,,,Wengyuan,Wēng Yuán,440229,Wengyuan,WēngYuán,440229,County,Shaoguan,Sháo Guān,440200,Prefecture City,Guangdong,Guǎng Dōng,440000,Province,2010,474998,2665741,0.17818610285095213,17.82
金门县,350527,金门县,350527,县,泉州市,350500,地级市,福建省,350000,省,,,Jinmen,Jīn Mén,350527,Jinmen,JīnMén,350527,County,Quanzhou,Quán Zhōu,350500,Prefecture City,Fujian,Fú Jiàn,350000,Province,2010,62889,174379,0.36064549056939194,36.06
柳北区,450205,柳北区,450205,市辖区,柳州市,450200,地级市,广西壮族自治区,450000,自治区,,,Liubei,Liǔ Běi,450205,Liubei,LiǔBěi,450205,District,Liuzhou,Liǔ Zhōu,450200,Prefecture City,Guangxi,Guǎng Xī,450000,Autonomous Region,2010,152816,370411,0.4125579423937194,41.26
宜州市,451281,宜州市,451281,县级市,河池市,451200,地级市,广西壮族自治区,450000,自治区,,,Yizhou,Yí Zhōu,451281,Yizhou,YíZhōu,451281,County City,Hechi,Hé Chí,451200,Prefecture City,Guangxi,Guǎng Xī,450000,Autonomous Region,2010,991569,4725635,0.20982767395281268,20.98
钟山县,451122,钟山县,451122,县,贺州市,451100,地级市,广西壮族自治区,450000,自治区,,,Zhongshan,Zhōng Shān,451122,Zhongshan,ZhōngShān,451122,County,Hezhou,Hè Zhōu,451100,Prefecture City,Guangxi,Guǎng Xī,450000,Autonomous Region,2010,526708,1804853,0.29182875281255594,29.18
泸西县,532527,泸西县,532527,县,红河哈尼族彝族自治州,532500,自治州,云南省,530000,省,,,Luxi,Lú Xī,532527,Luxi,LúXī,532527,County,Honghehanizuyizu,Hóng Hé Hā Ní Zú Yí Zú,532500,Autonomous Prefecture,Yunnan,Yún Nán,530000,Province,2010,745812,2018169,0.3695488336209703,36.95
荔浦县,450331,荔浦县,450331,县,桂林市,450300,地级市,广西壮族自治区,450000,自治区,,,Lipu,Lì Pǔ,450331,Lipu,LìPǔ,450331,County,Guilin,Guì Lín,450300,Prefecture City,Guangxi,Guǎng Xī,450000,Autonomous Region,2010,478755,2152275,0.2224413701780674,22.24
龙文区,350603,龙文区,350603,市辖区,漳州市,350600,地级市,福建省,350000,省,,,Longwen,Lóng Wén,350603,Longwen,LóngWén,350603,District,Zhangzhou,Zhāng Zhōu,350600,Prefecture City,Fujian,Fú Jiàn,350000,Province,2010,31969,155729,0.20528610599181912,20.53
鹿寨县,450223,鹿寨县,450223,县,柳州市,450200,地级市,广西壮族自治区,450000,自治区,,,Luzhai,Lù Zhài,450223,Luzhai,LùZhài,450223,County,Liuzhou,Liǔ Zhōu,450200,Prefecture City,Guangxi,Guǎng Xī,450000,Autonomous Region,2010,709684,3648627,0.19450713926087812,19.45
平乐县,450330,平乐县,450330,县,桂林市,450300,地级市,广西壮族自治区,450000,自治区,,,Pingle,Píng Lè,450330,Pingle,Píng Lè,450330,County,Guilin,Guì Lín,450300,Prefecture City,Guangxi,Guǎng Xī,450000,Autonomous Region,2010,615216,2322334,0.2649127989341757,26.49
芗城区,350602,芗城区,350602,市辖区,漳州市,350600,地级市,福建省,350000,省,,,Xiangcheng,Xiāng Chéng,350602,Xiangcheng,XiāngChéng,350602,District,Zhangzhou,Zhāng Zhōu,350600,Prefecture City,Fujian,Fú Jiàn,350000,Province,2010,91482,307865,0.2971497247170026,29.71
凤庆县,530921,凤庆县,530921,县,临沧市,530900,地级市,云南省,530000,省,,,Fengqing,Fèng Qìng,530921,Fengqing,FèngQìng,530921,County,Lincang,Lín Cāng,530900,Prefecture City,Yunnan,Yún Nán,530000,Province,2010,700960,4080036,0.17180240566504806,17.18
晋宁县,530122,晋宁县,530122,县,昆明市,530100,地级市,云南省,530000,省,,,Jinning,Jìn Níng,530122,Jinning,Jìn Níng,530122,County,Kunming,Kūn Míng,530100,Prefecture City,Yunnan,Yún Nán,530000,Province,2010,335226,1637639,0.20470079181064935,20.47
柳城县,450222,柳城县,450222,县,柳州市,450200,地级市,广西壮族自治区,450000,自治区,,,Liucheng,Liǔ Chéng,450222,Liucheng,LiǔChéng,450222,County,Liuzhou,Liǔ Zhōu,450200,Prefecture City,Guangxi,Guǎng Xī,450000,Autonomous Region,2010,1410897,2595933,0.5435028561985228,54.35
集美区,350211,集美区,350211,市辖区,厦门市,350200,地级市,福建省,350000,省,,,Jimei,Jí Měi,350211,Jimei,JíMěi,350211,District,Xiamen,Xià Mén,350200,Prefecture City,Fujian,Fú Jiàn,350000,Province,2010,63568,311247,0.2042365066972533,20.42
施甸县,530521,施甸县,530521,县,保山市,530500,地级市,云南省,530000,省,,,Shidian,Shī Diàn,530521,Shidian,ShīDiàn,530521,County,Baoshan,Bǎo Shān,530500,Prefecture City,Yunnan,Yún Nán,530000,Province,2010,521744,2401593,0.21724913422049447,21.72
翔安区,350213,翔安区,350213,市辖区,厦门市,350200,地级市,福建省,350000,省,,2003年新设立翔安区,Xiangan,Xiáng Ān,350213,Xiangan,XiángĀn,350213,District,Xiamen,Xià Mén,350200,Prefecture City,Fujian,Fú Jiàn,350000,Province,2010,149882,429470,0.34899294479241855,34.9
澄江县,530422,澄江县,530422,县,玉溪市,530400,地级市,云南省,530000,省,,,Chengjiang,Chéng Jiāng,530422,Chengjiang,Chéng Jiāng,530422,County,Yuxi,Yù Xī,530400,Prefecture City,Yunnan,Yún Nán,530000,Province,2010,230060,928771,0.24770368583859745,24.77
师宗县,530323,师宗县,530323,县,曲靖市,530300,地级市,云南省,530000,省,,,Shizong,Shī Zōng,530323,Shizong,ShīZōng,530323,County,Qujing,Qū Jìng,530300,Prefecture City,Yunnan,Yún Nán,530000,Province,2010,1036821,3400060,0.30494197161226566,30.49
易门县,530425,易门县,530425,县,玉溪市,530400,地级市,云南省,530000,省,,,Yimen,Yì Mén,530425,Yimen,YìMén,530425,County,Yuxi,Yù Xī,530400,Prefecture City,Yunnan,Yún Nán,530000,Province,2010,286990,1876587,0.15293189178013064,15.29
晋江市,350582,晋江市,350582,县级市,泉州市,350500,地级市,福建省,350000,省,,,Jinjiang,Jìn Jiāng,350582,Jinjiang,JìnJiāng,350582,County City,Quanzhou,Quán Zhōu,350500,Prefecture City,Fujian,Fú Jiàn,350000,Province,2010,289896,813837,0.35620892144250016,35.62
石狮市,350581,石狮市,350581,县级市,泉州市,350500,地级市,福建省,350000,省,,,Shishi,Shí Shī,350581,Shishi,Shí Shī,350581,County City,Quanzhou,Quán Zhōu,350500,Prefecture City,Fujian,Fú Jiàn,350000,Province,2010,54862,192506,0.2849885198383427,28.5
石林彝族自治县,530126,石林彝族自治县,530126,自治县,昆明市,530100,地级市,云南省,530000,省,,,Shilinyizu,Shí Lín Yí Zú,530126,Shilinyizu,Shí LínYíZú,530126,Autonomous County,Kunming,Kūn Míng,530100,Prefecture City,Yunnan,Yún Nán,530000,Province,2010,844402,2064644,0.40898188743434705,40.9
昌宁县,530524,昌宁县,530524,县,保山市,530500,地级市,云南省,530000,省,,,Changning,Chāng Níng,530524,Changning,Chāng Níng,530524,County,Baoshan,Bǎo Shān,530500,Prefecture City,Yunnan,Yún Nán,530000,Province,2010,709803,4629518,0.15332114487944534,15.33
同安区,350212,同安区,350212,市辖区,厦门市,350200,地级市,福建省,350000,省,,,Tongan,Tóng Ān,350212,Tongan,Tóng Ān,350212,District,Xiamen,Xià Mén,350200,Prefecture City,Fujian,Fú Jiàn,350000,Province,2010,164502,799268,0.20581582147665115,20.58
安宁市,530181,安宁市,530181,县级市,昆明市,530100,地级市,云南省,530000,省,,,Anning,Ān Níng,530181,Anning,Ān Níng,530181,County City,Kunming,Kūn Míng,530100,Prefecture City,Yunnan,Yún Nán,530000,Province,2010,240992,1602960,0.15034186754504167,15.03
阳朔县,450321,阳朔县,450321,县,桂林市,450300,地级市,广西壮族自治区,450000,自治区,,,Yangshuo,Yáng Shuò,450321,Yangshuo,YángShuò,450321,County,Guilin,Guì Lín,450300,Prefecture City,Guangxi,Guǎng Xī,450000,Autonomous Region,2010,468352,1765975,0.265208737383032,26.52
呈贡县,530121,呈贡县,530121,县,昆明市,530100,地级市,云南省,530000,省,,,Chenggong,Chéng Gòng,530121,Chenggong,ChéngGòng,530121,County,Kunming,Kūn Míng,530100,Prefecture City,Yunnan,Yún Nán,530000,Province,2010,141070,626412,0.22520322088338027,22.52
富川瑶族自治县,451123,富川瑶族自治县,451123,自治县,贺州市,451100,地级市,广西壮族自治区,450000,自治区,,,Fuchuanyaozu,Fù Chuān Yáo Zú,451123,Fuchuanyaozu,FùChuānYáoZú,451123,Autonomous County,Hezhou,Hè Zhōu,451100,Prefecture City,Guangxi,Guǎng Xī,450000,Autonomous Region,2010,789247,1896534,0.41615230731429015,41.62
罗城仫佬族自治县,451225,罗城仫佬族自治县,451225,自治县,河池市,451200,地级市,广西壮族自治区,450000,自治区,,,Luochengmulaozu,Luó Chéng Mù Lǎo Zú,451225,Luochengmulaozu,LuóChéngMùLǎoZú,451225,Autonomous County,Hechi,Hé Chí,451200,Prefecture City,Guangxi,Guǎng Xī,450000,Autonomous Region,2010,534078,3262964,0.16367879020424375,16.37
浈江区,440204,浈江区,440204,市辖区,韶关市,440200,地级市,广东省,440000,省,,,Zhenjiang,Zhēn Jiāng,440204,Zhenjiang,ZhēnJiāng,440204,District,Shaoguan,Sháo Guān,440200,Prefecture City,Guangdong,Guǎng Dōng,440000,Province,2010,108146,700654,0.15435007864081274,15.44
册亨县,522327,册亨县,522327,县,黔西南布依族苗族自治州,522300,自治州,贵州省,520000,省,,,Ceheng,Cè Hēng,522327,Ceheng,CèHēng,522327,County,Qianxinanbuyizumiaozu,Qián Xī Nán Bù Yī Zú Miáo Zú,522300,Autonomous Prefecture,Guizhou,Guì Zhōu,520000,Province,2010,638981,3194330,0.20003600128978533,20.0
连州市,441882,连州市,441882,县级市,清远市,441800,地级市,广东省,440000,省,,,Lianzhou,Lián Zhōu,441882,Lianzhou,LiánZhōu,441882,County City,Qingyuan,Qīng Yuǎn,441800,Prefecture City,Guangdong,Guǎng Dōng,440000,Province,2010,655196,3284739,0.1994666851765087,19.95
宜良县,530125,宜良县,530125,县,昆明市,530100,地级市,云南省,530000,省,,,Yiliang,Yí Liáng,530125,Yiliang,YíLiáng,530125,County,Kunming,Kūn Míng,530100,Prefecture City,Yunnan,Yún Nán,530000,Province,2010,882299,2352902,0.3749833184722526,37.5
恭城瑶族自治县,450332,恭城瑶族自治县,450332,自治县,桂林市,450300,地级市,广西壮族自治区,450000,自治区,,,Gongchengyaozu,Gōng Chéng Yáo Zú,450332,Gongchengyaozu,GōngChéngYáoZú,450332,Autonomous County,Guilin,Guì Lín,450300,Prefecture City,Guangxi,Guǎng Xī,450000,Autonomous Region,2010,413050,2635279,0.15673862236218633,15.67
江华瑶族自治县,431129,江华瑶族自治县,431129,自治县,永州市,431100,地级市,湖南省,430000,省,,,Jianghuayaozu,Jiāng Huà Yáo Zú,431129,Jianghuayaozu,Jiāng Huà YáoZú,431129,Autonomous County,Yongzhou,Yǒng Zhōu,431100,Prefecture City,Hunan,Hú Nán,430000,Province,2010,660690,3980265,0.16599146036758858,16.6
罗平县,530324,罗平县,530324,县,曲靖市,530300,地级市,云南省,530000,省,,,Luoping,Luó Píng,530324,Luoping,LuóPíng,530324,County,Qujing,Qū Jìng,530300,Prefecture City,Yunnan,Yún Nán,530000,Province,2010,1466761,3707865,0.3955810149506522,39.56
惠安县,350521,惠安县,350521,县,泉州市,350500,地级市,福建省,350000,省,,,Huian,Huì Ān,350521,Huian,HuìĀn,350521,County,Quanzhou,Quán Zhōu,350500,Prefecture City,Fujian,Fú Jiàn,350000,Province,2010,379261,848300,0.44708357892255096,44.71
兴义市,522301,兴义市,522301,县级市,黔西南布依族苗族自治州,522300,自治州,贵州省,520000,省,,,Xingyi,Xīng Yì,522301,Xingyi,Xīng Yì,522301,County City,Qianxinanbuyizumiaozu,Qián Xī Nán Bù Yī Zú Miáo Zú,522300,Autonomous Prefecture,Guizhou,Guì Zhōu,520000,Province,2010,673735,3574674,0.18847452942562035,18.85
南安市,350583,南安市,350583,县级市,泉州市,350500,地级市,福建省,350000,省,,,Nanan,Nán Ān,350583,Nanan,Nán Ān,350583,County City,Quanzhou,Quán Zhōu,350500,Prefecture City,Fujian,Fú Jiàn,350000,Province,2010,492644,2468487,0.19957326086789196,19.96
陆良县,530322,陆良县,530322,县,曲靖市,530300,地级市,云南省,530000,省,,,Luliang,Lù Liáng,530322,Luliang,Lù Liáng,530322,County,Qujing,Qū Jìng,530300,Prefecture City,Yunnan,Yún Nán,530000,Province,2010,1308998,2452051,0.5338379992912056,53.38
官渡区,530111,官渡区,530111,市辖区,昆明市,530100,地级市,云南省,530000,省,,,Guandu,Guān Dù,530111,Guandu,GuānDù,530111,District,Kunming,Kūn Míng,530100,Prefecture City,Yunnan,Yún Nán,530000,Province,2010,140168,780726,0.17953545802240478,17.95
南华县,532324,南华县,532324,县,楚雄彝族自治州,532300,自治州,云南省,530000,省,,,Nanhua,Nán Huá,532324,Nanhua,Nán Huá,532324,County,Chuxiongyizu,Chǔ Xióng Yí Zú,532300,Autonomous Prefecture,Yunnan,Yún Nán,530000,Province,2010,429084,2791445,0.15371393668870423,15.37
雁山区,450311,雁山区,450311,市辖区,桂林市,450300,地级市,广西壮族自治区,450000,自治区,,,Yanshan,Yàn Shān,450311,Yanshan,YànShān,450311,District,Guilin,Guì Lín,450300,Prefecture City,Guangxi,Guǎng Xī,450000,Autonomous Region,2010,169755,373920,0.4539874839537869,45.4
安龙县,522328,安龙县,522328,县,黔西南布依族苗族自治州,522300,自治州,贵州省,520000,省,,,Anlong,Ān Lóng,522328,Anlong,ĀnLóng,522328,County,Qianxinanbuyizumiaozu,Qián Xī Nán Bù Yī Zú Miáo Zú,522300,Autonomous Prefecture,Guizhou,Guì Zhōu,520000,Province,2010,431183,2753435,0.1565982127778575,15.66
洛江区,350504,洛江区,350504,市辖区,泉州市,350500,地级市,福建省,350000,省,,,Luojiang,Luò Jiāng,350504,Luojiang,LuòJiāng,350504,District,Quanzhou,Quán Zhōu,350500,Prefecture City,Fujian,Fú Jiàn,350000,Province,2010,68741,456936,0.15043901115254651,15.04
泉港区,350505,泉港区,350505,市辖区,泉州市,350500,地级市,福建省,350000,省,泉港区,2000年新设立泉港区,Quangang,Quán Gǎng,350505,Quangang,QuánGǎng,350505,District,Quanzhou,Quán Zhōu,350500,Prefecture City,Fujian,Fú Jiàn,350000,Province,2010,110892,361878,0.30643476530764513,30.64
禄丰县,532331,禄丰县,532331,县,楚雄彝族自治州,532300,自治州,云南省,530000,省,,,Lufeng,Lù Fēng,532331,Lufeng,LùFēng,532331,County,Chuxiongyizu,Chǔ Xióng Yí Zú,532300,Autonomous Prefecture,Yunnan,Yún Nán,530000,Province,2010,678695,4371355,0.15525963917366584,15.53
南雄市,440282,南雄市,440282,县级市,韶关市,440200,地级市,广东省,440000,省,,,Nanxiong,Nán Xióng,440282,Nanxiong,Nán Xióng,440282,County City,Shaoguan,Sháo Guān,440200,Prefecture City,Guangdong,Guǎng Dōng,440000,Province,2010,635216,2868863,0.2214173350208776,22.14
弥渡县,532925,弥渡县,532925,县,大理白族自治州,532900,自治州,云南省,530000,省,,,Midu,Mí Dù,532925,Midu,MíDù,532925,County,Dalibaizu,Dà Lǐ Bái Zú,532900,Autonomous Prefecture,Yunnan,Yún Nán,530000,Province,2010,334391,1885308,0.17736677508396506,17.74
江永县,431125,江永县,431125,县,永州市,431100,地级市,湖南省,430000,省,,,Jiangyong,Jiāng Yǒng,431125,Jiangyong,JiāngYǒng,431125,County,Yongzhou,Yǒng Zhōu,431100,Prefecture City,Hunan,Hú Nán,430000,Province,2010,556510,2010060,0.27686238221744625,27.69
象山区,450304,象山区,450304,市辖区,桂林市,450300,地级市,广西壮族自治区,450000,自治区,,,Xiangshan,Xiàng Shān,450304,Xiangshan,XiàngShān,450304,District,Guilin,Guì Lín,450300,Prefecture City,Guangxi,Guǎng Xī,450000,Autonomous Region,2010,40996,110567,0.3707797082312082,37.08
望谟县,522326,望谟县,522326,县,黔西南布依族苗族自治州,522300,自治州,贵州省,520000,省,,,Wangmo,Wàng Mó,522326,Wangmo,WàngMó,522326,County,Qianxinanbuyizumiaozu,Qián Xī Nán Bù Yī Zú Miáo Zú,522300,Autonomous Prefecture,Guizhou,Guì Zhōu,520000,Province,2010,832270,3724760,0.22344258422019136,22.34
秀屿区,350305,秀屿区,350305,市辖区,莆田市,350300,地级市,福建省,350000,省,,2002年新设立秀屿区,Xiuyu,Xiù Yǔ,350305,Xiuyu,XiùYǔ,350305,District,Putian,Pú Tián,350300,Prefecture City,Fujian,Fú Jiàn,350000,Province,2010,406082,647771,0.6268912933737386,62.69
巍山彝族回族自治县,532927,巍山彝族回族自治县,532927,自治县,大理白族自治州,532900,自治州,云南省,530000,省,,,Weishanyizuandhuizu,Wēi Shān Yí Zú and Huí Zú,532927,Weishanyizuandhuizu,WēiShānYíZúandHuíZú,532927,Autonomous County,Dalibaizu,Dà Lǐ Bái Zú,532900,Autonomous Prefecture,Yunnan,Yún Nán,530000,Province,2010,490080,2686010,0.18245650611874117,18.25
七星区,450305,七星区,450305,市辖区,桂林市,450300,地级市,广西壮族自治区,450000,自治区,,,Qixing,Qī Xīng,450305,Qixing,QīXīng,450305,District,Guilin,Guì Lín,450300,Prefecture City,Guangxi,Guǎng Xī,450000,Autonomous Region,2010,32354,86758,0.37292238179764403,37.29
宜章县,431022,宜章县,431022,县,郴州市,431000,地级市,湖南省,430000,省,,,Yizhang,Yí Zhāng,431022,Yizhang,YíZhāng,431022,County,Chenzhou,Chēn Zhōu,431000,Prefecture City,Hunan,Hú Nán,430000,Province,2010,613567,2617340,0.23442388073387485,23.44
秀峰区,450302,秀峰区,450302,市辖区,桂林市,450300,地级市,广西壮族自治区,450000,自治区,,,Xiufeng,Xiù Fēng,450302,Xiufeng,XiùFēng,450302,District,Guilin,Guì Lín,450300,Prefecture City,Guangxi,Guǎng Xī,450000,Autonomous Region,2010,15287,52208,0.29280953110634383,29.28
信丰县,360722,信丰县,360722,县,赣州市,360700,地级市,江西省,360000,省,,,Xinfeng,Xìn Fēng,360722,Xinfeng,XìnFēng,360722,County,Ganzhou,Gàn Zhōu,360700,Prefecture City,Jiangxi,Jiāng Xī,360000,Province,2010,721008,3537110,0.20384098882986393,20.38
嵩明县,530127,嵩明县,530127,县,昆明市,530100,地级市,云南省,530000,省,,,Songming,Sōng Míng,530127,Songming,SōngMíng,530127,County,Kunming,Kūn Míng,530100,Prefecture City,Yunnan,Yún Nán,530000,Province,2010,346942,1024334,0.3387000724373105,33.87
临桂县,450322,临桂区,450322,县,桂林市,450300,地级市,广西壮族自治区,450000,自治区,,,Lingui,Lín Guì,450322,Lingui,LínGuì,450322,County,Guilin,Guì Lín,450300,Prefecture City,Guangxi,Guǎng Xī,450000,Autonomous Region,2010,734266,2773362,0.2647566383328249,26.48
叠彩区,450303,叠彩区,450303,市辖区,桂林市,450300,地级市,广西壮族自治区,450000,自治区,,,Diecai,Dié Cǎi,450303,Diecai,DiéCǎi,450303,District,Guilin,Guì Lín,450300,Prefecture City,Guangxi,Guǎng Xī,450000,Autonomous Region,2010,29022,62367,0.46534224830439175,46.53
临武县,431025,临武县,431025,县,郴州市,431000,地级市,湖南省,430000,省,,,Linwu,Lín Wǔ,431025,Linwu,LínWǔ,431025,County,Chenzhou,Chēn Zhōu,431000,Prefecture City,Hunan,Hú Nán,430000,Province,2010,371956,1704961,0.21816100192321114,21.82
富民县,530124,富民县,530124,县,昆明市,530100,地级市,云南省,530000,省,,,Fumin,Fù Mín,530124,Fumin,FùMín,530124,County,Kunming,Kūn Míng,530100,Prefecture City,Yunnan,Yún Nán,530000,Province,2010,200255,1230279,0.16277202163086585,16.28
麒麟区,530302,麒麟区,530302,市辖区,曲靖市,530300,地级市,云南省,530000,省,,,Qilin,Qí Lín,530302,Qilin,QíLín,530302,District,Qujing,Qū Jìng,530300,Prefecture City,Yunnan,Yún Nán,530000,Province,2010,737657,1906270,0.38696354661196997,38.7
马龙县,530321,马龙县,530321,县,曲靖市,530300,地级市,云南省,530000,省,,,Malong,Mǎ Lóng,530321,Malong,MǎLóng,530321,County,Qujing,Qū Jìng,530300,Prefecture City,Yunnan,Yún Nán,530000,Province,2010,804440,1976119,0.40708074766752406,40.71
灵川县,450323,灵川县,450323,县,桂林市,450300,地级市,广西壮族自治区,450000,自治区,,,Lingchuan,Líng Chuān,450323,Lingchuan,LíngChuān,450323,County,Guilin,Guì Lín,450300,Prefecture City,Guangxi,Guǎng Xī,450000,Autonomous Region,2010,487249,2846615,0.17116786077499066,17.12
荔城区,350304,荔城区,350304,市辖区,莆田市,350300,地级市,福建省,350000,省,,2002年新设立荔城区,Licheng,Lì Chéng,350304,Licheng,LìChéng,350304,District,Putian,Pú Tián,350300,Prefecture City,Fujian,Fú Jiàn,350000,Province,2010,130679,343694,0.38021903204594787,38.02
牟定县,532323,牟定县,532323,县,楚雄彝族自治州,532300,自治州,云南省,530000,省,,,Mouding,Móu Dìng,532323,Mouding,Móu Dìng,532323,County,Chuxiongyizu,Chǔ Xióng Yí Zú,532300,Autonomous Prefecture,Yunnan,Yún Nán,530000,Province,2010,329487,1794161,0.18364405424039426,18.36
罗甸县,522728,罗甸县,522728,县,黔南布依族苗族自治州,522700,自治州,贵州省,520000,省,,,Luodian,Luó Diàn,522728,Luodian,LuóDiàn,522728,County,Qiannanbuyizumiaozu,Qián Nán Bù Yī Zú Miáo Zú,522700,Autonomous Prefecture,Guizhou,Guì Zhōu,520000,Province,2010,911102,3719603,0.24494603321913655,24.49
贞丰县,522325,贞丰县,522325,县,黔西南布依族苗族自治州,522300,自治州,贵州省,520000,省,,,Zhenfeng,Zhēn Fēng,522325,Zhenfeng,ZhēnFēng,522325,County,Qianxinanbuyizumiaozu,Qián Xī Nán Bù Yī Zú Miáo Zú,522300,Autonomous Prefecture,Guizhou,Guì Zhōu,520000,Province,2010,1024701,1864172,0.5496815744469931,54.97
富源县,530325,富源县,530325,县,曲靖市,530300,地级市,云南省,530000,省,,,Fuyuan,Fù Yuán,530325,Fuyuan,FùYuán,530325,County,Qujing,Qū Jìng,530300,Prefecture City,Yunnan,Yún Nán,530000,Province,2010,993660,4026922,0.24675422071746111,24.68
道县,431124,道县,431124,县,永州市,431100,地级市,湖南省,430000,省,,,Daoxian,Dào Xiàn,431124,Daoxian,DàoXiàn,431124,County,Yongzhou,Yǒng Zhōu,431100,Prefecture City,Hunan,Hú Nán,430000,Province,2010,1124899,3023647,0.37203383860616007,37.2
兴仁县,522322,兴仁县,522322,县,黔西南布依族苗族自治州,522300,自治州,贵州省,520000,省,,,Xingren,Xīng Rén,522322,Xingren,Xīng Rén,522322,County,Qianxinanbuyizumiaozu,Qián Xī Nán Bù Yī Zú Miáo Zú,522300,Autonomous Prefecture,Guizhou,Guì Zhōu,520000,Province,2010,889519,2197979,0.4046985890220061,40.47
姚安县,532325,姚安县,532325,县,楚雄彝族自治州,532300,自治州,云南省,530000,省,,,Yaoan,Yáo Ān,532325,Yaoan,YáoĀn,532325,County,Chuxiongyizu,Chǔ Xióng Yí Zú,532300,Autonomous Prefecture,Yunnan,Yún Nán,530000,Province,2010,322148,2100891,0.153338750082703,15.33
祥云县,532923,祥云县,532923,县,大理白族自治州,532900,自治州,云南省,530000,省,,,Xiangyun,Xiáng Yún,532923,Xiangyun,XiángYún,532923,County,Dalibaizu,Dà Lǐ Bái Zú,532900,Autonomous Prefecture,Yunnan,Yún Nán,530000,Province,2010,605738,3004788,0.20159092754630276,20.16
平潭县,350128,平潭县,350128,县,福州市,350100,地级市,福建省,350000,省,,,Pingtan,Píng Tán,350128,Pingtan,PíngTán,350128,County,Fuzhou,Fú Zhōu,350100,Prefecture City,Fujian,Fú Jiàn,350000,Province,2010,143292,374621,0.3824985785634014,38.25
兴安县,450325,兴安县,450325,县,桂林市,450300,地级市,广西壮族自治区,450000,自治区,,,Xingan,Xīng Ān,450325,Xingan,Xīng Ān,450325,County,Guilin,Guì Lín,450300,Prefecture City,Guangxi,Guǎng Xī,450000,Autonomous Region,2010,538011,2884623,0.1865099876136327,18.65
福清市,350181,福清市,350181,县级市,福州市,350100,地级市,福建省,350000,省,,,Fuqing,Fú Qīng,350181,Fuqing,FúQīng,350181,County City,Fuzhou,Fú Zhōu,350100,Prefecture City,Fujian,Fú Jiàn,350000,Province,2010,493840,2014311,0.2451657167140526,24.52
独山县,522726,独山县,522726,县,黔南布依族苗族自治州,522700,自治州,贵州省,520000,省,,,Dushan,Dú Shān,522726,Dushan,DúShān,522726,County,Qiannanbuyizumiaozu,Qián Nán Bù Yī Zú Miáo Zú,522700,Autonomous Prefecture,Guizhou,Guì Zhōu,520000,Province,2010,667292,3066613,0.21759902537424838,21.76
嘉禾县,431024,嘉禾县,431024,县,郴州市,431000,地级市,湖南省,430000,省,,,Jiahe,Jiā Hé,431024,Jiahe,JiāHé,431024,County,Chenzhou,Chēn Zhōu,431000,Prefecture City,Hunan,Hú Nán,430000,Province,2010,433534,864186,0.5016674651058916,50.17
宁远县,431126,宁远县,431126,县,永州市,431100,地级市,湖南省,430000,省,,,Ningyuan,Níng Yuǎn,431126,Ningyuan,Níng Yuǎn,431126,County,Yongzhou,Yǒng Zhōu,431100,Prefecture City,Hunan,Hú Nán,430000,Province,2010,997488,3096235,0.3221615930315367,32.22
寻甸回族彝族自治县,530129,寻甸回族彝族自治县,530129,自治县,昆明市,530100,地级市,云南省,530000,省,,,Xundianhuizuandyizu,Xún Diàn Huí Zú and Yí Zú,530129,Xundianhuizuandyizu,XúnDiànHuíZúandYíZú,530129,Autonomous County,Kunming,Kūn Míng,530100,Prefecture City,Yunnan,Yún Nán,530000,Province,2010,893871,4438180,0.2014048551433245,20.14
紫云苗族布依族自治县,520425,紫云苗族布依族自治县,520425,自治县,安顺市,520400,地级市,贵州省,520000,省,,,Ziyunmiaozuandbuyizu,Zǐ Yún Miáo Zú and Bù Yī Zú,520425,Ziyunmiaozuandbuyizu,ZǐYúnMiáoZúandBùYīZú,520425,Autonomous County,Anshun,Ān Shùn,520400,Prefecture City,Guizhou,Guì Zhōu,520000,Province,2010,709607,2792664,0.25409680505782295,25.41
普安县,522323,普安县,522323,县,黔西南布依族苗族自治州,522300,自治州,贵州省,520000,省,,,Puan,Pǔ Ān,522323,Puan,PǔĀn,522323,County,Qianxinanbuyizumiaozu,Qián Xī Nán Bù Yī Zú Miáo Zú,522300,Autonomous Prefecture,Guizhou,Guì Zhōu,520000,Province,2010,547576,1798662,0.30443518571026684,30.44
盘县,520222,盘县,520222,县,六盘水市,520200,地级市,贵州省,520000,省,,,Panzhou,Pán Xiàn,520222,Panzhou,Pán Xiàn,520222,County,Liupanshui,Liù Pán Shuǐ,520200,Prefecture City,Guizhou,Guì Zhōu,520000,Province,2010,1137536,5003028,0.2273695050277552,22.74
元谋县,532328,元谋县,532328,县,楚雄彝族自治州,532300,自治州,云南省,530000,省,,,Yuanmou,Yuán Móu,532328,Yuanmou,YuánMóu,532328,County,Chuxiongyizu,Chǔ Xióng Yí Zú,532300,Autonomous Prefecture,Yunnan,Yún Nán,530000,Province,2010,453681,2507368,0.18093913617785662,18.09
沾益县,530328,沾益县,530328,县,曲靖市,530300,地级市,云南省,530000,省,,,Zhanyi,Zhān Yì,530328,Zhanyi,ZhānYì,530328,County,Qujing,Qū Jìng,530300,Prefecture City,Yunnan,Yún Nán,530000,Province,2010,900776,3489779,0.25811835076089346,25.81
平塘县,522727,平塘县,522727,县,黔南布依族苗族自治州,522700,自治州,贵州省,520000,省,,,Pingtang,Píng Táng,522727,Pingtang,PíngTáng,522727,County,Qiannanbuyizumiaozu,Qián Nán Bù Yī Zú Miáo Zú,522700,Autonomous Prefecture,Guizhou,Guì Zhōu,520000,Province,2010,699409,3475140,0.2012606686349327,20.13
南康市,360782,南康市,360782,县级市,赣州市,360700,地级市,江西省,360000,省,,,Nankang,Nán Kāng,360782,Nankang,Nán Kāng,360782,County City,Ganzhou,Gàn Zhōu,360700,Prefecture City,Jiangxi,Jiāng Xī,360000,Province,2010,537909,2282226,0.23569488735997224,23.57
章贡区,360702,章贡区,360702,市辖区,赣州市,360700,地级市,江西省,360000,省,,,Zhanggong,Zhāng Gòng,360702,Zhanggong,ZhāngGòng,360702,District,Ganzhou,Gàn Zhōu,360700,Prefecture City,Jiangxi,Jiāng Xī,360000,Province,2010,143371,610533,0.23482923936953448,23.48
晴隆县,522324,晴隆县,522324,县,黔西南布依族苗族自治州,522300,自治州,贵州省,520000,省,,,Qinglong,Qíng Lóng,522324,Qinglong,Qíng Lóng,522324,County,Qianxinanbuyizumiaozu,Qián Xī Nán Bù Yī Zú Miáo Zú,522300,Autonomous Prefecture,Guizhou,Guì Zhōu,520000,Province,2010,645857,1622749,0.3980017858584414,39.8
镇宁布依族苗族自治县,520423,镇宁布依族苗族自治县,520423,自治县,安顺市,520400,地级市,贵州省,520000,省,,,Zhenningbuyizuandmiaozu,Zhèn Níng Bù Yī Zú and Miáo Zú,520423,Zhenningbuyizuandmiaozu,Zhèn Níng BùYīZúandMiáoZú,520423,Autonomous County,Anshun,Ān Shùn,520400,Prefecture City,Guizhou,Guì Zhōu,520000,Province,2010,913905,2128365,0.4293929847559042,42.94
关岭布依族苗族自治县,520424,关岭布依族苗族自治县,520424,自治县,安顺市,520400,地级市,贵州省,520000,省,,,Guanlingbuyizumiaozu,Guān Lǐng Bù Yī Zú Miáo Zú,520424,Guanlingbuyizumiaozu,GuānLǐngBùYīZúMiáoZú,520424,Autonomous County,Anshun,Ān Shùn,520400,Prefecture City,Guizhou,Guì Zhōu,520000,Province,2010,844072,1815593,0.4649015500720701,46.49
宾川县,532924,宾川县,532924,县,大理白族自治州,532900,自治州,云南省,530000,省,,,Binchuan,Bīn Chuān,532924,Binchuan,BīnChuān,532924,County,Dalibaizu,Dà Lǐ Bái Zú,532900,Autonomous Prefecture,Yunnan,Yún Nán,530000,Province,2010,889318,3140429,0.2831836032592999,28.32
新田县,431128,新田县,431128,县,永州市,431100,地级市,湖南省,430000,省,,,Xintian,Xīn Tián,431128,Xintian,XīnTián,431128,County,Yongzhou,Yǒng Zhōu,431100,Prefecture City,Hunan,Hú Nán,430000,Province,2010,596696,1238202,0.4819052141734547,48.19
桂阳县,431021,桂阳县,431021,县,郴州市,431000,地级市,湖南省,430000,省,,,Guiyang,Guì Yáng,431021,Guiyang,GuìYáng,431021,County,Chenzhou,Chēn Zhōu,431000,Prefecture City,Hunan,Hú Nán,430000,Province,2010,1099967,3672478,0.29951629390291784,29.95
长乐市,350182,长乐市,350182,县级市,福州市,350100,地级市,福建省,350000,省,,,Changle,Cháng Lè,350182,Changle,Cháng Lè,350182,County City,Fuzhou,Fú Zhōu,350100,Prefecture City,Fujian,Fú Jiàn,350000,Province,2010,188213,841537,0.22365386192169803,22.37
全州县,450324,全州县,450324,县,桂林市,450300,地级市,广西壮族自治区,450000,自治区,,,Quanzhou,Quán Zhōu,450324,Quanzhou,QuánZhōu,450324,County,Guilin,Guì Lín,450300,Prefecture City,Guangxi,Guǎng Xī,450000,Autonomous Region,2010,1421601,4932094,0.2882347741141998,28.82
于都县,360731,于都县,360731,县,赣州市,360700,地级市,江西省,360000,省,,,Yudu,Yú Dū,360731,Yudu,Yú Dū,360731,County,Ganzhou,Gàn Zhōu,360700,Prefecture City,Jiangxi,Jiāng Xī,360000,Province,2010,560275,3590793,0.15603099371085996,15.6
惠水县,522731,惠水县,522731,县,黔南布依族苗族自治州,522700,自治州,贵州省,520000,省,,,Huishui,Huì Shuǐ,522731,Huishui,HuìShuǐ,522731,County,Qiannanbuyizumiaozu,Qián Nán Bù Yī Zú Miáo Zú,522700,Autonomous Prefecture,Guizhou,Guì Zhōu,520000,Province,2010,893664,3062733,0.2917864534714583,29.18
长顺县,522729,长顺县,522729,县,黔南布依族苗族自治州,522700,自治州,贵州省,520000,省,,,Changshun,Cháng Shùn,522729,Changshun,Cháng Shùn,522729,County,Qiannanbuyizumiaozu,Qián Nán Bù Yī Zú Miáo Zú,522700,Autonomous Prefecture,Guizhou,Guì Zhōu,520000,Province,2010,613176,1925271,0.3184881504993323,31.85
零陵区,431102,零陵区,431102,市辖区,永州市,431100,地级市,湖南省,430000,省,,,Lingling,Líng Líng,431102,Lingling,LíngLíng,431102,District,Yongzhou,Yǒng Zhōu,431100,Prefecture City,Hunan,Hú Nán,430000,Province,2010,1041057,2441771,0.42635324934238306,42.64
东川区,530113,东川区,530113,市辖区,昆明市,530100,地级市,云南省,530000,省,,,Dongchuan,Dōng Chuān,530113,Dongchuan,DōngChuān,530113,District,Kunming,Kūn Míng,530100,Prefecture City,Yunnan,Yún Nán,530000,Province,2010,358325,2323614,0.15421020875240035,15.42
都匀市,522701,都匀市,522701,县级市,黔南布依族苗族自治州,522700,自治州,贵州省,520000,省,,,Duyun,Dū Yún,522701,Duyun,Dū Yún,522701,County City,Qiannanbuyizumiaozu,Qián Nán Bù Yī Zú Miáo Zú,522700,Autonomous Prefecture,Guizhou,Guì Zhōu,520000,Province,2010,544579,2842552,0.19158101593216237,19.16
西秀区,520402,西秀区,520402,市辖区,安顺市,520400,地级市,贵州省,520000,省,,,Xixiu,Xī Xiù,520402,Xixiu,XīXiù,520402,District,Anshun,Ān Shùn,520400,Prefecture City,Guizhou,Guì Zhōu,520000,Province,2010,1295747,2148191,0.6031805365537795,60.32
永兴县,431023,永兴县,431023,县,郴州市,431000,地级市,湖南省,430000,省,,,Yongxing,Yǒng Xīng,431023,Yongxing,Yǒng Xīng,431023,County,Chenzhou,Chēn Zhōu,431000,Prefecture City,Hunan,Hú Nán,430000,Province,2010,481929,2462767,0.19568599059513142,19.57
丹寨县,522636,丹寨县,522636,县,黔东南苗族侗族自治州,522600,自治州,贵州省,520000,省,,,Danzhai,Dān Zhài,522636,Danzhai,DānZhài,522636,County,Qiandongnanmiaozudongzu,Qián Dōng Nán Miáo Zú Dòng Zú,522600,Autonomous Prefecture,Guizhou,Guì Zhōu,520000,Province,2010,204325,1172690,0.17423615789339042,17.42
六枝特区,520203,六枝特区,520203,特区,六盘水市,520200,地级市,贵州省,520000,省,,,Liuzhite,Liù Zhī Tè,520203,Liuzhite,LiùZhīTè,520203,Special District,Liupanshui,Liù Pán Shuǐ,520200,Prefecture City,Guizhou,Guì Zhōu,520000,Province,2010,776876,2235269,0.3475536948796767,34.76
宣威市,530381,宣威市,530381,县级市,曲靖市,530300,地级市,云南省,530000,省,,,Xuanwei,Xuān Wēi,530381,Xuanwei,XuānWēi,530381,County City,Qujing,Qū Jìng,530300,Prefecture City,Yunnan,Yún Nán,530000,Province,2010,1341250,7526613,0.17820100488759022,17.82
连江县,350122,连江县,350122,县,福州市,350100,地级市,福建省,350000,省,,,Lianjiang,Lián Jiāng,350122,Lianjiang,LiánJiāng,350122,County,Fuzhou,Fú Zhōu,350100,Prefecture City,Fujian,Fú Jiàn,350000,Province,2010,218345,1387486,0.157367353616541,15.74
鹤庆县,532932,鹤庆县,532932,县,大理白族自治州,532900,自治州,云南省,530000,省,,,Heqing,Hè Qìng,532932,Heqing,HèQìng,532932,County,Dalibaizu,Dà Lǐ Bái Zú,532900,Autonomous Prefecture,Yunnan,Yún Nán,530000,Province,2010,495591,2941968,0.16845560522752118,16.85
普定县,520422,普定县,520422,县,安顺市,520400,地级市,贵州省,520000,省,,,Puding,Pǔ Dìng,520422,Puding,PǔDìng,520422,County,Anshun,Ān Shùn,520400,Prefecture City,Guizhou,Guì Zhōu,520000,Province,2010,693888,1346301,0.5154033161974922,51.54
常宁市,430482,常宁市,430482,县级市,衡阳市,430400,地级市,湖南省,430000,省,,,Changning,Cháng Níng,430482,Changning,Cháng Níng,430482,County City,Hengyang,Héng Yáng,430400,Prefecture City,Hunan,Hú Nán,430000,Province,2010,1257888,2549455,0.4933948628236231,49.34
花溪区,520111,花溪区,520111,市辖区,贵阳市,520100,地级市,贵州省,520000,省,,,Huaxi,Huā Xī,520111,Huaxi,HuāXī,520111,District,Guiyang,Guì Yáng,520100,Prefecture City,Guizhou,Guì Zhōu,520000,Province,2010,506949,1099938,0.4608887046360795,46.09
平坝县,520421,平坝县,520421,县,安顺市,520400,地级市,贵州省,520000,省,,,Pingba,Píng Bà,520421,Pingba,PíngBà,520421,County,Anshun,Ān Shùn,520400,Prefecture City,Guizhou,Guì Zhōu,520000,Province,2010,714369,1230470,0.5805659625996571,58.06
耒阳市,430481,耒阳市,430481,县级市,衡阳市,430400,地级市,湖南省,430000,省,,,Leiyang,Lěi Yáng,430481,Leiyang,LěiYáng,430481,County City,Hengyang,Héng Yáng,430400,Prefecture City,Hunan,Hú Nán,430000,Province,2010,1353262,3300547,0.4100114314384858,41.0
水城县,520221,水城县,520221,县,六盘水市,520200,地级市,贵州省,520000,省,,,Shuicheng,Shuǐ Chéng,520221,Shuicheng,ShuǐChéng,520221,County,Liupanshui,Liù Pán Shuǐ,520200,Prefecture City,Guizhou,Guì Zhōu,520000,Province,2010,1277420,4493227,0.2842990127140249,28.43
贵定县,522723,贵定县,522723,县,黔南布依族苗族自治州,522700,自治州,贵州省,520000,省,,,Guiding,Guì Dìng,522723,Guiding,GuìDìng,522723,County,Qiannanbuyizumiaozu,Qián Nán Bù Yī Zú Miáo Zú,522700,Autonomous Prefecture,Guizhou,Guì Zhōu,520000,Province,2010,371667,2028580,0.18321535261118616,18.32
万安县,360828,万安县,360828,县,吉安市,360800,地级市,江西省,360000,省,,,Wanan,Wàn Ān,360828,Wanan,Wàn Ān,360828,County,Jian,Jí Ān,360800,Prefecture City,Jiangxi,Jiāng Xī,360000,Province,2010,413700,2537270,0.1630492616079487,16.3
麻江县,522635,麻江县,522635,县,黔东南苗族侗族自治州,522600,自治州,贵州省,520000,省,,,Majiang,Má Jiāng,522635,Majiang,MáJiāng,522635,County,Qiandongnanmiaozudongzu,Qián Dōng Nán Miáo Zú Dòng Zú,522600,Autonomous Prefecture,Guizhou,Guì Zhōu,520000,Province,2010,308844,1194706,0.25851046198813765,25.85
仁和区,510411,仁和区,510411,市辖区,攀枝花市,510400,地级市,四川省,510000,省,,,Renhe,Rén Hé,510411,Renhe,Rén Hé,510411,District,Panzhihua,Pān Zhī Huā,510400,Prefecture City,Sichuan,Sì Chuān,510000,Province,2010,401172,2154307,0.18621858444502107,18.62
祁阳县,431121,祁阳县,431121,县,永州市,431100,地级市,湖南省,430000,省,,,Qiyang,Qí Yáng,431121,Qiyang,QíYáng,431121,County,Yongzhou,Yǒng Zhōu,431100,Prefecture City,Hunan,Hú Nán,430000,Province,2010,1361943,3163101,0.4305720873282263,43.06
小河区,520114,小河区,520114,市辖区,贵阳市,520100,地级市,贵州省,520000,省,,2000年新设立小河区,Xiaohequ,Xiǎo Hé Qū,520114,Xiaohequ,Xiǎo Hé Qū,520114,District,Guiyang,Guì Yáng,520100,Prefecture City,Guizhou,Guì Zhōu,520000,Province,2010,31721,99664,0.318279418847327,31.83
东安县,431122,东安县,431122,县,永州市,431100,地级市,湖南省,430000,省,,,Dongan,Dōng Ān,431122,Dongan,DōngĀn,431122,County,Yongzhou,Yǒng Zhōu,431100,Prefecture City,Hunan,Hú Nán,430000,Province,2010,1033027,2750316,0.37560302161642517,37.56
龙里县,522730,龙里县,522730,县,黔南布依族苗族自治州,522700,自治州,贵州省,520000,省,,,Longli,Lóng Lǐ,522730,Longli,Lóng Lǐ,522730,County,Qiannanbuyizumiaozu,Qián Nán Bù Yī Zú Miáo Zú,522700,Autonomous Prefecture,Guizhou,Guì Zhōu,520000,Province,2010,300272,1894162,0.1585249836075267,15.85
冷水滩区,431103,冷水滩区,431103,市辖区,永州市,431100,地级市,湖南省,430000,省,,,Lengshuitan,Lěng Shuǐ Tān,431103,Lengshuitan,LěngShuǐTān,431103,District,Yongzhou,Yǒng Zhōu,431100,Prefecture City,Hunan,Hú Nán,430000,Province,2010,945269,1520417,0.6217169368666622,62.17
新宁县,430528,新宁县,430528,县,邵阳市,430500,地级市,湖南省,430000,省,,,Xinning,Xīn Níng,430528,Xinning,Xīn Níng,430528,County,Shaoyang,Shào Yáng,430500,Prefecture City,Hunan,Hú Nán,430000,Province,2010,761741,3437156,0.2216195598919572,22.16
南明区,520102,南明区,520102,市辖区,贵阳市,520100,地级市,贵州省,520000,省,,,Nanming,Nán Míng,520102,Nanming,Nán Míng,520102,District,Guiyang,Guì Yáng,520100,Prefecture City,Guizhou,Guì Zhōu,520000,Province,2010,101050,264797,0.381613084740386,38.16
安仁县,431028,安仁县,431028,县,郴州市,431000,地级市,湖南省,430000,省,,,Anren,Ān Rén,431028,Anren,ĀnRén,431028,County,Chenzhou,Chēn Zhōu,431000,Prefecture City,Hunan,Hú Nán,430000,Province,2010,461905,1826794,0.25285007504951296,25.29
宁都县,360730,宁都县,360730,县,赣州市,360700,地级市,江西省,360000,省,,,Ningdu,Níng Dū,360730,Ningdu,Níng Dū,360730,County,Ganzhou,Gàn Zhōu,360700,Prefecture City,Jiangxi,Jiāng Xī,360000,Province,2010,830879,5048953,0.1645646136931756,16.46
云岩区,520103,云岩区,520103,市辖区,贵阳市,520100,地级市,贵州省,520000,省,,,Yunyan,Yún Yán,520103,Yunyan,YúnYán,520103,District,Guiyang,Guì Yáng,520100,Prefecture City,Guizhou,Guì Zhōu,520000,Province,2010,21356,110529,0.193216259986067,19.32
凯里市,522601,凯里市,522601,县级市,黔东南苗族侗族自治州,522600,自治州,贵州省,520000,省,,,Kaili,Kǎi Lǐ,522601,Kaili,Kǎi Lǐ,522601,County City,Qiandongnanmiaozudongzu,Qián Dōng Nán Miáo Zú Dòng Zú,522600,Autonomous Prefecture,Guizhou,Guì Zhōu,520000,Province,2010,644011,1959844,0.32860319494816936,32.86
织金县,522425,织金县,522425,县,毕节地区,522400,地级市,贵州省,520000,省,,,Zhijin,Zhī Jīn,522425,Zhijin,ZhīJīn,522425,County,Bijie,Bì Jié,522400,Prefecture City,Guizhou,Guì Zhōu,520000,Province,2010,910040,3575197,0.25454261681244417,25.45
钟山区,520201,钟山区,520201,市辖区,六盘水市,520200,地级市,贵州省,520000,省,,,Zhongshan,Zhōng Shān,520201,Zhongshan,ZhōngShān,520201,District,Liupanshui,Liù Pán Shuǐ,520200,Prefecture City,Guizhou,Guì Zhōu,520000,Province,2010,171665,586643,0.2926226001162547,29.26
清镇市,520181,清镇市,520181,县级市,贵阳市,520100,地级市,贵州省,520000,省,,,Qingzhen,Qīng Zhèn,520181,Qingzhen,QīngZhèn,520181,County City,Guiyang,Guì Yáng,520100,Prefecture City,Guizhou,Guì Zhōu,520000,Province,2010,818511,1866744,0.43846987053393505,43.85
乌当区,520112,乌当区,520112,市辖区,贵阳市,520100,地级市,贵州省,520000,省,,,Wudang,Wū Dāng,520112,Wudang,Wū Dāng,520112,District,Guiyang,Guì Yáng,520100,Prefecture City,Guizhou,Guì Zhōu,520000,Province,2010,278670,1098751,0.2536243425489488,25.36
白云区,520113,白云区,520113,市辖区,贵阳市,520100,地级市,贵州省,520000,省,,,Baiyun,Bái Yún,520113,Baiyun,BáiYún,520113,District,Guiyang,Guì Yáng,520100,Prefecture City,Guizhou,Guì Zhōu,520000,Province,2010,121503,336637,0.3609318048818163,36.09
泰和县,360826,泰和县,360826,县,吉安市,360800,地级市,江西省,360000,省,,,Taihe,Tài Hé,360826,Taihe,Tài Hé,360826,County,Jian,Jí Ān,360800,Prefecture City,Jiangxi,Jiāng Xī,360000,Province,2010,995823,3322209,0.29974724648569673,29.97
衡南县,430422,衡南县,430422,县,衡阳市,430400,地级市,湖南省,430000,省,,,Hengnan,Héng Nán,430422,Hengnan,Héng Nán,430422,County,Hengyang,Héng Yáng,430400,Prefecture City,Hunan,Hú Nán,430000,Province,2010,1974786,3265310,0.6047774943267255,60.48
福泉市,522702,福泉市,522702,县级市,黔南布依族苗族自治州,522700,自治州,贵州省,520000,省,,,Fuquan,Fú Quán,522702,Fuquan,FúQuán,522702,County City,Qiannanbuyizumiaozu,Qián Nán Bù Yī Zú Miáo Zú,522700,Autonomous Prefecture,Guizhou,Guì Zhōu,520000,Province,2010,649275,2113689,0.3071762212889408,30.72
武冈市,430581,武冈市,430581,县级市,邵阳市,430500,地级市,湖南省,430000,省,,,Wugang,Wǔ Gāng,430581,Wugang,WǔGāng,430581,County City,Shaoyang,Shào Yáng,430500,Prefecture City,Hunan,Hú Nán,430000,Province,2010,1071623,1925120,0.5566525723071809,55.67
茶陵县,430224,茶陵县,430224,县,株洲市,430200,地级市,湖南省,430000,省,,,Chaling,Chá Líng,430224,Chaling,CháLíng,430224,County,Zhuzhou,Zhū Zhōu,430200,Prefecture City,Hunan,Hú Nán,430000,Province,2010,795552,3116620,0.2552611482952686,25.53
祁东县,430426,祁东县,430426,县,衡阳市,430400,地级市,湖南省,430000,省,,,Qidong,Qí Dōng,430426,Qidong,QíDōng,430426,County,Hengyang,Héng Yáng,430400,Prefecture City,Hunan,Hú Nán,430000,Province,2010,1382628,2333298,0.5925638302522866,59.26
纳雍县,522426,纳雍县,522426,县,毕节地区,522400,地级市,贵州省,520000,省,,,Nayong,Nà Yōng,522426,Nayong,NàYōng,522426,County,Bijie,Bì Jié,522400,Prefecture City,Guizhou,Guì Zhōu,520000,Province,2010,1009829,3067745,0.3291763168059927,32.92
雁峰区,430406,雁峰区,430406,市辖区,衡阳市,430400,地级市,湖南省,430000,省,,2001年新设立雁峰区,Yanfeng,Yàn Fēng,430406,Yanfeng,YànFēng,430406,District,Hengyang,Héng Yáng,430400,Prefecture City,Hunan,Hú Nán,430000,Province,2010,49963,103289,0.48372043489626193,48.37
珠晖区,430405,珠晖区,430405,市辖区,衡阳市,430400,地级市,湖南省,430000,省,,2001年新设立珠晖区,Zhuhui,Zhū Huī,430405,Zhuhui,ZhūHuī,430405,District,Hengyang,Héng Yáng,430400,Prefecture City,Hunan,Hú Nán,430000,Province,2010,168169,274223,0.6132563643458061,61.33
蒸湘区,430408,蒸湘区,430408,市辖区,衡阳市,430400,地级市,湖南省,430000,省,,2001年新设立蒸湘区,Zhengxiang,Zhēng Xiāng,430408,Zhengxiang,ZhēngXiāng,430408,District,Hengyang,Héng Yáng,430400,Prefecture City,Hunan,Hú Nán,430000,Province,2010,78657,138821,0.5666073576764322,56.66
青原区,360803,青原区,360803,市辖区,吉安市,360800,地级市,江西省,360000,省,,,Qingyuan,Qīng Yuán,360803,Qingyuan,QīngYuán,360803,District,Jian,Jí Ān,360800,Prefecture City,Jiangxi,Jiāng Xī,360000,Province,2010,288239,1148356,0.25100143161179983,25.1
威宁彝族回族苗族自治县,522427,威宁彝族回族苗族自治县,522427,自治县,毕节地区,522400,地级市,贵州省,520000,省,,,Weiningyizuhuizumiaozu,Wēi Níng Yí Zú Huí Zú Miáo Zú,522427,Weiningyizuhuizumiaozu,Wēi Níng YíZúHuíZúMiáoZú,522427,Autonomous County,Bijie,Bì Jié,522400,Prefecture City,Guizhou,Guì Zhōu,520000,Province,2010,2664197,7877789,0.3381909568788908,33.82
修文县,520123,修文县,520123,县,贵阳市,520100,地级市,贵州省,520000,省,,,Xiuwen,Xiū Wén,520123,Xiuwen,XiūWén,520123,County,Guiyang,Guì Yáng,520100,Prefecture City,Guizhou,Guì Zhōu,520000,Province,2010,490030,1342803,0.3649306711408896,36.49
米易县,510421,米易县,510421,县,攀枝花市,510400,地级市,四川省,510000,省,,,Miyi,Mǐ Yì,510421,Miyi,MǐYì,510421,County,Panzhihua,Pān Zhī Huā,510400,Prefecture City,Sichuan,Sì Chuān,510000,Province,2010,422182,2639690,0.15993620463008915,15.99
黄平县,522622,黄平县,522622,县,黔东南苗族侗族自治州,522600,自治州,贵州省,520000,省,,,Huangping,Huáng Píng,522622,Huangping,HuángPíng,522622,County,Qiandongnanmiaozudongzu,Qián Dōng Nán Miáo Zú Dòng Zú,522600,Autonomous Prefecture,Guizhou,Guì Zhōu,520000,Province,2010,556991,2088039,0.26675315930401683,26.68
石鼓区,430407,石鼓区,430407,市辖区,衡阳市,430400,地级市,湖南省,430000,省,,2001年新设立石鼓区,Shigu,Shí Gǔ,430407,Shigu,Shí Gǔ,430407,District,Hengyang,Héng Yáng,430400,Prefecture City,Hunan,Hú Nán,430000,Province,2010,88648,131100,0.676186117467582,67.62
永新县,360830,永新县,360830,县,吉安市,360800,地级市,江西省,360000,省,,,Yongxin,Yǒng Xīn,360830,Yongxin,YǒngXīn,360830,County,Jian,Jí Ān,360800,Prefecture City,Jiangxi,Jiāng Xī,360000,Province,2010,618764,2729871,0.22666419035917815,22.67
邵阳县,430523,邵阳县,430523,县,邵阳市,430500,地级市,湖南省,430000,省,,,Shaoyang,Shào Yáng,430523,Shaoyang,ShàoYáng,430523,County,Shaoyang,Shào Yáng,430500,Prefecture City,Hunan,Hú Nán,430000,Province,2010,1426812,2502929,0.5700569213109921,57.01
巧家县,530622,巧家县,530622,县,昭通市,530600,地级市,云南省,530000,省,,,Qiaojia,Qiǎo Jiā,530622,Qiaojia,Qiǎo Jiā,530622,County,Zhaotong,Zhāo Tōng,530600,Prefecture City,Yunnan,Yún Nán,530000,Province,2010,727749,4003703,0.18176897736920047,18.18
黔西县,522423,黔西县,522423,县,毕节地区,522400,地级市,贵州省,520000,省,,,Qianxi,Qián Xī,522423,Qianxi,QiánXī,522423,County,Bijie,Bì Jié,522400,Prefecture City,Guizhou,Guì Zhōu,520000,Province,2010,1998162,3200618,0.6243050560860434,62.43
施秉县,522623,施秉县,522623,县,黔东南苗族侗族自治州,522600,自治州,贵州省,520000,省,,,Shibing,Shī Bǐng,522623,Shibing,ShīBǐng,522623,County,Qiandongnanmiaozudongzu,Qián Dōng Nán Miáo Zú Dòng Zú,522600,Autonomous Prefecture,Guizhou,Guì Zhōu,520000,Province,2010,376432,1910287,0.19705520688776085,19.71
开阳县,520121,开阳县,520121,县,贵阳市,520100,地级市,贵州省,520000,省,,,Kaiyang,Kāi Yáng,520121,Kaiyang,KāiYáng,520121,County,Guiyang,Guì Yáng,520100,Prefecture City,Guizhou,Guì Zhōu,520000,Province,2010,794584,2535665,0.31336316114313206,31.34
衡东县,430424,衡东县,430424,县,衡阳市,430400,地级市,湖南省,430000,省,,,Hengdong,Héng Dōng,430424,Hengdong,HéngDōng,430424,County,Hengyang,Héng Yáng,430400,Prefecture City,Hunan,Hú Nán,430000,Province,2010,974315,2415099,0.4034265262003752,40.34
宁南县,513427,宁南县,513427,县,凉山彝族自治州,513400,自治州,四川省,510000,省,,,Ningnan,Níng Nán,513427,Ningnan,Níng Nán,513427,County,Liangshanyizu,Liáng Shān Yí Zú,513400,Autonomous Prefecture,Sichuan,Sì Chuān,510000,Province,2010,607799,2097861,0.28972319901080196,28.97
永丰县,360825,永丰县,360825,县,吉安市,360800,地级市,江西省,360000,省,,,Yongfeng,Yǒng Fēng,360825,Yongfeng,YǒngFēng,360825,County,Jian,Jí Ān,360800,Prefecture City,Jiangxi,Jiāng Xī,360000,Province,2010,665137,3394206,0.1959624725193462,19.6
洞口县,430525,洞口县,430525,县,邵阳市,430500,地级市,湖南省,430000,省,,,Dongkou,Dòng Kǒu,430525,Dongkou,DòngKǒu,430525,County,Shaoyang,Shào Yáng,430500,Prefecture City,Hunan,Hú Nán,430000,Province,2010,984994,2723123,0.36171483990991227,36.17
衡阳县,430421,衡阳县,430421,县,衡阳市,430400,地级市,湖南省,430000,省,,,Hengyang,Héng Yáng,430421,Hengyang,HéngYáng,430421,County,Hengyang,Héng Yáng,430400,Prefecture City,Hunan,Hú Nán,430000,Province,2010,1547685,3208755,0.48233193247848466,48.23
南丰县,361023,南丰县,361023,县,抚州市,361000,地级市,江西省,360000,省,,,Nanfeng,Nán Fēng,361023,Nanfeng,Nán Fēng,361023,County,Fuzhou,Fǔ Zhōu,361000,Prefecture City,Jiangxi,Jiāng Xī,360000,Province,2010,499056,2395957,0.20829088335057766,20.83
镇远县,522625,镇远县,522625,县,黔东南苗族侗族自治州,522600,自治州,贵州省,520000,省,,,Zhenyuan,Zhèn Yuǎn,522625,Zhenyuan,ZhènYuǎn,522625,County,Qiandongnanmiaozudongzu,Qián Dōng Nán Miáo Zú Dòng Zú,522600,Autonomous Prefecture,Guizhou,Guì Zhōu,520000,Province,2010,417343,2368287,0.17622146302369604,17.62
赫章县,522428,赫章县,522428,县,毕节地区,522400,地级市,贵州省,520000,省,,,Hezhang,Hè Zhāng,522428,Hezhang,HèZhāng,522428,County,Bijie,Bì Jié,522400,Prefecture City,Guizhou,Guì Zhōu,520000,Province,2010,1231716,4062182,0.3032153655350745,30.32
吉安县,360821,吉安县,360821,县,吉安市,360800,地级市,江西省,360000,省,,,Jian,Jí Ān,360821,Jian,JíĀn,360821,County,Jian,Jí Ān,360800,Prefecture City,Jiangxi,Jiāng Xī,360000,Province,2010,929145,2661202,0.3491448601045693,34.91
息烽县,520122,息烽县,520122,县,贵阳市,520100,地级市,贵州省,520000,省,,,Xifeng,Xī Fēng,520122,Xifeng,XīFēng,520122,County,Guiyang,Guì Yáng,520100,Prefecture City,Guizhou,Guì Zhōu,520000,Province,2010,611327,1300830,0.4699514925086291,47.0
吉州区,360802,吉州区,360802,市辖区,吉安市,360800,地级市,江西省,360000,省,,,Jizhou,Jí Zhōu,360802,Jizhou,JíZhōu,360802,District,Jian,Jí Ān,360800,Prefecture City,Jiangxi,Jiāng Xī,360000,Province,2010,321096,532791,0.6026678378576215,60.27
大祥区,430503,大祥区,430503,市辖区,邵阳市,430500,地级市,湖南省,430000,省,,,Daxiang,Dà Xiáng,430503,Daxiang,Dà Xiáng,430503,District,Shaoyang,Shào Yáng,430500,Prefecture City,Hunan,Hú Nán,430000,Province,2010,204262,269230,0.7586895962559893,75.87
瓮安县,522725,瓮安县,522725,县,黔南布依族苗族自治州,522700,自治州,贵州省,520000,省,,,Wengan,Wèng Ān,522725,Wengan,WèngĀn,522725,County,Qiannanbuyizumiaozu,Qián Nán Bù Yī Zú Miáo Zú,522700,Autonomous Prefecture,Guizhou,Guì Zhōu,520000,Province,2010,754281,2463119,0.3062300278630468,30.62
攸县,430223,攸县,430223,县,株洲市,430200,地级市,湖南省,430000,省,,,Youxian,Yōu Xiàn,430223,Youxian,YōuXiàn,430223,County,Zhuzhou,Zhū Zhōu,430200,Prefecture City,Hunan,Hú Nán,430000,Province,2010,946824,3320082,0.2851809081823883,28.52
邵东县,430521,邵东县,430521,县,邵阳市,430500,地级市,湖南省,430000,省,,,Shaodong,Shào Dōng,430521,Shaodong,ShàoDōng,430521,County,Shaoyang,Shào Yáng,430500,Prefecture City,Hunan,Hú Nán,430000,Province,2010,1379911,2228141,0.6193104475883707,61.93
吉水县,360822,吉水县,360822,县,吉安市,360800,地级市,江西省,360000,省,,,Jishui,Jí Shuǐ,360822,Jishui,JíShuǐ,360822,County,Jian,Jí Ān,360800,Prefecture City,Jiangxi,Jiāng Xī,360000,Province,2010,905478,3143403,0.28805660616853773,28.81
鲁甸县,530621,鲁甸县,530621,县,昭通市,530600,地级市,云南省,530000,省,,,Ludian,Lǔ Diàn,530621,Ludian,LǔDiàn,530621,County,Zhaotong,Zhāo Tōng,530600,Prefecture City,Yunnan,Yún Nán,530000,Province,2010,667619,1861053,0.35873185771710964,35.87
莲花县,360321,莲花县,360321,县,萍乡市,360300,地级市,江西省,360000,省,,,Lianhua,Lián Huā,360321,Lianhua,LiánHuā,360321,County,Pingxiang,Píng Xiāng,360300,Prefecture City,Jiangxi,Jiāng Xī,360000,Province,2010,283787,1345677,0.21088790252044137,21.09
大方县,522422,大方县,522422,县,毕节地区,522400,地级市,贵州省,520000,省,,,Dafang,Dà Fāng,522422,Dafang,Dà Fāng,522422,County,Bijie,Bì Jié,522400,Prefecture City,Guizhou,Guì Zhōu,520000,Province,2010,1961320,4388784,0.44689371816885953,44.69
双清区,430502,双清区,430502,市辖区,邵阳市,430500,地级市,湖南省,430000,省,,,Shuangqing,Shuāng Qīng,430502,Shuangqing,ShuāngQīng,430502,District,Shaoyang,Shào Yáng,430500,Prefecture City,Hunan,Hú Nán,430000,Province,2010,126851,170071,0.7458708421776787,74.59
北塔区,430511,北塔区,430511,市辖区,邵阳市,430500,地级市,湖南省,430000,省,,,Beita,Běi Tǎ,430511,Beita,BěiTǎ,430511,District,Shaoyang,Shào Yáng,430500,Prefecture City,Hunan,Hú Nán,430000,Province,2010,82326,107020,0.769258082601383,76.93
衡山县,430423,衡山县,430423,县,衡阳市,430400,地级市,湖南省,430000,省,,,Hengshan,Héng Shān,430423,Hengshan,HéngShān,430423,County,Hengyang,Héng Yáng,430400,Prefecture City,Hunan,Hú Nán,430000,Province,2010,452467,1171500,0.3862287665386257,38.62
德昌县,513424,德昌县,513424,县,凉山彝族自治州,513400,自治州,四川省,510000,省,,,Dechang,Dé Chāng,513424,Dechang,DéChāng,513424,County,Liangshanyizu,Liáng Shān Yí Zú,513400,Autonomous Prefecture,Sichuan,Sì Chuān,510000,Province,2010,434531,2885119,0.15061111864016702,15.06
玉屏侗族自治县,522223,玉屏侗族自治县,522223,自治县,铜仁地区,522200,地区,贵州省,520000,省,,,Yupingdongzu,Yù Píng Dòng Zú,522223,Yupingdongzu,Yù Píng Dòng Zú,522223,Autonomous County,Tongren,Tóng Rén,522200,Prefecture,Guizhou,Guì Zhōu,520000,Province,2010,331693,655780,0.5057992009515386,50.58
隆回县,430524,隆回县,430524,县,邵阳市,430500,地级市,湖南省,430000,省,,,Longhui,Lóng Huí,430524,Longhui,Lóng Huí,430524,County,Shaoyang,Shào Yáng,430500,Prefecture City,Hunan,Hú Nán,430000,Province,2010,1126850,3596839,0.3132889740130153,31.33
安福县,360829,安福县,360829,县,吉安市,360800,地级市,江西省,360000,省,,,Anfu,Ān Fú,360829,Anfu,ĀnFú,360829,County,Jian,Jí Ān,360800,Prefecture City,Jiangxi,Jiāng Xī,360000,Province,2010,729468,3508686,0.2079034715560184,20.79
岑巩县,522626,岑巩县,522626,县,黔东南苗族侗族自治州,522600,自治州,贵州省,520000,省,,,Cengong,Cén Gǒng,522626,Cengong,CénGǒng,522626,County,Qiandongnanmiaozudongzu,Qián Dōng Nán Miáo Zú Dòng Zú,522600,Autonomous Prefecture,Guizhou,Guì Zhōu,520000,Province,2010,375401,1871568,0.2005810101476409,20.06
乐安县,361025,乐安县,361025,县,抚州市,361000,地级市,江西省,360000,省,,,Lean,Lè Ān,361025,Lean,Lè Ān,361025,County,Fuzhou,Fǔ Zhōu,361000,Prefecture City,Jiangxi,Jiāng Xī,360000,Province,2010,630523,3027749,0.20824810775265717,20.82
余庆县,520329,余庆县,520329,县,遵义市,520300,地级市,贵州省,520000,省,,,Yuqing,Yú Qìng,520329,Yuqing,YúQìng,520329,County,Zunyi,Zūn Yì,520300,Prefecture City,Guizhou,Guì Zhōu,520000,Province,2010,581139,2043397,0.28439847959060327,28.44
芷江侗族自治县,431228,芷江侗族自治县,431228,自治县,怀化市,431200,地级市,湖南省,430000,省,,,Zhijiangdongzu,Zhǐ Jiāng Dòng Zú,431228,Zhijiangdongzu,ZhǐJiāng Dòng Zú,431228,Autonomous County,Huaihua,Huái Huà,431200,Prefecture City,Hunan,Hú Nán,430000,Province,2010,567371,2628669,0.21583965116947018,21.58
毕节市,522401,毕节市,522401,县级市,毕节地区,522400,地级市,贵州省,520000,省,,,Bijie,Bì Jié,522401,Bijie,Bì Jié,522401,County City,Bijie,Bì Jié,522400,Prefecture City,Guizhou,Guì Zhōu,520000,Province,2010,1871679,4287386,0.4365548145186834,43.66
昭阳区,530602,昭阳区,530602,市辖区,昭通市,530600,地级市,云南省,530000,省,昭通市,2001年撤销昭通市，设立昭阳区,Zhaoyang,Zhāo Yáng,530602,Zhaoyang,ZhāoYáng,530602,District,Zhaotong,Zhāo Tōng,530600,Prefecture City,Yunnan,Yún Nán,530000,Province,2010,1146268,2718819,0.42160511604487094,42.16
新邵县,430522,新邵县,430522,县,邵阳市,430500,地级市,湖南省,430000,省,,,Xinshao,Xīn Shào,430522,Xinshao,XīnShào,430522,County,Shaoyang,Shào Yáng,430500,Prefecture City,Hunan,Hú Nán,430000,Province,2010,756246,2217731,0.3409998778030338,34.1
苍南县,330327,苍南县,330327,县,温州市,330300,地级市,浙江省,330000,省,,,Cangnan,Cāng Nán,330327,Cangnan,Cāng Nán,330327,County,Wenzhou,Wēn Zhōu,330300,Prefecture City,Zhejiang,Zhè Jiāng,330000,Province,2010,263193,1448558,0.18169310445284206,18.17
金沙县,522424,金沙县,522424,县,毕节地区,522400,地级市,贵州省,520000,省,,,Jinsha,Jīn Shā,522424,Jinsha,Jīn Shā,522424,County,Bijie,Bì Jié,522400,Prefecture City,Guizhou,Guì Zhōu,520000,Province,2010,1392683,3167093,0.4397354293037811,43.97
双峰县,431321,双峰县,431321,县,娄底市,431300,地级市,湖南省,430000,省,,,Shuangfeng,Shuāng Fēng,431321,Shuangfeng,ShuāngFēng,431321,County,Loudi,Lóu Dǐ,431300,Prefecture City,Hunan,Hú Nán,430000,Province,2010,989525,2008687,0.492622792899043,49.26
株洲县,430221,株洲县,430221,县,株洲市,430200,地级市,湖南省,430000,省,,,Zhuzhou,Zhū Zhōu,430221,Zhuzhou,Zhū Zhōu,430221,County,Zhuzhou,Zhū Zhōu,430200,Prefecture City,Hunan,Hú Nán,430000,Province,2010,424269,1326036,0.3199528519587703,32.0
石阡县,522224,石阡县,522224,县,铜仁地区,522200,地区,贵州省,520000,省,,,Shiqian,Shí Qiān,522224,Shiqian,Shí Qiān,522224,County,Tongren,Tóng Rén,522200,Prefecture,Guizhou,Guì Zhōu,520000,Province,2010,719493,2725721,0.2639642868804254,26.4
中方县,431221,中方县,431221,县,怀化市,431200,地级市,湖南省,430000,省,,,Zhongfang,Zhōng Fāng,431221,Zhongfang,Zhōng Fāng,431221,County,Huaihua,Huái Huà,431200,Prefecture City,Hunan,Hú Nán,430000,Province,2010,302485,1907703,0.15855979678178417,15.86
湘东区,360313,湘东区,360313,市辖区,萍乡市,360300,地级市,江西省,360000,省,,,Xiangdong,Xiāng Dōng,360313,Xiangdong,XiāngDōng,360313,District,Pingxiang,Píng Xiāng,360300,Prefecture City,Jiangxi,Jiāng Xī,360000,Province,2010,240028,1077315,0.22280205882216436,22.28
南城县,361021,南城县,361021,县,抚州市,361000,地级市,江西省,360000,省,,,Nancheng,Nán Chéng,361021,Nancheng,Nán Chéng,361021,County,Fuzhou,Fǔ Zhōu,361000,Prefecture City,Jiangxi,Jiāng Xī,360000,Province,2010,438283,2153500,0.20352124448572093,20.35
普格县,513428,普格县,513428,县,凉山彝族自治州,513400,自治州,四川省,510000,省,,,Puge,Pǔ Gé,513428,Puge,PǔGé,513428,County,Liangshanyizu,Liáng Shān Yí Zú,513400,Autonomous Prefecture,Sichuan,Sì Chuān,510000,Province,2010,529543,2397096,0.22091021803048355,22.09
万山特区,522230,万山特区,522230,特区,铜仁地区,522200,地区,贵州省,520000,省,,,Wanshan,Wàn Shān,522230,Wanshan,Wàn Shān,522230,Special District,Tongren,Tóng Rén,522200,Prefecture,Guizhou,Guì Zhōu,520000,Province,2010,107956,555090,0.19448377740546577,19.45
镇雄县,530627,镇雄县,530627,县,昭通市,530600,地级市,云南省,530000,省,,,Zhenxiong,Zhèn Xióng,530627,Zhenxiong,ZhènXióng,530627,County,Zhaotong,Zhāo Tōng,530600,Prefecture City,Yunnan,Yún Nán,530000,Province,2010,1352847,4649791,0.2909479157235239,29.09
芦溪县,360323,芦溪县,360323,县,萍乡市,360300,地级市,江西省,360000,省,,,Luxi,Lú Xī,360323,Luxi,LúXī,360323,County,Pingxiang,Píng Xiāng,360300,Prefecture City,Jiangxi,Jiāng Xī,360000,Province,2010,222447,1211223,0.1836548678484474,18.37
峡江县,360823,峡江县,360823,县,吉安市,360800,地级市,江西省,360000,省,,,Xiajiang,Xiá Jiāng,360823,Xiajiang,XiáJiāng,360823,County,Jian,Jí Ān,360800,Prefecture City,Jiangxi,Jiāng Xī,360000,Province,2010,469241,1633917,0.28718778248833937,28.72
布拖县,513429,布拖县,513429,县,凉山彝族自治州,513400,自治州,四川省,510000,省,,,Butuo,Bù Tuō,513429,Butuo,BùTuō,513429,County,Liangshanyizu,Liáng Shān Yí Zú,513400,Autonomous Prefecture,Sichuan,Sì Chuān,510000,Province,2010,464018,2121038,0.2187693006914539,21.88
鹤城区,431202,鹤城区,431202,市辖区,怀化市,431200,地级市,湖南省,430000,省,,,Hecheng,Hè Chéng,431202,Hecheng,HèChéng,431202,District,Huaihua,Huái Huà,431200,Prefecture City,Hunan,Hú Nán,430000,Province,2010,183026,847438,0.21597568199679504,21.6
湘潭县,430321,湘潭县,430321,县,湘潭市,430300,地级市,湖南省,430000,省,,,Xiangtan,Xiāng Tán,430321,Xiangtan,XiāngTán,430321,County,Xiangtan,Xiāng Tán,430300,Prefecture City,Hunan,Hú Nán,430000,Province,2010,1329350,2692197,0.49377887279422716,49.38
遵义县,520321,遵义县,520321,县,遵义市,520300,地级市,贵州省,520000,省,,,Zunyi,Zūn Yì,520321,Zunyi,Zūn Yì,520321,County,Zunyi,Zūn Yì,520300,Prefecture City,Guizhou,Guì Zhōu,520000,Province,2010,2356384,5129833,0.4593490665290663,45.93
彝良县,530628,彝良县,530628,县,昭通市,530600,地级市,云南省,530000,省,,,Yiliang,Yí Liáng,530628,Yiliang,YíLiáng,530628,County,Zhaotong,Zhāo Tōng,530600,Prefecture City,Yunnan,Yún Nán,530000,Province,2010,751482,3521934,0.21337197119537163,21.34
安源区,360302,安源区,360302,市辖区,萍乡市,360300,地级市,江西省,360000,省,,,Anyuan,Ān Yuán,360302,Anyuan,ĀnYuán,360302,District,Pingxiang,Píng Xiāng,360300,Prefecture City,Jiangxi,Jiāng Xī,360000,Province,2010,72978,266566,0.273770848495307,27.38
平阳县,330326,平阳县,330326,县,温州市,330300,地级市,浙江省,330000,省,,,Pingyang,Píng Yáng,330326,Pingyang,PíngYáng,330326,County,Wenzhou,Wēn Zhōu,330300,Prefecture City,Zhejiang,Zhè Jiāng,330000,Province,2010,200245,1199375,0.16695779051589368,16.7
醴陵市,430281,醴陵市,430281,县级市,株洲市,430200,地级市,湖南省,430000,省,,,Liling,Lǐ Líng,430281,Liling,LǐLíng,430281,County City,Zhuzhou,Zhū Zhōu,430200,Prefecture City,Hunan,Hú Nán,430000,Province,2010,871373,2718000,0.320593451066961,32.06
铜仁市,522201,铜仁市,522201,县级市,铜仁地区,522200,地区,贵州省,520000,省,,,Tongren,Tóng Rén,522201,Tongren,Tóng Rén,522201,County City,Tongren,Tóng Rén,522200,Prefecture,Guizhou,Guì Zhōu,520000,Province,2010,456466,1775369,0.2571104936494892,25.71
冷水江市,431381,冷水江市,431381,县级市,娄底市,431300,地级市,湖南省,430000,省,,,Lengshuijiang,Lěng Shuǐ Jiāng,431381,Lengshuijiang,LěngShuǐJiāng,431381,County City,Loudi,Lóu Dǐ,431300,Prefecture City,Hunan,Hú Nán,430000,Province,2010,189172,552104,0.34263834350049993,34.26
红花岗区,520302,红花岗区,520302,市辖区,遵义市,520300,地级市,贵州省,520000,省,,,Honghuagang,Hóng Huā Gǎng,520302,Honghuagang,Hóng Huā Gǎng,520302,District,Zunyi,Zūn Yì,520300,Prefecture City,Guizhou,Guì Zhōu,520000,Province,2010,386621,763042,0.5066837736323819,50.67
金阳县,513430,金阳县,513430,县,凉山彝族自治州,513400,自治州,四川省,510000,省,,,Jinyang,Jīn Yáng,513430,Jinyang,JīnYáng,513430,County,Liangshanyizu,Liáng Shān Yí Zú,513400,Autonomous Prefecture,Sichuan,Sì Chuān,510000,Province,2010,429502,1997981,0.21496801020630327,21.5
天元区,430211,天元区,430211,市辖区,株洲市,430200,地级市,湖南省,430000,省,,,Tianyuan,Tiān Yuán,430211,Tianyuan,TiānYuán,430211,District,Zhuzhou,Zhū Zhōu,430200,Prefecture City,Hunan,Hú Nán,430000,Province,2010,201291,409992,0.49096323830708893,49.1
崇仁县,361024,崇仁县,361024,县,抚州市,361000,地级市,江西省,360000,省,,,Chongren,Chóng Rén,361024,Chongren,ChóngRén,361024,County,Fuzhou,Fǔ Zhōu,361000,Prefecture City,Jiangxi,Jiāng Xī,360000,Province,2010,655399,1915098,0.3422273951515797,34.22
娄星区,431302,娄星区,431302,市辖区,娄底市,431300,地级市,湖南省,430000,省,,,Louxing,Lóu Xīng,431302,Louxing,LóuXīng,431302,District,Loudi,Lóu Dǐ,431300,Prefecture City,Hunan,Hú Nán,430000,Province,2010,395653,783183,0.5051858888663314,50.52
新干县,360824,新干县,360824,县,吉安市,360800,地级市,江西省,360000,省,,,Xingan,Xīn Gàn,360824,Xingan,Xīn Gàn,360824,County,Jian,Jí Ān,360800,Prefecture City,Jiangxi,Jiāng Xī,360000,Province,2010,616049,1567080,0.3931190494422748,39.31
涟源市,431382,涟源市,431382,县级市,娄底市,431300,地级市,湖南省,430000,省,,,Lianyuan,Lián Yuán,431382,Lianyuan,LiánYuán,431382,County City,Loudi,Lóu Dǐ,431300,Prefecture City,Hunan,Hú Nán,430000,Province,2010,984570,2311243,0.4259915551934608,42.6
湄潭县,520328,湄潭县,520328,县,遵义市,520300,地级市,贵州省,520000,省,,,Meitan,Méi Tán,520328,Meitan,MéiTán,520328,County,Zunyi,Zūn Yì,520300,Prefecture City,Guizhou,Guì Zhōu,520000,Province,2010,695198,2353246,0.29542087822522595,29.54
湘乡市,430381,湘乡市,430381,县级市,湘潭市,430300,地级市,湖南省,430000,省,,,Xiangxiang,Xiāng Xiāng,430381,Xiangxiang,XiāngXiāng,430381,County City,Xiangtan,Xiāng Tán,430300,Prefecture City,Hunan,Hú Nán,430000,Province,2010,1046039,2528895,0.4136348088789768,41.36
麻阳苗族自治县,431226,麻阳苗族自治县,431226,自治县,怀化市,431200,地级市,湖南省,430000,省,,,Mayangmiaozu,Má Yáng Miáo Zú,431226,Mayangmiaozu,MáYángMiáoZú,431226,Autonomous County,Huaihua,Huái Huà,431200,Prefecture City,Hunan,Hú Nán,430000,Province,2010,647379,1972815,0.3281498772059215,32.81
芦淞区,430203,芦淞区,430203,市辖区,株洲市,430200,地级市,湖南省,430000,省,,,Lusong,Lú Sōng,430203,Lusong,LúSōng,430203,District,Zhuzhou,Zhū Zhōu,430200,Prefecture City,Hunan,Hú Nán,430000,Province,2010,74193,277515,0.26734771093454407,26.73
上栗县,360322,上栗县,360322,县,萍乡市,360300,地级市,江西省,360000,省,,,Shangli,Shàng Lì,360322,Shangli,Shàng Lì,360322,County,Pingxiang,Píng Xiāng,360300,Prefecture City,Jiangxi,Jiāng Xī,360000,Province,2010,342679,918656,0.37302211056151596,37.3
瑞安市,330381,瑞安市,330381,县级市,温州市,330300,地级市,浙江省,330000,省,,,Ruian,Ruì Ān,330381,Ruian,RuìĀn,330381,County City,Wenzhou,Wēn Zhōu,330300,Prefecture City,Zhejiang,Zhè Jiāng,330000,Province,2010,287431,1577659,0.18218829290740268,18.22
溆浦县,431224,溆浦县,431224,县,怀化市,431200,地级市,湖南省,430000,省,,,Xupu,Xù Pǔ,431224,Xupu,XùPǔ,431224,County,Huaihua,Huái Huà,431200,Prefecture City,Hunan,Hú Nán,430000,Province,2010,915647,4325344,0.21169345143415183,21.17
仁怀市,520382,仁怀市,520382,县级市,遵义市,520300,地级市,贵州省,520000,省,,,Renhuai,Rén Huái,520382,Renhuai,RénHuái,520382,County City,Zunyi,Zūn Yì,520300,Prefecture City,Guizhou,Guì Zhōu,520000,Province,2010,1183092,2256895,0.5242122473575421,52.42
袁州区,360902,袁州区,360902,市辖区,宜春市,360900,地级市,江西省,360000,省,,,Yuanzhou,Yuán Zhōu,360902,Yuanzhou,YuánZhōu,360902,District,Yichun,Yí Chūn,360900,Prefecture City,Jiangxi,Jiāng Xī,360000,Province,2010,727513,3200208,0.22733303585266956,22.73
分宜县,360521,分宜县,360521,县,新余市,360500,地级市,江西省,360000,省,,,Fenyi,Fēn Yí,360521,Fenyi,Fēn Yí,360521,County,Xinyu,Xīn Yú,360500,Prefecture City,Jiangxi,Jiāng Xī,360000,Province,2010,406241,1738883,0.2336218135435219,23.36
思南县,522225,思南县,522225,县,铜仁地区,522200,地区,贵州省,520000,省,,,Sinan,Sī Nán,522225,Sinan,Sī Nán,522225,County,Tongren,Tóng Rén,522200,Prefecture,Guizhou,Guì Zhōu,520000,Province,2010,1301312,2793262,0.46587538154315633,46.59
渝水区,360502,渝水区,360502,市辖区,新余市,360500,地级市,江西省,360000,省,,,Yushui,Yú Shuǐ,360502,Yushui,YúShuǐ,360502,District,Xinyu,Xīn Yú,360500,Prefecture City,Jiangxi,Jiāng Xī,360000,Province,2010,1110722,2245992,0.4945351541768626,49.45
西昌市,513401,西昌市,513401,县级市,凉山彝族自治州,513400,自治州,四川省,510000,省,,,Xichang,Xī Chāng,513401,Xichang,XīChāng,513401,County City,Liangshanyizu,Liáng Shān Yí Zú,513400,Autonomous Prefecture,Sichuan,Sì Chuān,510000,Province,2010,959439,3352740,0.28616564362282787,28.62
汇川区,520303,汇川区,520303,市辖区,遵义市,520300,地级市,贵州省,520000,省,,2003年新设立汇川区,Huichuan,Huì Chuān,520303,Huichuan,HuìChuān,520303,District,Zunyi,Zūn Yì,520300,Prefecture City,Guizhou,Guì Zhōu,520000,Province,2010,309937,909354,0.34083206320090964,34.08
新化县,431322,新化县,431322,县,娄底市,431300,地级市,湖南省,430000,省,,,Xinhua,Xīn Huà,431322,Xinhua,Xīn Huà,431322,County,Loudi,Lóu Dǐ,431300,Prefecture City,Hunan,Hú Nán,430000,Province,2010,1261249,4562613,0.27643129057844706,27.64
威信县,530629,威信县,530629,县,昭通市,530600,地级市,云南省,530000,省,,,Weixin,Wēi Xìn,530629,Weixin,WēiXìn,530629,County,Zhaotong,Zhāo Tōng,530600,Prefecture City,Yunnan,Yún Nán,530000,Province,2010,517176,1758185,0.29415334563768886,29.42
龙湾区,330303,龙湾区,330303,市辖区,温州市,330300,地级市,浙江省,330000,省,,2001年新设立龙湾区,Longwan,Lóng Wān,330303,Longwan,LóngWān,330303,District,Wenzhou,Wēn Zhōu,330300,Prefecture City,Zhejiang,Zhè Jiāng,330000,Province,2010,69667,270209,0.2578263492333712,25.78
岳塘区,430304,岳塘区,430304,市辖区,湘潭市,430300,地级市,湖南省,430000,省,,,Yuetang,Yuè Táng,430304,Yuetang,YuèTáng,430304,District,Xiangtan,Xiāng Tán,430300,Prefecture City,Hunan,Hú Nán,430000,Province,2010,92347,260983,0.35384297061494424,35.38
辰溪县,431223,辰溪县,431223,县,怀化市,431200,地级市,湖南省,430000,省,,,Chenxi,Chén Xī,431223,Chenxi,ChénXī,431223,County,Huaihua,Huái Huà,431200,Prefecture City,Hunan,Hú Nán,430000,Province,2010,718431,2507398,0.28652451665032835,28.65
大关县,530624,大关县,530624,县,昭通市,530600,地级市,云南省,530000,省,,,Daguan,Dà Guān,530624,Daguan,Dà Guān,530624,County,Zhaotong,Zhāo Tōng,530600,Prefecture City,Yunnan,Yún Nán,530000,Province,2010,357422,2172023,0.16455718931153124,16.46
荷塘区,430202,荷塘区,430202,市辖区,株洲市,430200,地级市,湖南省,430000,省,,,Hetang,Hé Táng,430202,Hetang,Hé Táng,430202,District,Zhuzhou,Zhū Zhōu,430200,Prefecture City,Hunan,Hú Nán,430000,Province,2010,74605,189568,0.3935527093180284,39.36
临川区,361002,临川区,361002,市辖区,抚州市,361000,地级市,江西省,360000,省,,,Linchuan,Lín Chuān,361002,Linchuan,LínChuān,361002,District,Fuzhou,Fǔ Zhōu,361000,Prefecture City,Jiangxi,Jiāng Xī,360000,Province,2010,1441073,2685320,0.5366485186123069,53.66
洞头县,330322,洞头县,330322,县,温州市,330300,地级市,浙江省,330000,省,,,Dongtou,Dòng Tóu,330322,Dongtou,Dòng Tóu,330322,County,Wenzhou,Wēn Zhōu,330300,Prefecture City,Zhejiang,Zhè Jiāng,330000,Province,2010,30387,194490,0.1562393953416628,15.62
韶山市,430382,韶山市,430382,县级市,湘潭市,430300,地级市,湖南省,430000,省,,,Shaoshan,Sháo Shān,430382,Shaoshan,SháoShān,430382,County City,Xiangtan,Xiāng Tán,430300,Prefecture City,Hunan,Hú Nán,430000,Province,2010,116127,264262,0.43943889019230914,43.94
凤冈县,520327,凤冈县,520327,县,遵义市,520300,地级市,贵州省,520000,省,,,Fenggang,Fèng Gāng,520327,Fenggang,FèngGāng,520327,County,Zunyi,Zūn Yì,520300,Prefecture City,Guizhou,Guì Zhōu,520000,Province,2010,878152,2377235,0.36940058513356905,36.94
雨湖区,430302,雨湖区,430302,市辖区,湘潭市,430300,地级市,湖南省,430000,省,,,Yuhu,Yǔ Hú,430302,Yuhu,Yǔ Hú,430302,District,Xiangtan,Xiāng Tán,430300,Prefecture City,Hunan,Hú Nán,430000,Province,2010,327403,561421,0.583168424408777,58.32
金溪县,361027,金溪县,361027,县,抚州市,361000,地级市,江西省,360000,省,,,Jinxi,Jīn Xī,361027,Jinxi,JīnXī,361027,County,Fuzhou,Fǔ Zhōu,361000,Prefecture City,Jiangxi,Jiāng Xī,360000,Province,2010,672604,1707424,0.393929100211781,39.39
石峰区,430204,石峰区,430204,市辖区,株洲市,430200,地级市,湖南省,430000,省,,,Shifeng,Shí Fēng,430204,Shifeng,Shí Fēng,430204,District,Zhuzhou,Zhū Zhōu,430200,Prefecture City,Hunan,Hú Nán,430000,Province,2010,88718,208990,0.42450834968180295,42.45
永善县,530625,永善县,530625,县,昭通市,530600,地级市,云南省,530000,省,,,Yongshan,Yǒng Shàn,530625,Yongshan,YǒngShàn,530625,County,Zhaotong,Zhāo Tōng,530600,Prefecture City,Yunnan,Yún Nán,530000,Province,2010,608110,3506078,0.17344451549566212,17.34
古蔺县,510525,古蔺县,510525,县,泸州市,510500,地级市,四川省,510000,省,,,Gulin,Gǔ Lìn,510525,Gulin,GǔLìn,510525,County,Luzhou,Lú Zhōu,510500,Prefecture City,Sichuan,Sì Chuān,510000,Province,2010,1351224,4020937,0.336047045750779,33.6
印江土家族苗族自治县,522226,印江土家族苗族自治县,522226,自治县,铜仁地区,522200,地区,贵州省,520000,省,,,Yinjiangtujiazuandmiaozu,Yìn Jiāng Tǔ Jiā Zú and Miáo Zú,522226,Yinjiangtujiazuandmiaozu,YìnJiāngTǔ Jiā ZúandMiáoZú,522226,Autonomous County,Tongren,Tóng Rén,522200,Prefecture,Guizhou,Guì Zhōu,520000,Province,2010,546491,2484503,0.21995988734970334,22.0
樟树市,360982,樟树市,360982,县级市,宜春市,360900,地级市,江西省,360000,省,,,Zhangshu,Zhāng Shù,360982,Zhangshu,ZhāngShù,360982,County City,Yichun,Yí Chūn,360900,Prefecture City,Jiangxi,Jiāng Xī,360000,Province,2010,1194998,1628048,0.7340066140556052,73.4
凤凰县,433123,凤凰县,433123,县,湘西土家族苗族自治州,433100,自治州,湖南省,430000,省,,,Fenghuang,Fèng Huáng,433123,Fenghuang,FèngHuáng,433123,County,Xiangxitujiazumiaozu,Xiāng Xī Tǔ Jiā Zú Miáo Zú,433100,Autonomous Prefecture,Hunan,Hú Nán,430000,Province,2010,586495,2192406,0.2675120392846945,26.75
筠连县,511527,筠连县,511527,县,宜宾市,511500,地级市,四川省,510000,省,,,Junlian,Jūn Lián,511527,Junlian,Jūn Lián,511527,County,Yibin,Yí Bīn,511500,Prefecture City,Sichuan,Sì Chuān,510000,Province,2010,516409,1584690,0.3258738302128492,32.59
雨花区,430111,雨花区,430111,市辖区,长沙市,430100,地级市,湖南省,430000,省,,,Yuhua,Yǔ Huā,430111,Yuhua,Yǔ Huā,430111,District,Changsha,Cháng Shā,430100,Prefecture City,Hunan,Hú Nán,430000,Province,2010,121502,370549,0.32789725515383933,32.79
天心区,430103,天心区,430103,市辖区,长沙市,430100,地级市,湖南省,430000,省,,,Tianxin,Tiān Xīn,430103,Tianxin,TiānXīn,430103,District,Changsha,Cháng Shā,430100,Prefecture City,Hunan,Hú Nán,430000,Province,2010,56428,172990,0.32619226544886987,32.62
叙永县,510524,叙永县,510524,县,泸州市,510500,地级市,四川省,510000,省,,,Xuyong,Xù Yǒng,510524,Xuyong,XùYǒng,510524,County,Luzhou,Lú Zhōu,510500,Prefecture City,Sichuan,Sì Chuān,510000,Province,2010,1223789,3756814,0.3257518205585903,32.58
丰城市,360981,丰城市,360981,县级市,宜春市,360900,地级市,江西省,360000,省,,,Fengcheng,Fēng Chéng,360981,Fengcheng,FēngChéng,360981,County City,Yichun,Yí Chūn,360900,Prefecture City,Jiangxi,Jiāng Xī,360000,Province,2010,1962057,3586342,0.5470914374591157,54.71
松桃苗族自治县,522229,松桃苗族自治县,522229,自治县,铜仁地区,522200,地区,贵州省,520000,省,,,Songtaomiaozu,Sōng Táo Miáo Zú,522229,Songtaomiaozu,SōngTáoMiáoZú,522229,Autonomous County,Tongren,Tóng Rén,522200,Prefecture,Guizhou,Guì Zhōu,520000,Province,2010,891995,3608196,0.24721356600362066,24.72
宁乡县,430124,宁乡县,430124,县,长沙市,430100,地级市,湖南省,430000,省,,,Ningxiang,Níng Xiāng,430182,Ningxiang,Níng Xiāng,430124,County,Changsha,Cháng Shā,430100,Prefecture City,Hunan,Hú Nán,430000,Province,2010,1634527,3680437,0.44411220732755374,44.41
岳麓区,430104,岳麓区,430104,市辖区,长沙市,430100,地级市,湖南省,430000,省,,,Yuelu,Yuè Lù,430104,Yuelu,YuèLù,430104,District,Changsha,Cháng Shā,430100,Prefecture City,Hunan,Hú Nán,430000,Province,2010,269058,683058,0.3939021283697724,39.39
绥阳县,520323,绥阳县,520323,县,遵义市,520300,地级市,贵州省,520000,省,,,Suiyang,Suí Yáng,520323,Suiyang,SuíYáng,520323,County,Zunyi,Zūn Yì,520300,Prefecture City,Guizhou,Guì Zhōu,520000,Province,2010,875957,3222033,0.27186468915743567,27.19
泸溪县,433122,泸溪县,433122,县,湘西土家族苗族自治州,433100,自治州,湖南省,430000,省,,,Luxi,Lú Xī,433122,Luxi,LúXī,433122,County,Xiangxitujiazumiaozu,Xiāng Xī Tǔ Jiā Zú Miáo Zú,433100,Autonomous Prefecture,Hunan,Hú Nán,430000,Province,2010,468164,1982235,0.23617986767461982,23.62
玉环县,331021,玉环县,331021,县,台州市,331000,地级市,浙江省,330000,省,,,Yuhuan,Yù Huán,331021,Yuhuan,YùHuán,331021,County,Taizhou,Tāi Zhōu,331000,Prefecture City,Zhejiang,Zhè Jiāng,330000,Province,2010,85127,500983,0.16991993740306557,16.99
贵溪市,360681,贵溪市,360681,县级市,鹰潭市,360600,地级市,江西省,360000,省,,,Guixi,Guì Xī,360681,Guixi,GuìXī,360681,County City,Yingtan,Yīng Tán,360600,Prefecture City,Jiangxi,Jiāng Xī,360000,Province,2010,831468,3153674,0.2636505865856775,26.37
喜德县,513432,喜德县,513432,县,凉山彝族自治州,513400,自治州,四川省,510000,省,,,Xide,Xǐ Dé,513432,Xide,XǐDé,513432,County,Liangshanyizu,Liáng Shān Yí Zú,513400,Autonomous Prefecture,Sichuan,Sì Chuān,510000,Province,2010,420515,2789572,0.15074534731492858,15.07
珙县,511526,珙县,511526,县,宜宾市,511500,地级市,四川省,510000,省,,,Gongxian,Gǒng Xiàn,511526,Gongxian,GǒngXiàn,511526,County,Yibin,Yí Bīn,511500,Prefecture City,Sichuan,Sì Chuān,510000,Province,2010,679912,1447714,0.4696452476110613,46.96
上高县,360923,上高县,360923,县,宜春市,360900,地级市,江西省,360000,省,,,Shanggao,Shàng Gāo,360923,Shanggao,Shàng Gāo,360923,County,Yichun,Yí Chūn,360900,Prefecture City,Jiangxi,Jiāng Xī,360000,Province,2010,675555,1703597,0.39654624890745876,39.65
万载县,360922,万载县,360922,县,宜春市,360900,地级市,江西省,360000,省,,,Wanzai,Wàn Zǎi,360922,Wanzai,Wàn Zǎi,360922,County,Yichun,Yí Chūn,360900,Prefecture City,Jiangxi,Jiāng Xī,360000,Province,2010,487073,2171495,0.22430307230732743,22.43
东乡县,361029,东乡县,361029,县,抚州市,361000,地级市,江西省,360000,省,,,Dongxiang,Dōng Xiāng,361029,Dongxiang,DōngXiāng,361029,County,Fuzhou,Fǔ Zhōu,361000,Prefecture City,Jiangxi,Jiāng Xī,360000,Province,2010,747944,1604547,0.46614028757026127,46.61
浏阳市,430181,浏阳市,430181,县级市,长沙市,430100,地级市,湖南省,430000,省,,,Liuyang,Liú Yáng,430181,Liuyang,LiúYáng,430181,County City,Changsha,Cháng Shā,430100,Prefecture City,Hunan,Hú Nán,430000,Province,2010,1187370,6325011,0.1877261557331679,18.77
月湖区,360602,月湖区,360602,市辖区,鹰潭市,360600,地级市,江西省,360000,省,,,Yuehu,Yuè Hú,360602,Yuehu,YuèHú,360602,District,Yingtan,Yīng Tán,360600,Prefecture City,Jiangxi,Jiāng Xī,360000,Province,2010,88026,173547,0.5072170651178067,50.72
乐清市,330382,乐清市,330382,县级市,温州市,330300,地级市,浙江省,330000,省,,,Yueqing,Yuè Qīng,330382,Yueqing,Yuè Qīng,330382,County City,Wenzhou,Wēn Zhōu,330300,Prefecture City,Zhejiang,Zhè Jiāng,330000,Province,2010,283750,1612048,0.17601833196033864,17.6
兴文县,511528,兴文县,511528,县,宜宾市,511500,地级市,四川省,510000,省,,,Xingwen,Xīng Wén,511528,Xingwen,Xīng Wén,511528,County,Yibin,Yí Bīn,511500,Prefecture City,Sichuan,Sì Chuān,510000,Province,2010,886285,1748020,0.5070222308669238,50.7
德江县,522227,德江县,522227,县,铜仁地区,522200,地区,贵州省,520000,省,,,Dejiang,Dé Jiāng,522227,Dejiang,DéJiāng,522227,County,Tongren,Tóng Rén,522200,Prefecture,Guizhou,Guì Zhōu,520000,Province,2010,1108081,2623724,0.4223313885149505,42.23
雷波县,513437,雷波县,513437,县,凉山彝族自治州,513400,自治州,四川省,510000,省,,,Leibo,Léi Bō,513437,Leibo,LéiBō,513437,County,Liangshanyizu,Liáng Shān Yí Zú,513400,Autonomous Prefecture,Sichuan,Sì Chuān,510000,Province,2010,555142,3595538,0.15439747820771188,15.44
开福区,430105,开福区,430105,市辖区,长沙市,430100,地级市,湖南省,430000,省,,,Kaifu,Kāi Fú,430105,Kaifu,KāiFú,430105,District,Changsha,Cháng Shā,430100,Prefecture City,Hunan,Hú Nán,430000,Province,2010,105084,239564,0.4386468751565344,43.86
吉首市,433101,吉首市,433101,县级市,湘西土家族苗族自治州,433100,自治州,湖南省,430000,省,,,Jishou,Jí Shǒu,433101,Jishou,JíShǒu,433101,County City,Xiangxitujiazumiaozu,Xiāng Xī Tǔ Jiā Zú Miáo Zú,433100,Autonomous Prefecture,Hunan,Hú Nán,430000,Province,2010,215768,1366278,0.15792393641703958,15.79
余江县,360622,余江县,360622,县,鹰潭市,360600,地级市,江西省,360000,省,,,Yujiang,Yú Jiāng,360622,Yujiang,YúJiāng,360622,County,Yingtan,Yīng Tán,360600,Prefecture City,Jiangxi,Jiāng Xī,360000,Province,2010,575058,1176073,0.48896454556817476,48.9
习水县,520330,习水县,520330,县,遵义市,520300,地级市,贵州省,520000,省,,,Xishui,Xí Shuǐ,520330,Xishui,XíShuǐ,520330,County,Zunyi,Zūn Yì,520300,Prefecture City,Guizhou,Guì Zhōu,520000,Province,2010,1056040,3894067,0.27119204677269293,27.12
长沙县,430121,长沙县,430121,县,长沙市,430100,地级市,湖南省,430000,省,,,Changsha,Cháng Shā,430121,Changsha,Cháng Shā,430121,County,Changsha,Cháng Shā,430100,Prefecture City,Hunan,Hú Nán,430000,Province,2010,1097753,2226442,0.49305259243223043,49.31
高安市,360983,高安市,360983,县级市,宜春市,360900,地级市,江西省,360000,省,,,Gaoan,Gāo Ān,360983,Gaoan,GāoĀn,360983,County City,Yichun,Yí Chūn,360900,Prefecture City,Jiangxi,Jiāng Xī,360000,Province,2010,1969314,3075514,0.6403202846743666,64.03
广丰县,361122,广丰县,361122,县,上饶市,361100,地级市,江西省,360000,省,,,Guangfeng,Guǎng Fēng,361122,Guangfeng,Guǎng Fēng,361122,County,Shangrao,Shàng Ráo,361100,Prefecture City,Jiangxi,Jiāng Xī,360000,Province,2010,475606,1742630,0.2729242581615145,27.29
望城县,430122,望城县,430122,县,长沙市,430100,地级市,湖南省,430000,省,,,Wangcheng,Wàng Chéng,430122,Wangcheng,WàngChéng,430122,County,Changsha,Cháng Shā,430100,Prefecture City,Hunan,Hú Nán,430000,Province,2010,687399,1204806,0.570547457432981,57.05
温岭市,331081,温岭市,331081,县级市,台州市,331000,地级市,浙江省,330000,省,,,Wenling,Wēn Lǐng,331081,Wenling,WēnLǐng,331081,County City,Taizhou,Tāi Zhōu,331000,Prefecture City,Zhejiang,Zhè Jiāng,330000,Province,2010,459101,1212242,0.37872058549365556,37.87
上饶县,361121,上饶县,361104,县,上饶市,361100,地级市,江西省,360000,省,,,"Shangraoxian
Shangraoxian
Shangraoxian
","Shàng Ráo Xiàn
Shàng Ráo Xiàn
",361104,Guangxin,Guǎng Xìn,361121,County,Shangrao,Shàng Ráo,361100,Prefecture City,Jiangxi,Jiāng Xī,360000,Province,2010,487039,2828726,0.17217609623554914,17.22
桐梓县,520322,桐梓县,520322,县,遵义市,520300,地级市,贵州省,520000,省,,,Tongzi,Tóng Zǐ,520322,Tongzi,TóngZǐ,520322,County,Zunyi,Zūn Yì,520300,Prefecture City,Guizhou,Guì Zhōu,520000,Province,2010,1261040,4066700,0.3100892615634298,31.01
花垣县,433124,花垣县,433124,县,湘西土家族苗族自治州,433100,自治州,湖南省,430000,省,,,Huayuan,Huā Yuán,433124,Huayuan,HuāYuán,433124,County,Xiangxitujiazumiaozu,Xiāng Xī Tǔ Jiā Zú Miáo Zú,433100,Autonomous Prefecture,Hunan,Hú Nán,430000,Province,2010,360657,1406691,0.25638679710042933,25.64
进贤县,360124,进贤县,360124,县,南昌市,360100,地级市,江西省,360000,省,,,Jinxian,Jìn Xián,360124,Jinxian,JìnXián,360124,County,Nanchang,Nán Chāng,360100,Prefecture City,Jiangxi,Jiāng Xī,360000,Province,2010,1534469,2455185,0.6249911921097595,62.5
美姑县,513436,美姑县,513436,县,凉山彝族自治州,513400,自治州,四川省,510000,省,,,Meigu,Měi Gū,513436,Meigu,MěiGū,513436,County,Liangshanyizu,Liáng Shān Yí Zú,513400,Autonomous Prefecture,Sichuan,Sì Chuān,510000,Province,2010,586495,3186336,0.18406564781617507,18.41
弋阳县,361126,弋阳县,361126,县,上饶市,361100,地级市,江西省,360000,省,,,Yiyang,Yì Yáng,361126,Yiyang,YìYáng,361126,County,Shangrao,Shàng Ráo,361100,Prefecture City,Jiangxi,Jiāng Xī,360000,Province,2010,546204,1995819,0.2736741157389523,27.37
宜丰县,360924,宜丰县,360924,县,宜春市,360900,地级市,江西省,360000,省,,,Yifeng,Yí Fēng,360924,Yifeng,YíFēng,360924,County,Yichun,Yí Chūn,360900,Prefecture City,Jiangxi,Jiāng Xī,360000,Province,2010,476492,2457241,0.19391341752803246,19.39
高县,511525,高县,511525,县,宜宾市,511500,地级市,四川省,510000,省,,,Gaoxian,Gāo Xiàn,511525,Gaoxian,GāoXiàn,511525,County,Yibin,Yí Bīn,511500,Prefecture City,Sichuan,Sì Chuān,510000,Province,2010,1119471,1677707,0.6672625196175495,66.73
桃江县,430922,桃江县,430922,县,益阳市,430900,地级市,湖南省,430000,省,,,Taojiang,Táo Jiāng,430922,Taojiang,TáoJiāng,430922,County,Yiyang,Yì Yáng,430900,Prefecture City,Hunan,Hú Nán,430000,Province,2010,614813,2624030,0.23430105600926818,23.43
赫山区,430903,赫山区,430903,市辖区,益阳市,430900,地级市,湖南省,430000,省,,,Heshan,Hè Shān,430903,Heshan,HèShān,430903,District,Yiyang,Yì Yáng,430900,Prefecture City,Hunan,Hú Nán,430000,Province,2010,946549,1622292,0.5834640126438397,58.35
信州区,361102,信州区,361102,市辖区,上饶市,361100,地级市,江西省,360000,省,,,Xinzhou,Xìn Zhōu,361102,Xinzhou,XìnZhōu,361102,District,Shangrao,Shàng Ráo,361100,Prefecture City,Jiangxi,Jiāng Xī,360000,Province,2010,146447,401074,0.3651371068680593,36.51
秀山土家族苗族自治县,500241,秀山土家族苗族自治县,500241,自治县,不统计,0,不统计,重庆市,500000,直辖市,,,Xiushantujiazuandmiaozu,Xiù Shān Tǔ Jiā Zú and Miáo Zú,500241,Xiushantujiazuandmiaozu,XiùShānTǔ Jiā ZúandMiáoZú,500241,Autonomous County,NULL,NULL,0,NULL,Chongqing,Chóng Qìng,500000,Municipality,2010,685512,3112296,0.22025925554638762,22.03
正安县,520324,正安县,520324,县,遵义市,520300,地级市,贵州省,520000,省,,,Zhengan,Zhèng Ān,520324,Zhengan,Zhèng Ān,520324,County,Zunyi,Zūn Yì,520300,Prefecture City,Guizhou,Guì Zhōu,520000,Province,2010,1131181,3284608,0.34438843234870037,34.44
水富县,530630,水富县,530630,县,昭通市,530600,地级市,云南省,530000,省,,,Shuifu,Shuǐ Fù,530630,Shuifu,ShuǐFù,530630,County,Zhaotong,Zhāo Tōng,530600,Prefecture City,Yunnan,Yún Nán,530000,Province,2010,140703,556325,0.2529151125690918,25.29
长宁县,511524,长宁县,511524,县,宜宾市,511500,地级市,四川省,510000,省,,,Changning,Cháng Níng,511524,Changning,Cháng Níng,511524,County,Yibin,Yí Bīn,511500,Prefecture City,Sichuan,Sì Chuān,510000,Province,2010,936494,1258810,0.7439518275196416,74.4
横峰县,361125,横峰县,361125,县,上饶市,361100,地级市,江西省,360000,省,,,Hengfeng,Héng Fēng,361125,Hengfeng,Héng Fēng,361125,County,Shangrao,Shàng Ráo,361100,Prefecture City,Jiangxi,Jiāng Xī,360000,Province,2010,195936,830506,0.2359236417316672,23.59
绥江县,530626,绥江县,530626,县,昭通市,530600,地级市,云南省,530000,省,,,Suijiang,Suí Jiāng,530626,Suijiang,SuíJiāng,530626,County,Zhaotong,Zhāo Tōng,530600,Prefecture City,Yunnan,Yún Nán,530000,Province,2010,159174,950445,0.16747313100705458,16.75
路桥区,331004,路桥区,331004,市辖区,台州市,331000,地级市,浙江省,330000,省,,,Luqiao,Lù Qiáo,331004,Luqiao,LùQiáo,331004,District,Taizhou,Tāi Zhōu,331000,Prefecture City,Zhejiang,Zhè Jiāng,330000,Province,2010,169451,348862,0.48572501447563793,48.57
江山市,330881,江山市,330881,县级市,衢州市,330800,地级市,浙江省,330000,省,,,Jiangshan,Jiāng Shān,330881,Jiangshan,JiāngShān,330881,County City,Quzhou,Qú Zhōu,330800,Prefecture City,Zhejiang,Zhè Jiāng,330000,Province,2010,459639,2562973,0.17933821386335322,17.93
越西县,513434,越西县,513434,县,凉山彝族自治州,513400,自治州,四川省,510000,省,,,Yuexi,Yuè Xī,513434,Yuexi,YuèXī,513434,County,Liangshanyizu,Liáng Shān Yí Zú,513400,Autonomous Prefecture,Sichuan,Sì Chuān,510000,Province,2010,440159,2865107,0.1536274212446516,15.36
南昌县,360121,南昌县,360121,县,南昌市,360100,地级市,江西省,360000,省,,,Nanchang,Nán Chāng,360121,Nanchang,Nán Chāng,360121,County,Nanchang,Nán Chāng,360100,Prefecture City,Jiangxi,Jiāng Xī,360000,Province,2010,1629869,2305509,0.7069454077169076,70.69
沿河土家族自治县,522228,沿河土家族自治县,522228,自治县,铜仁地区,522200,地区,贵州省,520000,省,,,Yanhetujiazu,Yán Hé Tǔ Jiā Zú,522228,Yanhetujiazu,YánHéTǔ Jiā Zú,522228,Autonomous County,Tongren,Tóng Rén,522200,Prefecture,Guizhou,Guì Zhōu,520000,Province,2010,1263108,3155553,0.4002810283966075,40.03
纳溪区,510503,纳溪区,510503,市辖区,泸州市,510500,地级市,四川省,510000,省,,,Naxi,Nà Xī,510503,Naxi,NàXī,510503,District,Luzhou,Lú Zhōu,510500,Prefecture City,Sichuan,Sì Chuān,510000,Province,2010,1035800,1463869,0.7075769758086277,70.76
椒江区,331002,椒江区,331002,市辖区,台州市,331000,地级市,浙江省,330000,省,,,Jiaojiang,Jiāo Jiāng,331002,Jiaojiang,JiāoJiāng,331002,District,Taizhou,Tāi Zhōu,331000,Prefecture City,Zhejiang,Zhè Jiāng,330000,Province,2010,171013,383807,0.44557029965581657,44.56
江安县,511523,江安县,511523,县,宜宾市,511500,地级市,四川省,510000,省,,,Jiangan,Jiāng Ān,511523,Jiangan,JiāngĀn,511523,County,Yibin,Yí Bīn,511500,Prefecture City,Sichuan,Sì Chuān,510000,Province,2010,916745,1137708,0.80578232727554,80.58
务川仡佬族苗族自治县,520326,务川仡佬族苗族自治县,520326,自治县,遵义市,520300,地级市,贵州省,520000,省,,,Wuchuangelaozumiaozu,Wù Chuān Gē Lǎo Zú Miáo Zú,520326,Wuchuangelaozumiaozu,WùChuān Gē LǎoZúMiáoZú,520326,Autonomous County,Zunyi,Zūn Yì,520300,Prefecture City,Guizhou,Guì Zhōu,520000,Province,2010,1127453,3526435,0.3197146693473721,31.97
余干县,361127,余干县,361127,县,上饶市,361100,地级市,江西省,360000,省,,,Yugan,Yú Gān,361127,Yugan,Yú Gān,361127,County,Shangrao,Shàng Ráo,361100,Prefecture City,Jiangxi,Jiāng Xī,360000,Province,2010,1646414,2995025,0.5497162794968322,54.97
资阳区,430902,资阳区,430902,市辖区,益阳市,430900,地级市,湖南省,430000,省,,,Ziyang,Zī Yáng,430902,Ziyang,ZīYáng,430902,District,Yiyang,Yì Yáng,430900,Prefecture City,Hunan,Hú Nán,430000,Province,2010,547873,729338,0.7511921770153207,75.12
万年县,361129,万年县,361129,县,上饶市,361100,地级市,江西省,360000,省,,,Wannian,Wàn Nián,361129,Wannian,Wàn Nián,361129,County,Shangrao,Shàng Ráo,361100,Prefecture City,Jiangxi,Jiāng Xī,360000,Province,2010,502007,1464368,0.3428147842618795,34.28
青山湖区,360111,青山湖区,360111,市辖区,南昌市,360100,地级市,江西省,360000,省,郊区,2002年郊区更名为青山湖区,Qingshanhu,Qīng Shān Hú,360111,Qingshanhu,QīngShānHú,360111,District,Nanchang,Nán Chāng,360100,Prefecture City,Jiangxi,Jiāng Xī,360000,Province,2010,112700,304672,0.36990599726919443,36.99
湘阴县,430624,湘阴县,430624,县,岳阳市,430600,地级市,湖南省,430000,省,,,Xiangyin,Xiāng Yīn,430624,Xiangyin,XiāngYīn,430624,County,Yueyang,Yuè Yáng,430600,Prefecture City,Hunan,Hú Nán,430000,Province,2010,1230916,1960218,0.6279485240927285,62.79
屏山县,511529,屏山县,511529,县,宜宾市,511500,地级市,四川省,510000,省,,,Pingshan,Píng Shān,511529,Pingshan,Píng Shān,511529,County,Yibin,Yí Bīn,511500,Prefecture City,Sichuan,Sì Chuān,510000,Province,2010,653631,1909687,0.3422712727268919,34.23
奉新县,360921,奉新县,360921,县,宜春市,360900,地级市,江西省,360000,省,,,Fengxin,Fèng Xīn,360921,Fengxin,FèngXīn,360921,County,Yichun,Yí Chūn,360900,Prefecture City,Jiangxi,Jiāng Xī,360000,Province,2010,646139,2097577,0.308040658340552,30.8
东湖区,360102,东湖区,360102,市辖区,南昌市,360100,地级市,江西省,360000,省,,,Donghu,Dōng Hú,360102,Donghu,DōngHú,360102,District,Nanchang,Nán Chāng,360100,Prefecture City,Jiangxi,Jiāng Xī,360000,Province,2010,21603,74840,0.28865579903794764,28.87
合江县,510522,合江县,510522,县,泸州市,510500,地级市,四川省,510000,省,,,Hejiang,Hé Jiāng,510522,Hejiang,Hé Jiāng,510522,County,Luzhou,Lú Zhōu,510500,Prefecture City,Sichuan,Sì Chuān,510000,Province,2010,1499497,3071775,0.4881532664339022,48.82
玉山县,361123,玉山县,361123,县,上饶市,361100,地级市,江西省,360000,省,,,Yushan,Yù Shān,361123,Yushan,YùShān,361123,County,Shangrao,Shàng Ráo,361100,Prefecture City,Jiangxi,Jiāng Xī,360000,Province,2010,429294,2201954,0.19496047601357702,19.5
平江县,430626,平江县,430626,县,岳阳市,430600,地级市,湖南省,430000,省,,,Pingjiang,Píng Jiāng,430626,Pingjiang,PíngJiāng,430626,County,Yueyang,Yuè Yáng,430600,Prefecture City,Hunan,Hú Nán,430000,Province,2010,1011816,5232785,0.1933608967308995,19.34
湾里区,360105,湾里区,360105,市辖区,南昌市,360100,地级市,江西省,360000,省,,,Wanli,Wān Lǐ,360105,Wanli,Wān Lǐ,360105,District,Nanchang,Nán Chāng,360100,Prefecture City,Jiangxi,Jiāng Xī,360000,Province,2010,58045,312744,0.1855990842350293,18.56
新建县,360122,新建县,360122,县,南昌市,360100,地级市,江西省,360000,省,,,Xinjian,Xīn Jiàn,360122,Xinjian,XīnJiàn,360122,County,Nanchang,Nán Chāng,360100,Prefecture City,Jiangxi,Jiāng Xī,360000,Province,2010,1713197,2750146,0.6229476544154383,62.29
汨罗市,430681,汨罗市,430681,县级市,岳阳市,430600,地级市,湖南省,430000,省,,,Miluo,Mì Luó,430681,Miluo,MìLuó,430681,County City,Yueyang,Yuè Yáng,430600,Prefecture City,Hunan,Hú Nán,430000,Province,2010,1290461,2122931,0.6078676132196478,60.79
翠屏区,511502,翠屏区,511502,市辖区,宜宾市,511500,地级市,四川省,510000,省,,,Cuiping,Cuì Píng,511502,Cuiping,Cuì Píng,511502,District,Yibin,Yí Bīn,511500,Prefecture City,Sichuan,Sì Chuān,510000,Province,2010,1279548,1439331,0.8889880090125204,88.9
安义县,360123,安义县,360123,县,南昌市,360100,地级市,江西省,360000,省,,,Anyi,Ān Yì,360123,Anyi,ĀnYì,360123,County,Nanchang,Nán Chāng,360100,Prefecture City,Jiangxi,Jiāng Xī,360000,Province,2010,498162,840590,0.5926337453455311,59.26
临海市,331082,临海市,331082,县级市,台州市,331000,地级市,浙江省,330000,省,,,Linhai,Lín Hǎi,331082,Linhai,LínHǎi,331082,County City,Taizhou,Tāi Zhōu,331000,Prefecture City,Zhejiang,Zhè Jiāng,330000,Province,2010,515293,2738813,0.18814464514371737,18.81
江阳区,510502,江阳区,510502,市辖区,泸州市,510500,地级市,四川省,510000,省,,,Jiangyang,Jiāng Yáng,510502,Jiangyang,JiāngYáng,510502,District,Luzhou,Lú Zhōu,510500,Prefecture City,Sichuan,Sì Chuān,510000,Province,2010,733431,825723,0.8882288612525023,88.82
汉寿县,430722,汉寿县,430722,县,常德市,430700,地级市,湖南省,430000,省,,,Hanshou,Hàn Shòu,430722,Hanshou,HànShòu,430722,County,Changde,Cháng Dé,430700,Prefecture City,Hunan,Hú Nán,430000,Province,2010,1679971,2663844,0.6306566750905834,63.07
綦江县,500222,綦江县,500222,县,不统计,0,不统计,重庆市,500000,直辖市,,,Qijiang,Qí Jiāng,500222,Qijiang,Qí Jiāng,500222,County,NULL,NULL,0,NULL,Chongqing,Chóng Qìng,500000,Municipality,2010,1485969,2785223,0.5335188600697323,53.35
南溪县,511522,南溪县,511522,县,宜宾市,511500,地级市,四川省,510000,省,,,Nanxi,Nán Xī,511522,Nanxi,Nán Xī,511522,County,Yibin,Yí Bīn,511500,Prefecture City,Sichuan,Sì Chuān,510000,Province,2010,851430,896782,0.949428066129784,94.94
酉阳土家族苗族自治县,500242,酉阳土家族苗族自治县,500242,自治县,不统计,0,不统计,重庆市,500000,直辖市,,,Youyangtujiazuandmiaozu,Yǒu Yáng Tǔ Jiā Zú and Miáo Zú,500242,Youyangtujiazuandmiaozu,YǒuYángTǔ Jiā ZúandMiáoZú,500242,Autonomous County,NULL,NULL,0,NULL,Chongqing,Chóng Qìng,500000,Municipality,2010,1007060,6581531,0.15301302994698346,15.3
宜宾县,511521,宜宾县,511521,县,宜宾市,511500,地级市,四川省,510000,省,,,"Yibin
","Yí Bīn
",511521,"Yibin
","Yí Bīn
",511521,County,Yibin,Yí Bīn,511500,Prefecture City,Sichuan,Sì Chuān,510000,Province,2010,2871455,3735479,0.7686979367304702,76.87
桃源县,430725,桃源县,430725,县,常德市,430700,地级市,湖南省,430000,省,,,Taoyuan,Táo Yuán,430725,Taoyuan,TáoYuán,430725,County,Changde,Cháng Dé,430700,Prefecture City,Hunan,Hú Nán,430000,Province,2010,1633969,5657256,0.2888271274978541,28.88
万盛区,500110,万盛区,500110,市辖区,不统计,0,不统计,重庆市,500000,直辖市,,,Wan sheng,Wàn Shèng,500110,Wan sheng,Wàn Shèng,500110,District,NULL,NULL,0,NULL,Chongqing,Chóng Qìng,500000,Municipality,2010,280656,716353,0.3917844973078915,39.18
道真仡佬族苗族自治县,520325,道真仡佬族苗族自治县,520325,自治县,遵义市,520300,地级市,贵州省,520000,省,,,Daozhengelaozumiaozu,Dào Zhēn Gē Lǎo Zú Miáo Zú,520325,Daozhengelaozumiaozu,DàoZhēn Gē LǎoZúMiáoZú,520325,Autonomous County,Zunyi,Zūn Yì,520300,Prefecture City,Guizhou,Guì Zhōu,520000,Province,2010,824354,2746003,0.30020142002758193,30.02
永康市,330784,永康市,330784,县级市,金华市,330700,地级市,浙江省,330000,省,,,Yongkang,Yǒng Kāng,330784,Yongkang,YǒngKāng,330784,County City,Jinhua,Jīn Huá,330700,Prefecture City,Zhejiang,Zhè Jiāng,330000,Province,2010,296901,1334862,0.2224207446162974,22.24
衢江区,330803,衢江区,330803,市辖区,衢州市,330800,地级市,浙江省,330000,省,衢县,2001年撤销衢县，设立衢江区,Qujiang,Qú Jiāng,330803,Qujiang,QúJiāng,330803,District,Quzhou,Qú Zhōu,330800,Prefecture City,Zhejiang,Zhè Jiāng,330000,Province,2010,500106,2227329,0.22453171489259108,22.45
乐平市,360281,乐平市,360281,县级市,景德镇市,360200,地级市,江西省,360000,省,,,Leping,Lè Píng,360281,Leping,Lè Píng,360281,County City,Jingdezhen,Jǐng Dé Zhèn,360200,Prefecture City,Jiangxi,Jiāng Xī,360000,Province,2010,938039,2522085,0.3719299706393718,37.19
常山县,330822,常山县,330822,县,衢州市,330800,地级市,浙江省,330000,省,,,Changshan,Cháng Shān,330822,Changshan,ChángShān,330822,County,Quzhou,Qú Zhōu,330800,Prefecture City,Zhejiang,Zhè Jiāng,330000,Province,2010,244415,1397517,0.17489232689119344,17.49
龙马潭区,510504,龙马潭区,510504,市辖区,泸州市,510500,地级市,四川省,510000,省,,,Longmatan,Lóng Mǎ Tán,510504,Longmatan,LóngMǎTán,510504,District,Luzhou,Lú Zhōu,510500,Prefecture City,Sichuan,Sì Chuān,510000,Province,2010,387989,425775,0.9112535963830661,91.13
沅江市,430981,沅江市,430981,县级市,益阳市,430900,地级市,湖南省,430000,省,,,Yuanjiang,Yuán Jiāng,430981,Yuanjiang,YuánJiāng,430981,County City,Yiyang,Yì Yáng,430900,Prefecture City,Hunan,Hú Nán,430000,Province,2010,1956794,2712462,0.7214088160497732,72.14
婺城区,330702,婺城区,330702,市辖区,金华市,330700,地级市,浙江省,330000,省,,,Wucheng,Wù Chéng,330702,Wucheng,WùChéng,330702,District,Jinhua,Jīn Huá,330700,Prefecture City,Zhejiang,Zhè Jiāng,330000,Province,2010,497801,1772087,0.28091228026614945,28.09
龙游县,330825,龙游县,330825,县,衢州市,330800,地级市,浙江省,330000,省,,,Longyou,Lóng Yóu,330825,Longyou,LóngYóu,330825,County,Quzhou,Qú Zhōu,330800,Prefecture City,Zhejiang,Zhè Jiāng,330000,Province,2010,566354,1454700,0.3893270090052932,38.93
修水县,360424,修水县,360424,县,九江市,360400,地级市,江西省,360000,省,,,Xiushui,Xiū Shuǐ,360424,Xiushui,XiūShuǐ,360424,County,Jiujiang,Jiǔ Jiāng,360400,Prefecture City,Jiangxi,Jiāng Xī,360000,Province,2010,968184,5738662,0.168712497791297,16.87
柯城区,330802,柯城区,330802,市辖区,衢州市,330800,地级市,浙江省,330000,省,,,Kecheng,Kē Chéng,330802,Kecheng,KēChéng,330802,District,Quzhou,Qú Zhōu,330800,Prefecture City,Zhejiang,Zhè Jiāng,330000,Province,2010,238191,774546,0.30752337498353877,30.75
沐川县,511129,沐川县,511129,县,乐山市,511100,地级市,四川省,510000,省,,,Muchuan,Mù Chuān,511129,Muchuan,MùChuān,511129,County,Leshan,Lè Shān,511100,Prefecture City,Sichuan,Sì Chuān,510000,Province,2010,403653,1795623,0.2247983012024239,22.48
鼎城区,430703,鼎城区,430703,市辖区,常德市,430700,地级市,湖南省,430000,省,,,Dingcheng,Dǐng Chéng,430703,Dingcheng,DǐngChéng,430703,District,Changde,Cháng Dé,430700,Prefecture City,Hunan,Hú Nán,430000,Province,2010,1758458,2983350,0.5894239696984933,58.94
三门县,331022,三门县,331022,县,台州市,331000,地级市,浙江省,330000,省,,,Sanmen,Sān Mén,331022,Sanmen,SānMén,331022,County,Taizhou,Tāi Zhōu,331000,Prefecture City,Zhejiang,Zhè Jiāng,330000,Province,2010,227836,1280242,0.17796322882704987,17.8
江津区,500116,江津区,500116,市辖区,不统计,0,不统计,重庆市,500000,直辖市,江津市,2006年撤销江津市，设立江津区,Jiangjin,Jiāng Jīn,500116,Jiangjin,JiāngJīn,500116,District,NULL,NULL,0,NULL,Chongqing,Chóng Qìng,500000,Municipality,2010,2591175,4102751,0.6315701342830701,63.16
武陵区,430702,武陵区,430702,市辖区,常德市,430700,地级市,湖南省,430000,省,,,Wuling,Wǔ Líng,430702,Wuling,WǔLíng,430702,District,Changde,Cháng Dé,430700,Prefecture City,Hunan,Hú Nán,430000,Province,2010,321340,525549,0.6114368022772377,61.14
富顺县,510322,富顺县,510322,县,自贡市,510300,地级市,四川省,510000,省,,,Fushun,Fù Shùn,510322,Fushun,FùShùn,510322,County,Zigong,Zì Gòng,510300,Prefecture City,Sichuan,Sì Chuān,510000,Province,2010,1651780,1714067,0.9636612804516976,96.37
永定区,430802,永定区,430802,市辖区,张家界市,430800,地级市,湖南省,430000,省,,,Yongding,Yǒng Dìng,430802,Yongding,YǒngDìng,430802,District,Zhangjiajie,Zhāng Jiā Jiè,430800,Prefecture City,Hunan,Hú Nán,430000,Province,2010,495973,2771037,0.17898461839376378,17.9
泸县,510521,泸县,510521,县,泸州市,510500,地级市,四川省,510000,省,,,Luxian,Lú Xiàn,510521,Luxian,LúXiàn,510521,County,Luzhou,Lú Zhōu,510500,Prefecture City,Sichuan,Sì Chuān,510000,Province,2010,1885908,1949619,0.9673213073939062,96.73
永修县,360425,永修县,360425,县,九江市,360400,地级市,江西省,360000,省,,,Yongxiu,Yǒng Xiū,360425,Yongxiu,YǒngXiū,360425,County,Jiujiang,Jiǔ Jiāng,360400,Prefecture City,Jiangxi,Jiāng Xī,360000,Province,2010,996413,2588338,0.38496247398910033,38.5
南川区,500119,南川区,500119,市辖区,不统计,0,不统计,重庆市,500000,直辖市,南川市,2006年撤销南川市，设立南川区,Nanchuan,Nán Chuān,500119,Nanchuan,Nán Chuān,500119,District,NULL,NULL,0,NULL,Chongqing,Chóng Qìng,500000,Municipality,2010,1050015,3301552,0.3180367899702928,31.8
天台县,331023,天台县,331023,县,台州市,331000,地级市,浙江省,330000,省,,,Tiantai,Tiān Tái,331023,Tiantai,Tiān Tái,331023,County,Taizhou,Tāi Zhōu,331000,Prefecture City,Zhejiang,Zhè Jiāng,330000,Province,2010,318573,1828503,0.17422612924343028,17.42
金东区,330703,金东区,330703,市辖区,金华市,330700,地级市,浙江省,330000,省,金华县,2000年金华县更名为金东区,Jindong,Jīn Dōng,330703,Jindong,JīnDōng,330703,District,Jinhua,Jīn Huá,330700,Prefecture City,Zhejiang,Zhè Jiāng,330000,Province,2010,384120,841470,0.45648686227673,45.65
岳阳县,430621,岳阳县,430621,县,岳阳市,430600,地级市,湖南省,430000,省,,,Yueyang,Yuè Yáng,430621,Yueyang,YuèYáng,430621,County,Yueyang,Yuè Yáng,430600,Prefecture City,Hunan,Hú Nán,430000,Province,2010,1478619,3591280,0.41172478893319375,41.17
通城县,421222,通城县,421222,县,咸宁市,421200,地级市,湖北省,420000,省,,,Tongcheng,Tōng Chéng,421222,Tongcheng,Tōng Chéng,421222,County,Xianning,Xián Níng,421200,Prefecture City,Hubei,Hú Běi,420000,Province,2010,546253,1433419,0.38108396777215875,38.11
犍为县,511123,犍为县,511123,县,乐山市,511100,地级市,四川省,510000,省,,,Qianwei,Qián Wéi,511123,Qianwei,Qián Wéi,511123,County,Leshan,Lè Shān,511100,Prefecture City,Sichuan,Sì Chuān,510000,Province,2010,1300103,1748402,0.743595008470592,74.36
昌江区,360202,昌江区,360202,市辖区,景德镇市,360200,地级市,江西省,360000,省,,,Changjiang,Chāng Jiāng,360202,Changjiang,ChāngJiāng,360202,District,Jingdezhen,Jǐng Dé Zhèn,360200,Prefecture City,Jiangxi,Jiāng Xī,360000,Province,2010,116297,517603,0.22468378274469042,22.47
东阳市,330783,东阳市,330783,县级市,金华市,330700,地级市,浙江省,330000,省,,,Dongyang,Dōng Yáng,330783,Dongyang,DōngYáng,330783,County City,Jinhua,Jīn Huá,330700,Prefecture City,Zhejiang,Zhè Jiāng,330000,Province,2010,437075,2232228,0.1958021313235028,19.58
南县,430921,南县,430921,县,益阳市,430900,地级市,湖南省,430000,省,,,Nanxian,Nán Xiàn,430921,Nanxian,Nán Xiàn,430921,County,Yiyang,Yì Yáng,430900,Prefecture City,Hunan,Hú Nán,430000,Province,2010,1406075,1695356,0.8293685809941983,82.94
鄱阳县,361128,鄱阳县,361128,县,上饶市,361100,地级市,江西省,360000,省,波阳县,2003年波阳县更名为鄱阳县,Poyang,Pó Yáng,361128,Poyang,PóYáng,361128,County,Shangrao,Shàng Ráo,361100,Prefecture City,Jiangxi,Jiāng Xī,360000,Province,2010,2454683,5271679,0.46563590082021306,46.56
沿滩区,510311,沿滩区,510311,市辖区,自贡市,510300,地级市,四川省,510000,省,,2005年新设立沿滩区,Yantan,Yán Tān,510311,Yantan,YánTān,510311,District,Zigong,Zì Gòng,510300,Prefecture City,Sichuan,Sì Chuān,510000,Province,2010,581669,599707,0.9699219785661999,96.99
自流井区,510302,自流井区,510302,市辖区,自贡市,510300,地级市,四川省,510000,省,,2005年新设立自流井区,Ziliujing,Zì Liú Jǐng,510302,Ziliujing,ZìLiúJǐng,510302,District,Zigong,Zì Gòng,510300,Prefecture City,Sichuan,Sì Chuān,510000,Province,2010,165060,198929,0.8297432752389043,82.97
兰溪市,330781,兰溪市,330781,县级市,金华市,330700,地级市,浙江省,330000,省,,,Lanxi,Lán Xī,330781,Lanxi,LánXī,330781,County City,Jinhua,Jīn Huá,330700,Prefecture City,Zhejiang,Zhè Jiāng,330000,Province,2010,683846,1678621,0.4073855861448177,40.74
永川区,500118,永川区,500118,市辖区,不统计,0,不统计,重庆市,500000,直辖市,永川市,2006年撤销永川市，设立永川区,Yongchuan,Yǒng Chuān,500118,Yongchuan,YǒngChuān,500118,District,NULL,NULL,0,NULL,Chongqing,Chóng Qìng,500000,Municipality,2010,1724016,2012184,0.856788444794313,85.68
贡井区,510303,贡井区,510303,市辖区,自贡市,510300,地级市,四川省,510000,省,,2005年新设立贡井区,Gongjing,Gòng Jǐng,510303,Gongjing,GòngJǐng,510303,District,Zigong,Zì Gòng,510300,Prefecture City,Sichuan,Sì Chuān,510000,Province,2010,499784,518339,0.964202963697503,96.42
义乌市,330782,义乌市,330782,县级市,金华市,330700,地级市,浙江省,330000,省,,,Yiwu,Yì Wū,330782,Yiwu,Yì Wū,330782,County City,Jinhua,Jīn Huá,330700,Prefecture City,Zhejiang,Zhè Jiāng,330000,Province,2010,395241,1413082,0.2797013902944061,27.97
宁海县,330226,宁海县,330226,县,宁波市,330200,地级市,浙江省,330000,省,,,Ninghai,Níng Hǎi,330226,Ninghai,Níng Hǎi,330226,County,Ningbo,Níng Bō,330200,Prefecture City,Zhejiang,Zhè Jiāng,330000,Province,2010,424173,2132701,0.198890046002698,19.89
都昌县,360428,都昌县,360428,县,九江市,360400,地级市,江西省,360000,省,,,Duchang,Dū Chāng,360428,Duchang,Dū Chāng,360428,County,Jiujiang,Jiǔ Jiāng,360400,Prefecture City,Jiangxi,Jiāng Xī,360000,Province,2010,1031882,2849788,0.36209079412222944,36.21
岳阳楼区,430602,岳阳楼区,430602,市辖区,岳阳市,430600,地级市,湖南省,430000,省,,,Yueyanglou,Yuè Yáng Lóu,430602,Yueyanglou,YuèYángLóu,430602,District,Yueyang,Yuè Yáng,430600,Prefecture City,Hunan,Hú Nán,430000,Province,2010,258541,519856,0.4973319534640362,49.73
沙湾区,511111,沙湾区,511111,市辖区,乐山市,511100,地级市,四川省,510000,省,,,Shawan,Shā Wān,511111,Shawan,Shā Wān,511111,District,Leshan,Lè Shān,511100,Prefecture City,Sichuan,Sì Chuān,510000,Province,2010,416812,775051,0.537786545659576,53.78
彭水苗族土家族自治县,500243,彭水苗族土家族自治县,500243,自治县,不统计,0,不统计,重庆市,500000,直辖市,,,Pengshuimiaozuandtujiazu,Péng Shuǐ Miáo Zú and Tǔ Jiā Zú,500243,Pengshuimiaozuandtujiazu,PéngShuǐMiáoZúandTǔ Jiā Zú,500243,Autonomous County,NULL,NULL,0,NULL,Chongqing,Chóng Qìng,500000,Municipality,2010,1047178,4981564,0.21021068885193486,21.02
星子县,360427,星子县,360427,县,九江市,360400,地级市,江西省,360000,省,,,Lushan,Lú Shān,360427,Lushan,LúShān,360427,County,Jiujiang,Jiǔ Jiāng,360400,Prefecture City,Jiangxi,Jiāng Xī,360000,Province,2010,389323,926118,0.4203816360334212,42.04
隆昌县,511028,隆昌县,511028,县,内江市,511000,地级市,四川省,510000,省,,,Longchang,Lóng Chāng,511028,Longchang,Lóng Chāng,511028,County,Neijiang,Nèi Jiāng,511000,Prefecture City,Sichuan,Sì Chuān,510000,Province,2010,991272,1016942,0.9747576557955124,97.48
象山县,330225,象山县,330225,县,宁波市,330200,地级市,浙江省,330000,省,,,Xiangshan,Xiàng Shān,330225,Xiangshan,XiàngShān,330225,County,Ningbo,Níng Bō,330200,Prefecture City,Zhejiang,Zhè Jiāng,330000,Province,2010,352000,1508454,0.23335149762604626,23.34
巴南区,500113,巴南区,500113,市辖区,不统计,0,不统计,重庆市,500000,直辖市,,,Banan,Bā Nán,500113,Banan,Bā Nán,500113,District,NULL,NULL,0,NULL,Chongqing,Chóng Qìng,500000,Municipality,2010,1202775,2330161,0.5161767792010938,51.62
武隆县,500232,武隆县,500232,县,不统计,0,不统计,重庆市,500000,直辖市,,,Wulong,Wǔ Lóng,500232,Wulong,Wǔ Lóng,500232,County,NULL,NULL,0,NULL,Chongqing,Chóng Qìng,500000,Municipality,2010,807853,3698651,0.21841828277390865,21.84
大安区,510304,大安区,510304,市辖区,自贡市,510300,地级市,四川省,510000,省,,2005年新设立大安区,Daan,Dà Ān,510304,Daan,Dà Ān,510304,District,Zigong,Zì Gòng,510300,Prefecture City,Sichuan,Sì Chuān,510000,Province,2010,489216,513848,0.9520636452803164,95.21
德安县,360426,德安县,360426,县,九江市,360400,地级市,江西省,360000,省,,,Dean,Dé Ān,360426,Dean,DéĀn,360426,County,Jiujiang,Jiǔ Jiāng,360400,Prefecture City,Jiangxi,Jiāng Xī,360000,Province,2010,311394,1216181,0.2560424805189359,25.6
慈利县,430821,慈利县,430821,县,张家界市,430800,地级市,湖南省,430000,省,,,Cili,Cí Lì,430821,Cili,CíLì,430821,County,Zhangjiajie,Zhāng Jiā Jiè,430800,Prefecture City,Hunan,Hú Nán,430000,Province,2010,931136,4469070,0.20835117820933663,20.84
五通桥区,511112,五通桥区,511112,市辖区,乐山市,511100,地级市,四川省,510000,省,,,Wutongqiao,Wǔ Tōng Qiáo,511112,Wutongqiao,Wǔ Tōng Qiáo,511112,District,Leshan,Lè Shān,511100,Prefecture City,Sichuan,Sì Chuān,510000,Province,2010,500848,594758,0.8421038472790614,84.21
荣县,510321,荣县,510321,县,自贡市,510300,地级市,四川省,510000,省,,,Rongxian,Róng Xiàn,510321,Rongxian,RóngXiàn,510321,County,Zigong,Zì Gòng,510300,Prefecture City,Sichuan,Sì Chuān,510000,Province,2010,1876617,2056428,0.912561490117816,91.26
大渡口区,500104,大渡口区,500104,市辖区,不统计,0,不统计,重庆市,500000,直辖市,,,Dadukou,Dà Dù Kǒu,500104,Dadukou,Dà DùKǒu,500104,District,NULL,NULL,0,NULL,Chongqing,Chóng Qìng,500000,Municipality,2010,67665,130882,0.5169924053727786,51.7
汉源县,511823,汉源县,511823,县,雅安市,511800,地级市,四川省,510000,省,,,Hanyuan,Hàn Yuán,511823,Hanyuan,HànYuán,511823,County,Yaan,Yǎ Ān,511800,Prefecture City,Sichuan,Sì Chuān,510000,Province,2010,614539,2837438,0.21658235351750418,21.66
九龙坡区,500107,九龙坡区,500107,市辖区,不统计,0,不统计,重庆市,500000,直辖市,,,Jiulongpo,Jiǔ Lóng Pō,500107,Jiulongpo,JiǔLóngPō,500107,District,NULL,NULL,0,NULL,Chongqing,Chóng Qìng,500000,Municipality,2010,350353,552574,0.6340381559754893,63.4
黔江区,500114,黔江区,500114,市辖区,不统计,0,不统计,重庆市,500000,直辖市,黔江区,2000年黔江土家族苗族自治县更名为黔江区,Qianjiang,Qián Jiāng,500114,Qianjiang,QiánJiāng,500114,District,NULL,NULL,0,NULL,Chongqing,Chóng Qìng,500000,Municipality,2010,537251,3061124,0.17550775466789323,17.55
安乡县,430721,安乡县,430721,县,常德市,430700,地级市,湖南省,430000,省,,,Anxiang,Ān Xiāng,430721,Anxiang,ĀnXiāng,430721,County,Changde,Cháng Dé,430700,Prefecture City,Hunan,Hú Nán,430000,Province,2010,1176060,1392107,0.8448057512820495,84.48
崇阳县,421223,崇阳县,421223,县,咸宁市,421200,地级市,湖北省,420000,省,,,Chongyang,Chóng Yáng,421223,Chongyang,ChóngYáng,421223,County,Xianning,Xián Níng,421200,Prefecture City,Hubei,Hú Běi,420000,Province,2010,611277,2529042,0.2417029847665638,24.17
津市市,430781,津市市,430781,县级市,常德市,430700,地级市,湖南省,430000,省,,,Jinshi,Jīn Shì,430781,Jinshi,JīnShì,430781,County City,Changde,Cháng Dé,430700,Prefecture City,Hunan,Hú Nán,430000,Province,2010,485244,711823,0.6816919374619814,68.17
荣昌县,500226,荣昌县,500226,县,不统计,0,不统计,重庆市,500000,直辖市,,,Rongchang,Róng Chāng,500226,Rongchang,RóngChāng,500226,County,NULL,NULL,0,NULL,Chongqing,Chóng Qìng,500000,Municipality,2010,1339266,1375227,0.9738508624394373,97.39
君山区,430611,君山区,430611,市辖区,岳阳市,430600,地级市,湖南省,430000,省,,,Junshan,Jūn Shān,430611,Junshan,JūnShān,430611,District,Yueyang,Yuè Yáng,430600,Prefecture City,Hunan,Hú Nán,430000,Province,2010,667457,798855,0.8355170838262262,83.55
临澧县,430724,临澧县,430724,县,常德市,430700,地级市,湖南省,430000,省,,,Linli,Lín Lǐ,430724,Linli,LínLǐ,430724,County,Changde,Cháng Dé,430700,Prefecture City,Hunan,Hú Nán,430000,Province,2010,1036156,1541101,0.6723478863487857,67.23
临湘市,430682,临湘市,430682,县级市,岳阳市,430600,地级市,湖南省,430000,省,,,Linxiang,Lín Xiāng,430682,Linxiang,LínXiāng,430682,County City,Yueyang,Yuè Yáng,430600,Prefecture City,Hunan,Hú Nán,430000,Province,2010,764447,2203434,0.34693437606935357,34.69
华容县,430623,华容县,430623,县,岳阳市,430600,地级市,湖南省,430000,省,,,Huarong,Huá Róng,430623,Huarong,Huá Róng,430623,County,Yueyang,Yuè Yáng,430600,Prefecture City,Hunan,Hú Nán,430000,Province,2010,1680955,2051648,0.8193193959197679,81.93
双桥区,500111,双桥区,500111,市辖区,不统计,0,不统计,重庆市,500000,直辖市,,,Shuangqiao,Shuāng Qiáo,500111,Shuangqiao,Shuāng Qiáo,500111,District,NULL,NULL,0,NULL,Chongqing,Chóng Qìng,500000,Municipality,2010,35759,54707,0.6536457857312592,65.36
峨眉山市,511181,峨眉山市,511181,县级市,乐山市,511100,地级市,四川省,510000,省,,,Emeishan,É Méi Shān,511181,Emeishan,ÉMéiShān,511181,County City,Leshan,Lè Shān,511100,Prefecture City,Sichuan,Sì Chuān,510000,Province,2010,675882,1511257,0.4472316753536956,44.72
云溪区,430603,云溪区,430603,市辖区,岳阳市,430600,地级市,湖南省,430000,省,,,Yunxi,Yún Xī,430603,Yunxi,YúnXī,430603,District,Yueyang,Yuè Yáng,430600,Prefecture City,Hunan,Hú Nán,430000,Province,2010,228651,483538,0.47287079815857286,47.29
南岸区,500108,南岸区,500108,市辖区,不统计,0,不统计,重庆市,500000,直辖市,,,Nanan,Nán Àn,500108,Nanan,Nán Àn,500108,District,NULL,NULL,0,NULL,Chongqing,Chóng Qìng,500000,Municipality,2010,158170,335719,0.47113806486972737,47.11
市中区,511002,市中区,511002,市辖区,内江市,511000,地级市,四川省,510000,省,,,Shizhong,Shì Zhōng,511002,Shizhong,Shì Zhōng,511002,District,Neijiang,Nèi Jiāng,511000,Prefecture City,Sichuan,Sì Chuān,510000,Province,2010,466283,495751,0.9405588692710655,94.06
璧山县,500227,璧山县,500227,县,不统计,0,不统计,重庆市,500000,直辖市,,,Bishan,Bì Shān,500227,Bishan,BìShān,500227,County,NULL,NULL,0,NULL,Chongqing,Chóng Qìng,500000,Municipality,2010,975189,1171494,0.8324319202659168,83.24
嵊州市,330683,嵊州市,330683,县级市,绍兴市,330600,地级市,浙江省,330000,省,,,Shengzhou,Shèng Zhōu,330683,Shengzhou,ShèngZhōu,330683,County City,Shaoxing,Shào Xīng,330600,Prefecture City,Zhejiang,Zhè Jiāng,330000,Province,2010,530309,2291870,0.23138703329595484,23.14
威远县,511024,威远县,511024,县,内江市,511000,地级市,四川省,510000,省,,,Weiyuan,Wēi Yuǎn,511024,Weiyuan,WēiYuǎn,511024,County,Neijiang,Nèi Jiāng,511000,Prefecture City,Sichuan,Sì Chuān,510000,Province,2010,1396206,1651212,0.8455643490963002,84.56
市中区,511102,市中区,511102,市辖区,乐山市,511100,地级市,四川省,510000,省,,,Shizhong,Shì Zhōng,511102,Shizhong,Shì Zhōng,511102,District,Leshan,Lè Shān,511100,Prefecture City,Sichuan,Sì Chuān,510000,Province,2010,888496,1072743,0.8282468401098865,82.82
奉化市,330283,奉化市,330283,县级市,宁波市,330200,地级市,浙江省,330000,省,,,Fenghua,Fèng Huà,330283,Fenghua,Fèng Huà,330283,County City,Ningbo,Níng Bō,330200,Prefecture City,Zhejiang,Zhè Jiāng,330000,Province,2010,307317,1594755,0.19270483553900128,19.27
江北区,500105,江北区,500105,市辖区,不统计,0,不统计,重庆市,500000,直辖市,,,Jiangbei,Jiāng Běi,500105,Jiangbei,JiāngBěi,500105,District,NULL,NULL,0,NULL,Chongqing,Chóng Qìng,500000,Municipality,2010,157348,283521,0.5549782908497077,55.5
瑞昌市,360481,瑞昌市,360481,县级市,九江市,360400,地级市,江西省,360000,省,,,Ruichang,Ruì Chāng,360481,Ruichang,RuìChāng,360481,County City,Jiujiang,Jiǔ Jiāng,360400,Prefecture City,Jiangxi,Jiāng Xī,360000,Province,2010,415908,1821838,0.2282903309734455,22.83
沙坪坝区,500106,沙坪坝区,500106,市辖区,不统计,0,不统计,重庆市,500000,直辖市,,,Shapingba,Shā Píng Bà,500106,Shapingba,Shā PíngBà,500106,District,NULL,NULL,0,NULL,Chongqing,Chóng Qìng,500000,Municipality,2010,308741,510071,0.6052902439072207,60.53
庐山区,360402,庐山区,360402,市辖区,九江市,360400,地级市,江西省,360000,省,,,Lianxi,Lián Xī,360402,Lianxi,LiánXī,360402,District,Jiujiang,Jiǔ Jiāng,360400,Prefecture City,Jiangxi,Jiāng Xī,360000,Province,2010,227210,707555,0.32111991293963016,32.11
九江县,360421,九江县,360421,县,九江市,360400,地级市,江西省,360000,省,,,Jiujiangxian,Jiǔ Jiāng Xiàn,360421,Jiujiangxian,Jiǔ Jiāng Xiàn,360421,County,Jiujiang,Jiǔ Jiāng,360400,Prefecture City,Jiangxi,Jiāng Xī,360000,Province,2010,529165,1175396,0.4502014640172333,45.02
井研县,511124,井研县,511124,县,乐山市,511100,地级市,四川省,510000,省,,,Jingyan,Jǐng Yán,511124,Jingyan,JǐngYán,511124,County,Leshan,Lè Shān,511100,Prefecture City,Sichuan,Sì Chuān,510000,Province,2010,1031279,1081203,0.9538255073284111,95.38
大足县,500225,大足县,500225,县,不统计,0,不统计,重庆市,500000,直辖市,,,Dazu,Dà Zú,500225,Dazu,Dà Zú,500225,County,NULL,NULL,0,NULL,Chongqing,Chóng Qìng,500000,Municipality,2010,1664966,1787207,0.9316022150763733,93.16
东兴区,511011,东兴区,511011,市辖区,内江市,511000,地级市,四川省,510000,省,,,Dongxing,Dōng Xīng,511011,Dongxing,Dōng Xīng,511011,District,Neijiang,Nèi Jiāng,511000,Prefecture City,Sichuan,Sì Chuān,510000,Province,2010,1487559,1516160,0.9811358959476573,98.11
涪陵区,500102,涪陵区,500102,市辖区,不统计,0,不统计,重庆市,500000,直辖市,,,Fuling,Fú Líng,500102,Fuling,FúLíng,500102,District,NULL,NULL,0,NULL,Chongqing,Chóng Qìng,500000,Municipality,2010,2086333,3776886,0.5523950153645093,55.24
湖口县,360429,湖口县,360429,县,九江市,360400,地级市,江西省,360000,省,,,Hukou,Hú Kǒu,360429,Hukou,HúKǒu,360429,County,Jiujiang,Jiǔ Jiāng,360400,Prefecture City,Jiangxi,Jiāng Xī,360000,Province,2010,480460,861313,0.557822765939908,55.78
洪雅县,511423,洪雅县,511423,县,眉山市,511400,地级市,四川省,510000,省,,,Hongya,Hóng Yǎ,511423,Hongya,HóngYǎ,511423,County,Meishan,Méi Shān,511400,Prefecture City,Sichuan,Sì Chuān,510000,Province,2010,783515,2435109,0.3217576708065224,32.18
诸暨市,330681,诸暨市,330681,县级市,绍兴市,330600,地级市,浙江省,330000,省,,,Zhuji,Zhū Jì,330681,Zhuji,ZhūJì,330681,County City,Shaoxing,Shào Xīng,330600,Prefecture City,Zhejiang,Zhè Jiāng,330000,Province,2010,563632,2966822,0.18997836742480675,19.0
屯溪区,341002,屯溪区,341002,市辖区,黄山市,341000,地级市,安徽省,340000,省,,,Tunxi,Tún Xī,341002,Tunxi,Tún Xī,341002,District,Huangshan,Huáng Shān,341000,Prefecture City,Anhui,Ān Huī,340000,Province,2010,58230,200046,0.2910830508982934,29.11
浔阳区,360403,浔阳区,360403,市辖区,九江市,360400,地级市,江西省,360000,省,,,Xunyang,Xún Yáng,360403,Xunyang,Xún Yáng,360403,District,Jiujiang,Jiǔ Jiāng,360400,Prefecture City,Jiangxi,Jiāng Xī,360000,Province,2010,10271,62206,0.16511269009420312,16.51
石首市,421081,石首市,421081,县级市,荆州市,421000,地级市,湖北省,420000,省,,,Shishou,Shí Shǒu,421081,Shishou,Shí Shǒu,421081,County City,Jingzhou,Jīng Zhōu,421000,Prefecture City,Hubei,Hú Běi,420000,Province,2010,1465128,1810676,0.8091607775217654,80.92
赤壁市,421281,赤壁市,421281,县级市,咸宁市,421200,地级市,湖北省,420000,省,,,Chibi,Chì Bì,421281,Chibi,ChìBì,421281,County City,Xianning,Xián Níng,421200,Prefecture City,Hubei,Hú Běi,420000,Province,2010,906434,2193232,0.41328687525989044,41.33
澧县,430723,澧县,430723,县,常德市,430700,地级市,湖南省,430000,省,,,Lixian,Lǐ Xiàn,430723,Lixian,LǐXiàn,430723,County,Changde,Cháng Dé,430700,Prefecture City,Hunan,Hú Nán,430000,Province,2010,1899692,2663761,0.7131615786851748,71.32
夹江县,511126,夹江县,511126,县,乐山市,511100,地级市,四川省,510000,省,,,Jiajiang,Jiā Jiāng,511126,Jiajiang,Jiā Jiāng,511126,County,Leshan,Lè Shān,511100,Prefecture City,Sichuan,Sì Chuān,510000,Province,2010,755454,956323,0.7899569496916836,79.0
鄞州区,330212,鄞州区,330212,市辖区,宁波市,330200,地级市,浙江省,330000,省,鄞县,2002年撤销鄞县，设立鄞州区,Yinzhou,Yín Zhōu,330212,Yinzhou,YínZhōu,330212,District,Ningbo,Níng Bō,330200,Prefecture City,Zhejiang,Zhè Jiāng,330000,Province,2010,439552,1700645,0.25846193650056304,25.85
石门县,430726,石门县,430726,县,常德市,430700,地级市,湖南省,430000,省,,,Shimen,Shí Mén,430726,Shimen,Shí Mén,430726,County,Changde,Cháng Dé,430700,Prefecture City,Hunan,Hú Nán,430000,Province,2010,918046,5101381,0.1799602891844385,18.0
资中县,511025,资中县,511025,县,内江市,511000,地级市,四川省,510000,省,,,Zizhong,Zī Zhōng,511025,Zizhong,Zī Zhōng,511025,County,Neijiang,Nèi Jiāng,511000,Prefecture City,Sichuan,Sì Chuān,510000,Province,2010,2139933,2225536,0.9615360075056076,96.15
渝北区,500112,渝北区,500112,市辖区,不统计,0,不统计,重庆市,500000,直辖市,,,Yubei,Yú Běi,500112,Yubei,YúBěi,500112,District,NULL,NULL,0,NULL,Chongqing,Chóng Qìng,500000,Municipality,2010,1299006,1872463,0.6937418790117615,69.37
铜梁县,500224,铜梁县,500224,县,不统计,0,不统计,重庆市,500000,直辖市,,,Tongliang,Tóng Liáng,500224,Tongliang,TóngLiáng,500224,County,NULL,NULL,0,NULL,Chongqing,Chóng Qìng,500000,Municipality,2010,1513884,1720355,0.879983491779313,88.0
青神县,511425,青神县,511425,县,眉山市,511400,地级市,四川省,510000,省,,,Qingshen,Qīng Shén,511425,Qingshen,QīngShén,511425,County,Meishan,Méi Shān,511400,Prefecture City,Sichuan,Sì Chuān,510000,Province,2010,423240,497450,0.8508191778068147,85.08
阳新县,420222,阳新县,420222,县,黄石市,420200,地级市,湖北省,420000,省,,,Yangxin,Yáng Xīn,420222,Yangxin,YángXīn,420222,County,Huangshi,Huáng Shí,420200,Prefecture City,Hubei,Hú Běi,420000,Province,2010,1324228,3574571,0.3704578815192089,37.05
彭泽县,360430,彭泽县,360430,县,九江市,360400,地级市,江西省,360000,省,,,Pengze,Péng Zé,360430,Pengze,PéngZé,360430,County,Jiujiang,Jiǔ Jiāng,360400,Prefecture City,Jiangxi,Jiāng Xī,360000,Province,2010,697395,1980098,0.3522022647363918,35.22
监利县,421023,监利县,421023,县,荆州市,421000,地级市,湖北省,420000,省,,,Jianli,Jiān Lì,421023,Jianli,Jiān Lì,421023,County,Jingzhou,Jīng Zhōu,421000,Prefecture City,Hubei,Hú Běi,420000,Province,2010,3395381,4095347,0.8290826149774366,82.91
咸安区,421202,咸安区,421202,市辖区,咸宁市,421200,地级市,湖北省,420000,省,,,Xianan,Xián Ān,421202,Xianan,XiánĀn,421202,District,Xianning,Xián Níng,421200,Prefecture City,Hubei,Hú Běi,420000,Province,2010,712319,1931764,0.368740177371563,36.87
北仑区,330206,北仑区,330206,市辖区,宁波市,330200,地级市,浙江省,330000,省,,,Beilun,Běi Lún,330206,Beilun,BěiLún,330206,District,Ningbo,Níng Bō,330200,Prefecture City,Zhejiang,Zhè Jiāng,330000,Province,2010,133691,746368,0.1791220952666781,17.91
北碚区,500109,北碚区,500109,市辖区,不统计,0,不统计,重庆市,500000,直辖市,,,Beibei,Běi Bèi,500109,Beibei,BěiBèi,500109,District,NULL,NULL,0,NULL,Chongqing,Chóng Qìng,500000,Municipality,2010,606614,964020,0.6292545797805025,62.93
普陀区,330903,普陀区,330903,市辖区,舟山市,330900,地级市,浙江省,330000,省,,,Putuo,Pǔ Tuó,330903,Putuo,PǔTuó,330903,District,Zhoushan,Zhōu Shān,330900,Prefecture City,Zhejiang,Zhè Jiāng,330000,Province,2010,97950,483676,0.20251159867349217,20.25
丰都县,500230,丰都县,500230,县,不统计,0,不统计,重庆市,500000,直辖市,,,Fengdu,Fēng Dū,500230,Fengdu,Fēng Dū,500230,County,NULL,NULL,0,NULL,Chongqing,Chóng Qìng,500000,Municipality,2010,1566487,3733534,0.4195721801381747,41.96
徽州区,341004,徽州区,341004,市辖区,黄山市,341000,地级市,安徽省,340000,省,,,Huizhou,Huī Zhōu,341004,Huizhou,HuīZhōu,341004,District,Huangshan,Huáng Shān,341000,Prefecture City,Anhui,Ān Huī,340000,Province,2010,105681,562159,0.1879912978356657,18.8
雨城区,511802,雨城区,511802,市辖区,雅安市,511800,地级市,四川省,510000,省,,,Yucheng,Yǔ Chéng,511802,Yucheng,Yǔ Chéng,511802,District,Yaan,Yǎ Ān,511800,Prefecture City,Sichuan,Sì Chuān,510000,Province,2010,343118,1369150,0.2506065807252675,25.06
公安县,421022,公安县,421022,县,荆州市,421000,地级市,湖北省,420000,省,,,Gongan,Gōng Ān,421022,Gongan,GōngĀn,421022,County,Jingzhou,Jīng Zhōu,421000,Prefecture City,Hubei,Hú Běi,420000,Province,2010,2534107,2907281,0.8716415785058272,87.16
长寿区,500115,长寿区,500115,市辖区,不统计,0,不统计,重庆市,500000,直辖市,长寿县,2001年撤销长寿县，设立长寿区,Changshou,Cháng Shòu,500115,Changshou,Cháng Shòu,500115,District,NULL,NULL,0,NULL,Chongqing,Chóng Qìng,500000,Municipality,2010,1375940,1826518,0.7533131346091306,75.33
江北区,330205,江北区,330205,市辖区,宁波市,330200,地级市,浙江省,330000,省,,,Jiangbei,Jiāng Běi,330205,Jiangbei,JiāngBěi,330205,District,Ningbo,Níng Bō,330200,Prefecture City,Zhejiang,Zhè Jiāng,330000,Province,2010,113017,261827,0.43164761464631224,43.16
绍兴县,330621,绍兴县,330621,县,绍兴市,330600,地级市,浙江省,330000,省,,,Shaoxing,Shào Xīng,330621,Shaoxing,Shào Xīng,330621,County,Shaoxing,Shào Xīng,330600,Prefecture City,Zhejiang,Zhè Jiāng,330000,Province,2010,302469,1549832,0.19516244341322156,19.52
仁寿县,511421,仁寿县,511421,县,眉山市,511400,地级市,四川省,510000,省,,,Renshou,Rén Shòu,511421,Renshou,RénShòu,511421,County,Meishan,Méi Shān,511400,Prefecture City,Sichuan,Sì Chuān,510000,Province,2010,3179087,3356002,0.9472840004266982,94.73
上虞市,330682,上虞市,330682,县级市,绍兴市,330600,地级市,浙江省,330000,省,,,Shangyu,Shàng Yú,330682,Shangyu,Shàng Yú,330682,County City,Shaoxing,Shào Xīng,330600,Prefecture City,Zhejiang,Zhè Jiāng,330000,Province,2010,648624,1804259,0.35949605904695503,35.95
镇海区,330211,镇海区,330211,市辖区,宁波市,330200,地级市,浙江省,330000,省,,,Zhenhai,Zhèn Hǎi,330211,Zhenhai,ZhènHǎi,330211,District,Ningbo,Níng Bō,330200,Prefecture City,Zhejiang,Zhè Jiāng,330000,Province,2010,98438,300240,0.32786437516653344,32.79
黄梅县,421127,黄梅县,421127,县,黄冈市,421100,地级市,湖北省,420000,省,,,Huangmei,Huáng Méi,421127,Huangmei,HuángMéi,421127,County,Huanggang,Huáng Gāng,421100,Prefecture City,Hubei,Hú Běi,420000,Province,2010,1493071,2196515,0.6797454148958691,67.97
安岳县,512021,安岳县,512021,县,资阳市,512000,地级市,四川省,510000,省,,,Anyue,Ān Yuè,512021,Anyue,ĀnYuè,512021,County,Ziyang,Zī Yáng,512000,Prefecture City,Sichuan,Sì Chuān,510000,Province,2010,3405752,3458355,0.9847895892700431,98.48
洪湖市,421083,洪湖市,421083,县级市,荆州市,421000,地级市,湖北省,420000,省,,,Honghu,Hóng Hú,421083,Honghu,HóngHú,421083,County City,Jingzhou,Jīng Zhōu,421000,Prefecture City,Hubei,Hú Běi,420000,Province,2010,1814663,3137598,0.5783605802910379,57.84
嘉鱼县,421221,嘉鱼县,421221,县,咸宁市,421200,地级市,湖北省,420000,省,,,Jiayu,Jiā Yú,421221,Jiayu,JiāYú,421221,County,Xianning,Xián Níng,421200,Prefecture City,Hubei,Hú Běi,420000,Province,2010,845986,1323573,0.639168372277162,63.92
丹棱县,511424,丹棱县,511424,县,眉山市,511400,地级市,四川省,510000,省,,,Danling,Dān Líng,511424,Danling,Dān Líng,511424,County,Meishan,Méi Shān,511400,Prefecture City,Sichuan,Sì Chuān,510000,Province,2010,549161,577186,0.951445461255124,95.14
武穴市,421182,武穴市,421182,县级市,黄冈市,421100,地级市,湖北省,420000,省,,,Wuxue,Wǔ Xué,421182,Wuxue,WǔXué,421182,County City,Huanggang,Huáng Gāng,421100,Prefecture City,Hubei,Hú Běi,420000,Province,2010,1058531,1591101,0.6652820908289292,66.53
越城区,330602,越城区,330602,市辖区,绍兴市,330600,地级市,浙江省,330000,省,,2001年新设立越城区,Yuecheng,Yuè Chéng,330602,Yuecheng,YuèChéng,330602,District,Shaoxing,Shào Xīng,330600,Prefecture City,Zhejiang,Zhè Jiāng,330000,Province,2010,145457,458504,0.3172425976654511,31.72
余姚市,330281,余姚市,330281,县级市,宁波市,330200,地级市,浙江省,330000,省,,,Yuyao,Yú Yáo,330281,Yuyao,YúYáo,330281,County City,Ningbo,Níng Bō,330200,Prefecture City,Zhejiang,Zhè Jiāng,330000,Province,2010,542919,1980162,0.27417908231750737,27.42
东至县,341721,东至县,341721,县,池州市,341700,地级市,安徽省,340000,省,,,Dongzhi,Dōng Zhì,341721,Dongzhi,DōngZhì,341721,County,Chizhou,Chí Zhōu,341700,Prefecture City,Anhui,Ān Huī,340000,Province,2010,1060578,4191374,0.25303826382470285,25.3
东坡区,511402,东坡区,511402,市辖区,眉山市,511400,地级市,四川省,510000,省,,,Dongpo,Dōng Pō,511402,Dongpo,DōngPō,511402,District,Meishan,Méi Shān,511400,Prefecture City,Sichuan,Sì Chuān,510000,Province,2010,1605749,1712953,0.9374156792393019,93.74
定海区,330902,定海区,330902,市辖区,舟山市,330900,地级市,浙江省,330000,省,,,Dinghai,Dìng Hǎi,330902,Dinghai,DìngHǎi,330902,District,Zhoushan,Zhōu Shān,330900,Prefecture City,Zhejiang,Zhè Jiāng,330000,Province,2010,146319,676988,0.21613233912565658,21.61
大冶市,420281,大冶市,420281,县级市,黄石市,420200,地级市,湖北省,420000,省,,,Daye,Dà Yě,420281,Daye,Dà Yě,420281,County City,Huangshi,Huáng Shí,420200,Prefecture City,Hubei,Hú Běi,420000,Province,2010,1103392,2008449,0.5493751646170751,54.94
雁江区,512002,雁江区,512002,市辖区,资阳市,512000,地级市,四川省,510000,省,,,Yanjiang,Yàn Jiāng,512002,Yanjiang,YànJiāng,512002,District,Ziyang,Zī Yáng,512000,Prefecture City,Sichuan,Sì Chuān,510000,Province,2010,2037475,2106248,0.9673480995590263,96.73
江陵县,421024,江陵县,421024,县,荆州市,421000,地级市,湖北省,420000,省,,,Jiangling,Jiāng Líng,421024,Jiangling,JiāngLíng,421024,County,Jingzhou,Jīng Zhōu,421000,Prefecture City,Hubei,Hú Běi,420000,Province,2010,1226068,1348668,0.90909549273802,90.91
松滋市,421087,松滋市,421087,县级市,荆州市,421000,地级市,湖北省,420000,省,,,Songzi,Sōng Zī,421087,Songzi,SōngZī,421087,County City,Jingzhou,Jīng Zhōu,421000,Prefecture City,Hubei,Hú Běi,420000,Province,2010,1901625,2803582,0.6782840665976597,67.83
宿松县,340826,宿松县,340826,县,安庆市,340800,地级市,安徽省,340000,省,,,Susong,Sù Sōng,340826,Susong,Sù Sōng,340826,County,Anqing,Ān Qìng,340800,Prefecture City,Anhui,Ān Huī,340000,Province,2010,1632764,3051470,0.5350745706167847,53.51
合川区,500117,合川区,500117,市辖区,不统计,0,不统计,重庆市,500000,直辖市,合川市,2006年撤销合川市，设立合川区,Hechuan,Hé Chuān,500117,Hechuan,Hé Chuān,500117,District,NULL,NULL,0,NULL,Chongqing,Chóng Qìng,500000,Municipality,2010,2606897,3022694,0.8624415835675063,86.24
名山县,511821,名山县,511821,县,雅安市,511800,地级市,四川省,510000,省,,,Mingshan,Míng Shān,511821,Mingshan,MíngShān,511821,County,Yaan,Yǎ Ān,511800,Prefecture City,Sichuan,Sì Chuān,510000,Province,2010,690751,798269,0.8653110668208336,86.53
潼南县,500223,潼南县,500223,县,不统计,0,不统计,重庆市,500000,直辖市,,,Tongnan,Tóng Nán,500223,Tongnan,Tóng Nán,500223,County,NULL,NULL,0,NULL,Chongqing,Chóng Qìng,500000,Municipality,2010,1965146,2046324,0.960329840240353,96.03
梁子湖区,420702,梁子湖区,420702,市辖区,鄂州市,420700,地级市,湖北省,420000,省,,,Liangzihu,Liáng Zǐ Hú,420702,Liangzihu,Liáng Zǐ Hú,420702,District,Ezhou,È Zhōu,420700,Prefecture City,Hubei,Hú Běi,420000,Province,2010,357775,627018,0.5705976542938161,57.06
萧山区,330109,萧山区,330109,市辖区,杭州市,330100,地级市,浙江省,330000,省,萧山市,2001年撤销萧山市，设立萧山区,Xiaoshan,Xiāo Shān,330109,Xiaoshan,XiāoShān,330109,District,Hangzhou,Háng Zhōu,330100,Prefecture City,Zhejiang,Zhè Jiāng,330000,Province,2010,646817,1821249,0.35515022932064755,35.52
西塞山区,420203,西塞山区,420203,市辖区,黄石市,420200,地级市,湖北省,420000,省,石灰窑区,2001年石灰窑区更名为西塞山区,Xisaishan,Xī Sài Shān,420203,Xisaishan,Xī Sài Shān,420203,District,Huangshi,Huáng Shí,420200,Prefecture City,Hubei,Hú Běi,420000,Province,2010,41945,148261,0.28291324083879105,28.29
滨江区,330108,滨江区,330108,市辖区,杭州市,330100,地级市,浙江省,330000,省,,,Binjiang,Bīn Jiāng,330108,Binjiang,BīnJiāng,330108,District,Hangzhou,Háng Zhōu,330100,Prefecture City,Zhejiang,Zhè Jiāng,330000,Province,2010,17861,92121,0.19388630171187896,19.39
下陆区,420204,下陆区,420204,市辖区,黄石市,420200,地级市,湖北省,420000,省,,,Xialu,Xià Lù,420204,Xialu,Xià Lù,420204,District,Huangshi,Huáng Shí,420200,Prefecture City,Hubei,Hú Běi,420000,Province,2010,24949,79943,0.3120848604630799,31.21
西湖区,330106,西湖区,330106,市辖区,杭州市,330100,地级市,浙江省,330000,省,,,Xihu,Xī Hú,330106,Xihu,XīHú,330106,District,Hangzhou,Háng Zhōu,330100,Prefecture City,Zhejiang,Zhè Jiāng,330000,Province,2010,88450,399283,0.22152207832539828,22.15
铁山区,420205,铁山区,420205,市辖区,黄石市,420200,地级市,湖北省,420000,省,,,Tieshan,Tiě Shān,420205,Tieshan,TiěShān,420205,District,Huangshi,Huáng Shí,420200,Prefecture City,Hubei,Hú Běi,420000,Province,2010,7934,37385,0.21222415407248896,21.22
慈溪市,330282,慈溪市,330282,县级市,宁波市,330200,地级市,浙江省,330000,省,,,Cixi,Cí Xī,330282,Cixi,CíXī,330282,County City,Ningbo,Níng Bō,330200,Prefecture City,Zhejiang,Zhè Jiāng,330000,Province,2010,672892,1744963,0.3856196377802853,38.56
蒲江县,510131,蒲江县,510131,县,成都市,510100,地级市,四川省,510000,省,,,Pujiang,Pú Jiāng,510131,Pujiang,PúJiāng,510131,County,Chengdu,Chéng Dū,510100,Prefecture City,Sichuan,Sì Chuān,510000,Province,2010,696682,750900,0.9277959781595418,92.78
望江县,340827,望江县,340827,县,安庆市,340800,地级市,安徽省,340000,省,,,Wangjiang,Wàng Jiāng,340827,Wangjiang,WàngJiāng,340827,County,Anqing,Ān Qìng,340800,Prefecture City,Anhui,Ān Huī,340000,Province,2010,1291469,1731015,0.746076146076146,74.61
江夏区,420115,江夏区,420115,市辖区,武汉市,420100,地级市,湖北省,420000,省,,,Jiangxia,Jiāng Xià,420115,Jiangxia,JiāngXià,420115,District,Wuhan,Wǔ Hàn,420100,Prefecture City,Hubei,Hú Běi,420000,Province,2010,1564920,2603907,0.6009892058356923,60.1
彭山县,511422,彭山县,511422,县,眉山市,511400,地级市,四川省,510000,省,,,Pengshan,Péng Shān,511422,Pengshan,PéngShān,511422,County,Meishan,Méi Shān,511400,Prefecture City,Sichuan,Sì Chuān,510000,Province,2010,542911,603629,0.8994117247514616,89.94
垫江县,500231,垫江县,500231,县,不统计,0,不统计,重庆市,500000,直辖市,,,Dianjiang,Diàn Jiāng,500231,Dianjiang,DiànJiāng,500231,County,NULL,NULL,0,NULL,Chongqing,Chóng Qìng,500000,Municipality,2010,1615563,1956160,0.8258848969409456,82.59
邻水县,511623,邻水县,511623,县,广安市,511600,地级市,四川省,510000,省,,,Linshui,Lín Shuǐ,511623,Linshui,LínShuǐ,511623,County,Guangan,Guǎng Ān,511600,Prefecture City,Sichuan,Sì Chuān,510000,Province,2010,1685206,2466363,0.6832757384050928,68.33
汉南区,420113,汉南区,420113,市辖区,武汉市,420100,地级市,湖北省,420000,省,,,Hannan,Hàn Nán,420113,Hannan,Hàn Nán,420113,District,Wuhan,Wǔ Hàn,420100,Prefecture City,Hubei,Hú Běi,420000,Province,2010,235213,371637,0.6329106090082527,63.29
仙桃市,429004,仙桃市,429004,县级市,不统计,0,不统计,湖北省,420000,省,,"省直辖市,省直管,是县级单位",Xiantao,Xiān Táo,429004,Xiantao,XiānTáo,429004,County City,NULL,NULL,0,NULL,Hubei,Hú Běi,420000,Province,2010,2605601,3252915,0.8010049447956679,80.1
宜都市,420581,宜都市,420581,县级市,宜昌市,420500,地级市,湖北省,420000,省,,,Yidu,Yí Dū,420581,Yidu,Yí Dū,420581,County City,Yichang,Yí Chāng,420500,Prefecture City,Hubei,Hú Běi,420000,Province,2010,443040,1744352,0.2539854341325604,25.4
乐至县,512022,乐至县,512022,县,资阳市,512000,地级市,四川省,510000,省,,,Lezhi,Lè Zhì,512022,Lezhi,Lè Zhì,512022,County,Ziyang,Zī Yáng,512000,Prefecture City,Sichuan,Sì Chuān,510000,Province,2010,1786949,1838495,0.9719629370762499,97.2
江干区,330104,江干区,330104,市辖区,杭州市,330100,地级市,浙江省,330000,省,,,Jianggan,Jiāng Gān,330104,Jianggan,Jiāng Gān,330104,District,Hangzhou,Háng Zhōu,330100,Prefecture City,Zhejiang,Zhè Jiāng,330000,Province,2010,56083,258644,0.2168347226303336,21.68
岱山县,330921,岱山县,330921,县,舟山市,330900,地级市,浙江省,330000,省,,,Daishan,Dài Shān,330921,Daishan,DàiShān,330921,County,Zhoushan,Zhōu Shān,330900,Prefecture City,Zhejiang,Zhè Jiāng,330000,Province,2010,128813,327173,0.3937152515641572,39.37
旌德县,341825,旌德县,341825,县,宣城市,341800,地级市,安徽省,340000,省,,,Jingde,Jīng Dé,341825,Jingde,JīngDé,341825,County,Xuancheng,Xuān Chéng,341800,Prefecture City,Anhui,Ān Huī,340000,Province,2010,206715,1171882,0.1763957463294086,17.64
华蓥市,511681,华蓥市,511681,县级市,广安市,511600,地级市,四川省,510000,省,,,Huaying,Huá Yíng,511681,Huaying,Huá Yíng,511681,County City,Guangan,Guǎng Ān,511600,Prefecture City,Sichuan,Sì Chuān,510000,Province,2010,371879,596738,0.6231863900070047,62.32
沙市区,421002,沙市区,421002,市辖区,荆州市,421000,地级市,湖北省,420000,省,,,Shashi,Shā Shì,421002,Shashi,Shā Shì,421002,District,Jingzhou,Jīng Zhōu,421000,Prefecture City,Hubei,Hú Běi,420000,Province,2010,480856,667600,0.7202756141402037,72.03
蕲春县,421126,蕲春县,421126,县,黄冈市,421100,地级市,湖北省,420000,省,,,Qichun,Qí Chūn,421126,Qichun,QíChūn,421126,County,Huanggang,Huáng Gāng,421100,Prefecture City,Hubei,Hú Běi,420000,Province,2010,1307652,3087763,0.4234949379210775,42.35
鄂城区,420704,鄂城区,420704,市辖区,鄂州市,420700,地级市,湖北省,420000,省,,,Echeng,È Chéng,420704,Echeng,ÈChéng,420704,District,Ezhou,È Zhōu,420700,Prefecture City,Hubei,Hú Běi,420000,Province,2010,445537,780305,0.5709780150069524,57.1
忠县,500233,忠县,500233,县,不统计,0,不统计,重庆市,500000,直辖市,,,Zhongxian,Zhōng Xiàn,500233,Zhongxian,ZhōngXiàn,500233,County,NULL,NULL,0,NULL,Chongqing,Chóng Qìng,500000,Municipality,2010,1817408,2817421,0.6450608552999356,64.51
潜江市,429005,潜江市,429005,县级市,不统计,0,不统计,湖北省,420000,省,,"省直辖市,省直管,是县级单位",Qianjiang,Qián Jiāng,429005,Qianjiang,QiánJiāng,429005,County City,NULL,NULL,0,NULL,Hubei,Hú Běi,420000,Province,2010,2316559,2578909,0.8982709355002445,89.83
安居区,510904,安居区,510904,市辖区,遂宁市,510900,地级市,四川省,510000,省,,,Anju,Ān Jū,510904,Anju,ĀnJū,510904,District,Suining,Suì Níng,510900,Prefecture City,Sichuan,Sì Chuān,510000,Province,2010,1602618,1637651,0.9786077741838768,97.86
武胜县,511622,武胜县,511622,县,广安市,511600,地级市,四川省,510000,省,,,Wusheng,Wǔ Shèng,511622,Wusheng,Wǔ Shèng,511622,County,Guangan,Guǎng Ān,511600,Prefecture City,Sichuan,Sì Chuān,510000,Province,2010,1173194,1235407,0.9496416970277811,94.96
余杭区,330110,余杭区,330110,市辖区,杭州市,330100,地级市,浙江省,330000,省,余杭市,2001年撤销余杭市，设立余杭区,Yuhang,Yú Háng,330110,Yuhang,YúHáng,330110,District,Hangzhou,Háng Zhōu,330100,Prefecture City,Zhejiang,Zhè Jiāng,330000,Province,2010,628085,1585766,0.3960767225429225,39.61
邛崃市,510183,邛崃市,510183,县级市,成都市,510100,地级市,四川省,510000,省,,,Qionglai,Qióng Lái,510183,Qionglai,QióngLái,510183,County City,Chengdu,Chéng Dū,510100,Prefecture City,Sichuan,Sì Chuān,510000,Province,2010,1209211,1773967,0.6816423304379394,68.16
简阳市,512081,简阳市,512081,县级市,资阳市,512000,地级市,四川省,510000,省,,,Jianyang,Jiǎn Yáng,512081,Jianyang,JiǎnYáng,512081,County City,Ziyang,Zī Yáng,512000,Prefecture City,Sichuan,Sì Chuān,510000,Province,2010,2706995,2858650,0.9469487345425288,94.69
荆州区,421003,荆州区,421003,市辖区,荆州市,421000,地级市,湖北省,420000,省,,,Jingzhou,Jīng Zhōu,421003,Jingzhou,JīngZhōu,421003,District,Jingzhou,Jīng Zhōu,421000,Prefecture City,Hubei,Hú Běi,420000,Province,2010,1135266,1345850,0.8435308541070698,84.35
新津县,510132,新津县,510132,县,成都市,510100,地级市,四川省,510000,省,,,Xinjin,Xīn Jīn,510132,Xinjin,XīnJīn,510132,County,Chengdu,Chéng Dū,510100,Prefecture City,Sichuan,Sì Chuān,510000,Province,2010,364823,426005,0.856381967347801,85.64
海宁市,330481,海宁市,330481,县级市,嘉兴市,330400,地级市,浙江省,330000,省,,,Haining,Hǎi Níng,330481,Haining,Hǎi Níng,330481,County City,Jiaxing,Jiā Xīng,330400,Prefecture City,Zhejiang,Zhè Jiāng,330000,Province,2010,706365,1118246,0.6316722796236248,63.17
枝江市,420583,枝江市,420583,县级市,宜昌市,420500,地级市,湖北省,420000,省,,,Zhijiang,Zhī Jiāng,420583,Zhijiang,ZhīJiāng,420583,County City,Yichang,Yí Chāng,420500,Prefecture City,Hubei,Hú Běi,420000,Province,2010,1451523,1779082,0.8158831352349133,81.59
双流县,510122,双流县,510122,县,成都市,510100,地级市,四川省,510000,省,,,Shuangliu,Shuāng Liú,510122,Shuangliu,ShuāngLiú,510122,County,Chengdu,Chéng Dū,510100,Prefecture City,Sichuan,Sì Chuān,510000,Province,2010,1136347,1382663,0.8218539152345872,82.19
蔡甸区,420114,蔡甸区,420114,市辖区,武汉市,420100,地级市,湖北省,420000,省,,,Caidian,Cài Diàn,420114,Caidian,CàiDiàn,420114,District,Wuhan,Wǔ Hàn,420100,Prefecture City,Hubei,Hú Běi,420000,Province,2010,932926,1415658,0.659005211710738,65.9
海盐县,330424,海盐县,330424,县,嘉兴市,330400,地级市,浙江省,330000,省,,,Haiyan,Hǎi Yán,330424,Haiyan,HǎiYán,330424,County,Jiaxing,Jiā Xīng,330400,Prefecture City,Zhejiang,Zhè Jiāng,330000,Province,2010,554457,1408677,0.3936012300903614,39.36
华容区,420703,华容区,420703,市辖区,鄂州市,420700,地级市,湖北省,420000,省,,,Huarong,Huá Róng,420703,Huarong,Huá Róng,420703,District,Ezhou,È Zhōu,420700,Prefecture City,Hubei,Hú Běi,420000,Province,2010,422934,635459,0.6655567078285145,66.56
太湖县,340825,太湖县,340825,县,安庆市,340800,地级市,安徽省,340000,省,,,Taihu,Tài Hú,340825,Taihu,TàiHú,340825,County,Anqing,Ān Qìng,340800,Prefecture City,Anhui,Ān Huī,340000,Province,2010,746258,2636172,0.28308395658553387,28.31
浠水县,421125,浠水县,421125,县,黄冈市,421100,地级市,湖北省,420000,省,,,Xishui,Xī Shuǐ,421125,Xishui,XīShuǐ,421125,County,Huanggang,Huáng Gāng,421100,Prefecture City,Hubei,Hú Běi,420000,Province,2010,1623296,2534490,0.6404823061049758,64.05
贵池区,341702,贵池区,341702,市辖区,池州市,341700,地级市,安徽省,340000,省,贵池市,2000年撤销贵池市，设立贵池区,Guichi,Guì Chí,341702,Guichi,GuìChí,341702,District,Chizhou,Chí Zhōu,341700,Prefecture City,Anhui,Ān Huī,340000,Province,2010,940944,3287339,0.2862327250094986,28.62
黄州区,421102,黄州区,421102,市辖区,黄冈市,421100,地级市,湖北省,420000,省,,,Huangzhou,Huáng Zhōu,421102,Huangzhou,HuángZhōu,421102,District,Huanggang,Huáng Gāng,421100,Prefecture City,Hubei,Hú Běi,420000,Province,2010,264340,468596,0.5641106624896499,56.41
大观区,340803,大观区,340803,市辖区,安庆市,340800,地级市,安徽省,340000,省,,,Daguan,Dà Guān,340803,Daguan,Dà Guān,340803,District,Anqing,Ān Qìng,340800,Prefecture City,Anhui,Ān Huī,340000,Province,2010,110087,241798,0.4552849899502891,45.53
船山区,510903,船山区,510903,市辖区,遂宁市,510900,地级市,四川省,510000,省,市中区,2003年撤销市中区，设立船山区,Chuanshan,Chuán Shān,510903,Chuanshan,ChuánShān,510903,District,Suining,Suì Níng,510900,Prefecture City,Sichuan,Sì Chuān,510000,Province,2010,670999,784400,0.8554296277409486,85.54
岳池县,511621,岳池县,511621,县,广安市,511600,地级市,四川省,510000,省,,,Yuechi,Yuè Chí,511621,Yuechi,YuèChí,511621,County,Guangan,Guǎng Ān,511600,Prefecture City,Sichuan,Sì Chuān,510000,Province,2010,1785284,1915701,0.9319220483781133,93.19
洪山区,420111,洪山区,420111,市辖区,武汉市,420100,地级市,湖北省,420000,省,,,Hongshan,Hóng Shān,420111,Hongshan,HóngShān,420111,District,Wuhan,Wǔ Hàn,420100,Prefecture City,Hubei,Hú Běi,420000,Province,2010,295584,732802,0.40336134453781514,40.34
汉阳区,420105,汉阳区,420105,市辖区,武汉市,420100,地级市,湖北省,420000,省,,,Hanyang,Hàn Yáng,420105,Hanyang,HànYáng,420105,District,Wuhan,Wǔ Hàn,420100,Prefecture City,Hubei,Hú Běi,420000,Province,2010,32441,146647,0.22121829972655424,22.12
猇亭区,420505,猇亭区,420505,市辖区,宜昌市,420500,地级市,湖北省,420000,省,,,Xiaoting,Xiāo Tíng,420505,Xiaoting,XiāoTíng,420505,District,Yichang,Yí Chāng,420500,Prefecture City,Hubei,Hú Běi,420000,Province,2010,79429,156029,0.5090656224163457,50.91
迎江区,340802,迎江区,340802,市辖区,安庆市,340800,地级市,安徽省,340000,省,,,Yingjiang,Yíng Jiāng,340802,Yingjiang,YíngJiāng,340802,District,Anqing,Ān Qìng,340800,Prefecture City,Anhui,Ān Huī,340000,Province,2010,126411,261623,0.48317999564258496,48.32
德清县,330521,德清县,330521,县,湖州市,330500,地级市,浙江省,330000,省,,,Deqing,Dé Qīng,330521,Deqing,DéQīng,330521,County,Huzhou,Hú Zhōu,330500,Prefecture City,Zhejiang,Zhè Jiāng,330000,Province,2010,424478,1212264,0.3501531019645886,35.02
大英县,510923,大英县,510923,县,遂宁市,510900,地级市,四川省,510000,省,,,Daying,Dà Yīng,510923,Daying,Dà Yīng,510923,County,Suining,Suì Níng,510900,Prefecture City,Sichuan,Sì Chuān,510000,Province,2010,873794,908054,0.9622709662641209,96.23
怀宁县,340822,怀宁县,340822,县,安庆市,340800,地级市,安徽省,340000,省,,,Huaining,Huái Níng,340822,Huaining,Huái Níng,340822,County,Anqing,Ān Qìng,340800,Prefecture City,Anhui,Ān Huī,340000,Province,2010,1183912,1733459,0.682976638039896,68.3
广安区,511602,广安区,511602,市辖区,广安市,511600,地级市,四川省,510000,省,,,Guangan,Guǎng Ān,511602,Guangan,Guǎng Ān,511602,District,Guangan,Guǎng Ān,511600,Prefecture City,Sichuan,Sì Chuān,510000,Province,2010,1703917,1983540,0.8590283029331397,85.9
泾县,341823,泾县,341823,县,宣城市,341800,地级市,安徽省,340000,省,,,Jingxian,Jīng Xiàn,341823,Jingxian,JīngXiàn,341823,County,Xuancheng,Xuān Chéng,341800,Prefecture City,Anhui,Ān Huī,340000,Province,2010,551668,2635134,0.2093510235153127,20.94
青阳县,341723,青阳县,341723,县,池州市,341700,地级市,安徽省,340000,省,,,Qingyang,Qīng Yáng,341723,Qingyang,QīngYáng,341723,County,Chizhou,Chí Zhōu,341700,Prefecture City,Anhui,Ān Huī,340000,Province,2010,437952,1550271,0.28250028543396605,28.25
龙泉驿区,510185,龙泉驿区,510112,市辖区,成都市,510100,地级市,四川省,510000,省,,,Longquanyi,Lóng Quán Yì,510112,Longquanyi,LóngQuánYì,510112,District,Chengdu,Chéng Dū,510100,Prefecture City,Sichuan,Sì Chuān,510000,Province,2010,556339,722286,0.7702475196805697,77.02
锦江区,510104,锦江区,510104,市辖区,成都市,510100,地级市,四川省,510000,省,,,Jinjiang,Jǐn Jiāng,510104,Jinjiang,JǐnJiāng,510104,District,Chengdu,Chéng Dū,510100,Prefecture City,Sichuan,Sì Chuān,510000,Province,2010,30478,78238,0.38955494772361254,38.96
桐乡市,330483,桐乡市,330483,县级市,嘉兴市,330400,地级市,浙江省,330000,省,,,Tongxiang,Tóng Xiāng,330483,Tongxiang,TóngXiāng,330483,County City,Jiaxing,Jiā Xīng,330400,Prefecture City,Zhejiang,Zhè Jiāng,330000,Province,2010,769017,942606,0.8158414013914616,81.58
大邑县,510129,大邑县,510129,县,成都市,510100,地级市,四川省,510000,省,,,Dayi,Dà Yì,510129,Dayi,Dà Yì,510129,County,Chengdu,Chéng Dū,510100,Prefecture City,Sichuan,Sì Chuān,510000,Province,2010,722707,1661420,0.4349935597260175,43.5
汉川市,420984,汉川市,420984,县级市,孝感市,420900,地级市,湖北省,420000,省,,,Hanchuan,Hàn Chuān,420984,Hanchuan,HànChuān,420984,County City,Xiaogan,Xiào Gǎn,420900,Prefecture City,Hubei,Hú Běi,420000,Province,2010,1792300,2145429,0.835404014768142,83.54
安吉县,330523,安吉县,330523,县,湖州市,330500,地级市,浙江省,330000,省,,,Anji,Ān Jí,330523,Anji,ĀnJí,330523,County,Huzhou,Hú Zhōu,330500,Prefecture City,Zhejiang,Zhè Jiāng,330000,Province,2010,426377,2442716,0.1745503775305848,17.46
天门市,429006,天门市,429006,县级市,不统计,0,不统计,湖北省,420000,省,,"省直辖市,省直管,是县级单位",Tianmen,Tiān Mén,429006,Tianmen,TiānMén,429006,County City,NULL,NULL,0,NULL,Hubei,Hú Běi,420000,Province,2010,3185389,3387145,0.9404347909522621,94.04
宜秀区,340811,宜秀区,340811,市辖区,安庆市,340800,地级市,安徽省,340000,省,郊区,2005年郊区更名为宜秀区,Yixiu,Yí Xiù,340811,Yixiu,YíXiù,340811,District,Anqing,Ān Qìng,340800,Prefecture City,Anhui,Ān Huī,340000,Province,2010,212046,542030,0.3912071287567109,39.12
蓬溪县,510921,蓬溪县,510921,县,遂宁市,510900,地级市,四川省,510000,省,,,Pengxi,Péng Xī,510921,Pengxi,PéngXī,510921,County,Suining,Suì Níng,510900,Prefecture City,Sichuan,Sì Chuān,510000,Province,2010,1527816,1619243,0.9435371960848372,94.35
伍家岗区,420503,伍家岗区,420503,市辖区,宜昌市,420500,地级市,湖北省,420000,省,,,Wujiagang,Wǔ Jiā Gǎng,420503,Wujiagang,Wǔ Jiā Gǎng,420503,District,Yichang,Yí Chāng,420500,Prefecture City,Hubei,Hú Běi,420000,Province,2010,32232,107583,0.2996012381138284,29.96
梁平县,500228,梁平县,500228,县,不统计,0,不统计,重庆市,500000,直辖市,,,Liangping,Liáng Píng,500228,Liangping,LiángPíng,500228,County,NULL,NULL,0,NULL,Chongqing,Chóng Qìng,500000,Municipality,2010,1635643,2448677,0.6679700916045685,66.8
沙洋县,420822,沙洋县,420822,县,荆门市,420800,地级市,湖北省,420000,省,,,Shayang,Shā Yáng,420822,Shayang,Shā Yáng,420822,County,Jingmen,Jīng Mén,420800,Prefecture City,Hubei,Hú Běi,420000,Province,2010,2540654,2833881,0.8965281181531617,89.65
平湖市,330482,平湖市,330482,县级市,嘉兴市,330400,地级市,浙江省,330000,省,,,Pinghu,Píng Hú,330482,Pinghu,PíngHú,330482,County City,Jiaxing,Jiā Xīng,330400,Prefecture City,Zhejiang,Zhè Jiāng,330000,Province,2010,583277,965615,0.6040471616534541,60.4
青羊区,510105,青羊区,510105,市辖区,成都市,510100,地级市,四川省,510000,省,,,Qingyang,Qīng Yáng,510105,Qingyang,QīngYáng,510105,District,Chengdu,Chéng Dū,510100,Prefecture City,Sichuan,Sì Chuān,510000,Province,2010,22575,83627,0.26994870077845673,26.99
大竹县,511724,大竹县,511724,县,达州市,511700,地级市,四川省,510000,省,,,Dazhu,Dà Zhú,511724,Dazhu,Dà Zhú,511724,County,Dazhou,Dá Zhōu,511700,Prefecture City,Sichuan,Sì Chuān,510000,Province,2010,1883647,2694635,0.6990360475537504,69.9
成华区,510108,成华区,510108,市辖区,成都市,510100,地级市,四川省,510000,省,,,Chenghua,Chéng Huá,510108,Chenghua,Chéng Huá,510108,District,Chengdu,Chéng Dū,510100,Prefecture City,Sichuan,Sì Chuān,510000,Province,2010,40762,141877,0.2873052009839509,28.73
东西湖区,420112,东西湖区,420112,市辖区,武汉市,420100,地级市,湖北省,420000,省,,,Dongxihu,Dōng Xī Hú,420112,Dongxihu,DōngXīHú,420112,District,Wuhan,Wǔ Hàn,420100,Prefecture City,Hubei,Hú Běi,420000,Province,2010,383210,630862,0.607438710843259,60.74
嘉陵区,511304,嘉陵区,511304,市辖区,南充市,511300,地级市,四川省,510000,省,,,Jialing,Jiā Líng,511304,Jialing,JiāLíng,511304,District,Nanchong,Nán Chōng,511300,Prefecture City,Sichuan,Sì Chuān,510000,Province,2010,1455645,1527395,0.9530245941619555,95.3
万州区,500101,万州区,500101,市辖区,不统计,0,不统计,重庆市,500000,直辖市,,,Wanzhou,Wàn Zhōu,500101,Wanzhou,Wàn Zhōu,500101,District,NULL,NULL,0,NULL,Chongqing,Chóng Qìng,500000,Municipality,2010,2144516,4482625,0.4784062909567497,47.84
南湖区,330402,南湖区,330402,市辖区,嘉兴市,330400,地级市,浙江省,330000,省,秀城区,2005年秀城区更名为南湖区,Nanhu,Nán Hú,330402,Nanhu,Nán Hú,330402,District,Jiaxing,Jiā Xīng,330400,Prefecture City,Zhejiang,Zhè Jiāng,330000,Province,2010,454851,569396,0.7988306907670585,79.88
崇州市,510184,崇州市,510184,县级市,成都市,510100,地级市,四川省,510000,省,,,Chongzhou,Chóng Zhōu,510184,Chongzhou,ChóngZhōu,510184,County City,Chengdu,Chéng Dū,510100,Prefecture City,Sichuan,Sì Chuān,510000,Province,2010,780346,1413448,0.552086811824701,55.21
团风县,421121,团风县,421121,县,黄冈市,421100,地级市,湖北省,420000,省,,,Tuanfeng,Tuán Fēng,421121,Tuanfeng,TuánFēng,421121,County,Huanggang,Huáng Gāng,421100,Prefecture City,Hubei,Hú Běi,420000,Province,2010,591160,1068795,0.5531088749479554,55.31
金堂县,510121,金堂县,510121,县,成都市,510100,地级市,四川省,510000,省,,,Jintang,Jīn Táng,510121,Jintang,JīnTáng,510121,County,Chengdu,Chéng Dū,510100,Prefecture City,Sichuan,Sì Chuān,510000,Province,2010,1399466,1499120,0.933525001334116,93.35
温江区,510115,温江区,510115,市辖区,成都市,510100,地级市,四川省,510000,省,温江县,2002年撤销温江县，设立温江区,Wenjiang,Wēn Jiāng,510115,Wenjiang,WēnJiāng,510115,District,Chengdu,Chéng Dū,510100,Prefecture City,Sichuan,Sì Chuān,510000,Province,2010,284050,358638,0.792024269597756,79.2
金牛区,510106,金牛区,510106,市辖区,成都市,510100,地级市,四川省,510000,省,,,Jinniu,Jīn Niú,510106,Jinniu,JīnNiú,510106,District,Chengdu,Chéng Dū,510100,Prefecture City,Sichuan,Sì Chuān,510000,Province,2010,31135,138425,0.22492324363373667,22.49
西陵区,420502,西陵区,420502,市辖区,宜昌市,420500,地级市,湖北省,420000,省,,,Xiling,Xī Líng,420502,Xiling,XīLíng,420502,District,Yichang,Yí Chāng,420500,Prefecture City,Hubei,Hú Běi,420000,Province,2010,19324,104332,0.1852164244910478,18.52
潜山县,340824,潜山县,340824,县,安庆市,340800,地级市,安徽省,340000,省,,,Qianshan,Qián Shān,340824,Qianshan,QiánShān,340824,County,Anqing,Ān Qìng,340800,Prefecture City,Anhui,Ān Huī,340000,Province,2010,760998,2194302,0.34680641042117266,34.68
南浔区,330503,南浔区,330503,市辖区,湖州市,330500,地级市,浙江省,330000,省,,2003年新设立南浔区,Nanxun,Nán Xún,330503,Nanxun,Nán Xún,330503,District,Huzhou,Hú Zhōu,330500,Prefecture City,Zhejiang,Zhè Jiāng,330000,Province,2010,626111,909628,0.6883154432361361,68.83
秀洲区,330411,秀洲区,330411,市辖区,嘉兴市,330400,地级市,浙江省,330000,省,,,Xiuzhou,Xiù Zhōu,330411,Xiuzhou,XiùZhōu,330411,District,Jiaxing,Jiā Xīng,330400,Prefecture City,Zhejiang,Zhè Jiāng,330000,Province,2010,540521,709856,0.7614516183563991,76.15
高坪区,511303,高坪区,511303,市辖区,南充市,511300,地级市,四川省,510000,省,,,Gaoping,Gāo Píng,511303,Gaoping,GāoPíng,511303,District,Nanchong,Nán Chōng,511300,Prefecture City,Sichuan,Sì Chuān,510000,Province,2010,923593,1046472,0.8825778425031917,88.26
青白江区,510113,青白江区,510113,市辖区,成都市,510100,地级市,四川省,510000,省,,,Qingbaijiang,Qīng Bái Jiāng,510113,Qingbaijiang,QīngBáiJiāng,510113,District,Chengdu,Chéng Dū,510100,Prefecture City,Sichuan,Sì Chuān,510000,Province,2010,421532,491048,0.858433391440348,85.84
新洲区,420117,新洲区,420117,市辖区,武汉市,420100,地级市,湖北省,420000,省,,,Xinzhou,Xīn Zhōu,420117,Xinzhou,XīnZhōu,420117,District,Wuhan,Wǔ Hàn,420100,Prefecture City,Hubei,Hú Běi,420000,Province,2010,1357785,1915354,0.7088950658729405,70.89
吴兴区,330502,吴兴区,330502,市辖区,湖州市,330500,地级市,浙江省,330000,省,,2003年新设立吴兴区,Wuxing,Wú Xīng,330502,Wuxing,Wú Xīng,330502,District,Huzhou,Hú Zhōu,330500,Prefecture City,Zhejiang,Zhè Jiāng,330000,Province,2010,475196,1118450,0.4248701327730341,42.49
当阳市,420582,当阳市,420582,县级市,宜昌市,420500,地级市,湖北省,420000,省,,,Dangyang,Dāng Yáng,420582,Dangyang,Dāng Yáng,420582,County City,Yichang,Yí Chāng,420500,Prefecture City,Hubei,Hú Běi,420000,Province,2010,1766803,2790179,0.6332220979370857,63.32
金山区,310116,金山区,310116,市辖区,不统计,0,不统计,上海市,310000,直辖市,,,Jinshan,Jīn Shān,310116,Jinshan,JīnShān,310116,District,NULL,NULL,0,NULL,Shanghai,Shàng Hǎi,310000,Municipality,2010,618168,785164,0.7873106764956112,78.73
新都区,510114,新都区,510114,市辖区,成都市,510100,地级市,四川省,510000,省,新都县,2001年撤销新都县，设立新都区,Xindu,Xīn Dū,510114,Xindu,Xīn Dū,510114,District,Chengdu,Chéng Dū,510100,Prefecture City,Sichuan,Sì Chuān,510000,Province,2010,500112,640633,0.7806528855054298,78.07
郫县,510124,郫县,510124,县,成都市,510100,地级市,四川省,510000,省,,,Pixian,"Pí Xiàn
",510124,"Pixian
","Pí Xiàn
",510124,County,Chengdu,Chéng Dū,510100,Prefecture City,Sichuan,Sì Chuān,510000,Province,2010,439832,570586,0.7708426074246476,77.08
郊区,340711,郊区,340711,市辖区,铜陵市,340700,地级市,安徽省,340000,省,,,Jiaoqu,Jiāo Qū,340711,Jiaoqu,Jiāo Qū,340711,District,Tongling,Tóng Líng,340700,Prefecture City,Anhui,Ān Huī,340000,Province,2010,78046,197762,0.39464608974423804,39.46
枞阳县,340722,枞阳县,340722,县,安庆市,340800,地级市,安徽省,340000,省,,,Zongyang,Zōng Yáng,340722,Zongyang,Zōng Yáng,340722,County,Anqing,Ān Qìng,340800,Prefecture City,Anhui,Ān Huī,340000,Province,2010,1453860,2423613,0.5998729995259144,59.99
英山县,421124,英山县,421124,县,黄冈市,421100,地级市,湖北省,420000,省,,,Yingshan,Yīng Shān,421124,Yingshan,YīngShān,421124,County,Huanggang,Huáng Gāng,421100,Prefecture City,Hubei,Hú Běi,420000,Province,2010,292490,1873694,0.15610339788674138,15.61
中江县,510623,中江县,510623,县,德阳市,510600,地级市,四川省,510000,省,,,Zhongjiang,Zhōng Jiāng,510623,Zhongjiang,Zhōng Jiāng,510623,County,Deyang,Dé Yáng,510600,Prefecture City,Sichuan,Sì Chuān,510000,Province,2010,2700953,2858515,0.944879771489742,94.49
广德县,341822,广德市,341822,县,宣城市,341800,地级市,安徽省,340000,省,,,Guangde,Guǎng Dé,341822,Guangde,Guǎng Dé,341822,County,Xuancheng,Xuān Chéng,341800,Prefecture City,Anhui,Ān Huī,340000,Province,2010,933406,2748050,0.3396612143156056,33.97
南陵县,340223,南陵县,340223,县,芜湖市,340200,地级市,安徽省,340000,省,,,Nanling,Nán Líng,340223,Nanling,Nán Líng,340223,County,Wuhu,Wú Hú,340200,Prefecture City,Anhui,Ān Huī,340000,Province,2010,994964,1637669,0.6075489002967022,60.75
掇刀区,420804,掇刀区,420804,市辖区,荆门市,420800,地级市,湖北省,420000,省,,,Duodao,Duō Dāo,420804,Duodao,DuōDāo,420804,District,Jingmen,Jīng Mén,420800,Prefecture City,Hubei,Hú Běi,420000,Province,2010,623850,712122,0.8760437116112126,87.6
嘉善县,330421,嘉善县,330421,县,嘉兴市,330400,地级市,浙江省,330000,省,,,Jiashan,Jiā Shàn,330421,Jiashan,JiāShàn,330421,County,Jiaxing,Jiā Xīng,330400,Prefecture City,Zhejiang,Zhè Jiāng,330000,Province,2010,459456,658445,0.6977894888715078,69.78
射洪县,510922,射洪市,510922,县,遂宁市,510900,地级市,四川省,510000,省,,,Shehong,Shè Hóng,510981,Shehong,ShèHóng,510922,County,Suining,Suì Níng,510922,Prefecture City,Sichuan,Sì Chuān,510000,Province,2010,1708841,1945812,0.8782148532335087,87.82
奉贤区,310120,奉贤区,310120,市辖区,不统计,0,不统计,上海市,310000,直辖市,奉贤县,2001年撤销奉贤县，设立奉贤区,Fengxian,Fèng Xián,310120,Fengxian,FèngXián,310120,District,NULL,NULL,0,NULL,Shanghai,Shàng Hǎi,310000,Municipality,2010,582256,925368,0.629215620164086,62.92
应城市,420981,应城市,420981,县级市,孝感市,420900,地级市,湖北省,420000,省,,,Yingcheng,Yīng Chéng,420981,Yingcheng,Yīng Chéng,420981,County City,Xiaogan,Xiào Gǎn,420900,Prefecture City,Hubei,Hú Běi,420000,Province,2010,1230715,1424955,0.8636869234467053,86.37
罗田县,421123,罗田县,421123,县,黄冈市,421100,地级市,湖北省,420000,省,,,Luotian,Luó Tián,421123,Luotian,LuóTián,421123,County,Huanggang,Huáng Gāng,421100,Prefecture City,Hubei,Hú Běi,420000,Province,2010,671153,2776331,0.24174098837638597,24.17
孝南区,420902,孝南区,420902,市辖区,孝感市,420900,地级市,湖北省,420000,省,,,Xiaonan,Xiào Nán,420902,Xiaonan,Xiào Nán,420902,District,Xiaogan,Xiào Gǎn,420900,Prefecture City,Hubei,Hú Běi,420000,Province,2010,1061741,1336260,0.7945616870968225,79.46
宣州区,341802,宣州区,341802,市辖区,宣城市,341800,地级市,安徽省,340000,省,宣州市,2000年撤销宣州市，设立宣州区,Xuanzhou,Xuān Zhōu,341802,Xuanzhou,XuānZhōu,341802,District,Xuancheng,Xuān Chéng,341800,Prefecture City,Anhui,Ān Huī,340000,Province,2010,1856619,3375023,0.5501055844656466,55.01
狮子山区,340703,狮子山区,340703,市辖区,铜陵市,340700,地级市,安徽省,340000,省,,,Shizishan,Shī Zi Shān,340703,Shi zi shan,Shī Zi Shān,340703,District,Tongling,Tóng Líng,340700,Prefecture City,Anhui,Ān Huī,340000,Province,2010,45587,87285,0.5222775963796757,52.23
渠县,511725,渠县,511725,县,达州市,511700,地级市,四川省,510000,省,,,Quxian,Qú Xiàn,511725,Quxian,QúXiàn,511725,County,Dazhou,Dá Zhōu,511700,Prefecture City,Sichuan,Sì Chuān,510000,Province,2010,2246805,2624816,0.8559857148081998,85.6
顺庆区,511302,顺庆区,511302,市辖区,南充市,511300,地级市,四川省,510000,省,,,Shunqing,Shùn Qìng,511302,Shunqing,ShùnQìng,511302,District,Nanchong,Nán Chōng,511300,Prefecture City,Sichuan,Sì Chuān,510000,Province,2010,631526,704699,0.8961641778972299,89.62
奉节县,500236,奉节县,500236,县,不统计,0,不统计,重庆市,500000,直辖市,,,Fengjie,Fèng Jié,500236,Fengjie,Fèng Jié,500236,County,NULL,NULL,0,NULL,Chongqing,Chóng Qìng,500000,Municipality,2010,1217397,5326355,0.2285609952772581,22.86
铜陵县,340721,铜陵县,340721,县,铜陵市,340700,地级市,安徽省,340000,省,,,Tong ling,Tóng Líng,340721,Tong ling,Tóng Líng,340721,County,Tongling,Tóng Líng,340700,Prefecture City,Anhui,Ān Huī,340000,Province,2010,605414,1085041,0.5579641690959144,55.8
长兴县,330522,长兴县,330522,县,湖州市,330500,地级市,浙江省,330000,省,,,Changxing,Cháng Xīng,330522,Changxing,Cháng Xīng,330522,County,Huzhou,Hú Zhōu,330500,Prefecture City,Zhejiang,Zhè Jiāng,330000,Province,2010,949360,1858046,0.510945369490314,51.09
黄陂区,420116,黄陂区,420116,市辖区,武汉市,420100,地级市,湖北省,420000,省,,,Huangpi,Huáng Pí,420116,Huangpi,Huáng Pí,420116,District,Wuhan,Wǔ Hàn,420100,Prefecture City,Hubei,Hú Běi,420000,Province,2010,1926439,2921377,0.6594284133817717,65.94
桐城市,340881,桐城市,340881,县级市,安庆市,340800,地级市,安徽省,340000,省,,,Tongcheng,Tóng Chéng,340881,Tongcheng,TóngChéng,340881,County City,Anqing,Ān Qìng,340800,Prefecture City,Anhui,Ān Huī,340000,Province,2010,1168599,2011230,0.581036977372056,58.1
云梦县,420923,云梦县,420923,县,孝感市,420900,地级市,湖北省,420000,省,,,Yunmeng,Yún Mèng,420923,Yunmeng,YúnMèng,420923,County,Xiaogan,Xiào Gǎn,420900,Prefecture City,Hubei,Hú Běi,420000,Province,2010,721548,788798,0.9147436986402095,91.47
蓬安县,511323,蓬安县,511323,县,南充市,511300,地级市,四川省,510000,省,,,Pengan,Péng Ān,511323,Pengan,PéngĀn,511323,County,Nanchong,Nán Chōng,511300,Prefecture City,Sichuan,Sì Chuān,510000,Province,2010,1539587,1733344,0.8882178032750567,88.82
广汉市,510681,广汉市,510681,县级市,德阳市,510600,地级市,四川省,510000,省,,,Guanghan,Guǎng Hàn,510681,Guanghan,Guǎng Hàn,510681,County City,Deyang,Dé Yáng,510600,Prefecture City,Sichuan,Sì Chuān,510000,Province,2010,620132,711903,0.8710905839700072,87.11
吴江市,320584,吴江市,320584,县级市,苏州市,320500,地级市,江苏省,320000,省,,,Wujiang,Wú Jiāng,320584,Wujiang,WúJiāng,320584,County City,Suzhou,Sū Zhōu,320500,Prefecture City,Jiangsu,Jiāng Sū,320000,Province,2010,622966,1610794,0.38674467374474947,38.67
松江区,310117,松江区,310117,市辖区,不统计,0,不统计,上海市,310000,直辖市,,,Songjiang,Sōng Jiāng,310117,Songjiang,SōngJiāng,310117,District,NULL,NULL,0,NULL,Shanghai,Shàng Hǎi,310000,Municipality,2010,445236,785495,0.5668221949216736,56.68
都江堰市,510181,都江堰市,510181,县级市,成都市,510100,地级市,四川省,510000,省,,,Dujiangyan,Dū Jiāng Yàn,510181,Dujiangyan,Dū JiāngYàn,510181,County City,Chengdu,Chéng Dū,510100,Prefecture City,Sichuan,Sì Chuān,510000,Province,2010,545513,1569908,0.3474808714905587,34.75
云阳县,500235,云阳县,500235,县,不统计,0,不统计,重庆市,500000,直辖市,,,Yunyang,Yún Yáng,500235,Yunyang,YúnYáng,500235,County,NULL,NULL,0,NULL,Chongqing,Chóng Qìng,500000,Municipality,2010,1933305,4732163,0.4085457326808058,40.85
开江县,511723,开江县,511723,县,达州市,511700,地级市,四川省,510000,省,,,Kaijiang,Kāi Jiāng,511723,Kaijiang,KāiJiāng,511723,County,Dazhou,Dá Zhōu,511700,Prefecture City,Sichuan,Sì Chuān,510000,Province,2010,918594,1339555,0.6857456394101026,68.57
西充县,511325,西充县,511325,县,南充市,511300,地级市,四川省,510000,省,,,Xichong,Xī Chōng,511325,Xichong,XīChōng,511325,County,Nanchong,Nán Chōng,511300,Prefecture City,Sichuan,Sì Chuān,510000,Province,2010,1297254,1438903,0.9015576449559143,90.16
京山县,420821,京山县,420821,县,荆门市,420800,地级市,湖北省,420000,省,,,Jingshan,Jīng Shān,420821,Jingshan,JīngShān,420821,County,Jingmen,Jīng Mén,420800,Prefecture City,Hubei,Hú Běi,420000,Province,2010,2344817,4582094,0.5117348094561133,51.17
闵行区,310112,闵行区,310112,市辖区,不统计,0,不统计,上海市,310000,直辖市,,,Minhang,Mǐn Háng,310112,Minhang,Mǐn Háng,310112,District,NULL,NULL,0,NULL,Shanghai,Shàng Hǎi,310000,Municipality,2010,121466,485895,0.24998405005196597,25.0
繁昌县,340222,繁昌县,340222,县,芜湖市,340200,地级市,安徽省,340000,省,,,Fanchang,Fán Chāng,340222,Fanchang,Fán Chāng,340222,County,Wuhu,Wú Hú,340200,Prefecture City,Anhui,Ān Huī,340000,Province,2010,442787,819528,0.5402951454983844,54.03
郎溪县,341821,郎溪县,341821,县,宣城市,341800,地级市,安徽省,340000,省,,,Langxi,Láng Xī,341821,Langxi,Láng Xī,341821,County,Xuancheng,Xuān Chéng,341800,Prefecture City,Anhui,Ān Huī,340000,Province,2010,992182,1430456,0.6936123865396768,69.36
三台县,510722,三台县,510722,县,绵阳市,510700,地级市,四川省,510000,省,,,Santai,Sān Tái,510722,Santai,Sān Tái,510722,County,Mianyang,Mián Yáng,510700,Prefecture City,Sichuan,Sì Chuān,510000,Province,2010,3103385,3461395,0.8965706023149627,89.66
巫山县,500237,巫山县,500237,县,不统计,0,不统计,重庆市,500000,直辖市,,,Wushan,Wū Shān,500237,Wushan,WūShān,500237,County,NULL,NULL,0,NULL,Chongqing,Chóng Qìng,500000,Municipality,2010,601627,3842757,0.15656129180169343,15.66
浦东新区,310115,浦东新区,310115,市辖区,不统计,0,不统计,上海市,310000,直辖市,南汇区(浦东新区),2009年南汇区并入浦东新区,Pudongxin,Pǔ Dōng Xīn,310115,Pudongxin,PǔDōngXīn,310115,District,NULL,NULL,0,NULL,Shanghai,Shàng Hǎi,310000,Municipality,2010,738209,1971445,0.37445072015704217,37.45
青浦区,310118,青浦区,310118,市辖区,不统计,0,不统计,上海市,310000,直辖市,,,Qingpu,Qīng Pǔ,310118,Qingpu,QīngPǔ,310118,District,NULL,NULL,0,NULL,Shanghai,Shàng Hǎi,310000,Municipality,2010,483749,870973,0.5554121654747047,55.54
彭州市,510182,彭州市,510182,县级市,成都市,510100,地级市,四川省,510000,省,,,Pengzhou,Péng Zhōu,510182,Pengzhou,PéngZhōu,510182,County City,Chengdu,Chéng Dū,510100,Prefecture City,Sichuan,Sì Chuān,510000,Province,2010,835686,1851632,0.4513240211877954,45.13
芜湖县,340221,芜湖县,340221,县,芜湖市,340200,地级市,安徽省,340000,省,,,Wuhu,Wú Hú,340221,Wuhu,WúHú,340221,County,Wuhu,Wú Hú,340200,Prefecture City,Anhui,Ān Huī,340000,Province,2010,706072,845276,0.8353153289576423,83.53
营山县,511322,营山县,511322,县,南充市,511300,地级市,四川省,510000,省,,,Yingshan,Yíng Shān,511322,Yingshan,YíngShān,511322,County,Nanchong,Nán Chōng,511300,Prefecture City,Sichuan,Sì Chuān,510000,Province,2010,1924728,2129345,0.9039061307585197,90.39
达县,511721,达县,511721,县,达州市,511700,地级市,四川省,510000,省,,,Daxian,Dá Xiàn,511721,Daxian,Dá Xiàn,511721,County,Dazhou,Dá Zhōu,511700,Prefecture City,Sichuan,Sì Chuān,510000,Province,2010,2481337,3512833,0.7063634963574984,70.64
东宝区,420802,东宝区,420802,市辖区,荆门市,420800,地级市,湖北省,420000,省,,,Dongbao,Dōng Bǎo,420802,Dongbao,DōngBǎo,420802,District,Jingmen,Jīng Mén,420800,Prefecture City,Hubei,Hú Běi,420000,Province,2010,871039,2176817,0.4001434204161397,40.01
旌阳区,510603,旌阳区,510603,市辖区,德阳市,510600,地级市,四川省,510000,省,,,Jingyang,Jīng Yáng,510603,Jingyang,JīngYáng,510603,District,Deyang,Dé Yáng,510600,Prefecture City,Sichuan,Sì Chuān,510000,Province,2010,687177,842532,0.8156093774479782,81.56
三山区,340208,三山区,340208,市辖区,芜湖市,340200,地级市,安徽省,340000,省,,,Sanshan,Sān Shān,340208,Sanshan,SānShān,340208,District,Wuhu,Wú Hú,340200,Prefecture City,Anhui,Ān Huī,340000,Province,2010,245291,379081,0.6470675132755269,64.71
麻城市,421181,麻城市,421181,县级市,黄冈市,421100,地级市,湖北省,420000,省,,,Macheng,Má Chéng,421181,Macheng,MáChéng,421181,County City,Huanggang,Huáng Gāng,421100,Prefecture City,Hubei,Hú Běi,420000,Province,2010,2019932,4685789,0.43107617521830366,43.11
孝昌县,420921,孝昌县,420921,县,孝感市,420900,地级市,湖北省,420000,省,,,Xiaochang,Xiào Chāng,420921,Xiaochang,XiàoChāng,420921,County,Xiaogan,Xiào Gǎn,420900,Prefecture City,Hubei,Hú Běi,420000,Province,2010,1191282,1550371,0.7683851155626621,76.84
钟祥市,420881,钟祥市,420881,县级市,荆门市,420800,地级市,湖北省,420000,省,,,Zhongxiang,Zhōng Xiáng,420881,Zhongxiang,ZhōngXiáng,420881,County City,Jingmen,Jīng Mén,420800,Prefecture City,Hubei,Hú Běi,420000,Province,2010,3977019,5755361,0.6910112154563371,69.1
盐亭县,510723,盐亭县,510723,县,绵阳市,510700,地级市,四川省,510000,省,,,Yanting,Yán Tíng,510723,Yanting,YánTíng,510723,County,Mianyang,Mián Yáng,510700,Prefecture City,Sichuan,Sì Chuān,510000,Province,2010,1676153,2146532,0.7808656008855214,78.09
弋江区,340203,弋江区,340203,市辖区,芜湖市,340200,地级市,安徽省,340000,省,马塘区,2005年马塘区更名为弋江区,Yijiang,Yì Jiāng,340203,Yijiang,YìJiāng,340203,District,Wuhu,Wú Hú,340200,Prefecture City,Anhui,Ān Huī,340000,Province,2010,137750,219813,0.6266690323138304,62.67
无为县,340225,无为县,340225,县,巢湖市,341400,地级市,安徽省,340000,省,,,Wuwei,Wú Wéi,340225,Wuwei,Wú Wéi,340225,County,Chaohu,Cháo Hú,341400,Prefecture City,Anhui,Ān Huī,340000,Province,2010,2077538,2654725,0.7825812466451327,78.26
庐江县,341421,庐江县,341421,县,巢湖市,341400,地级市,安徽省,340000,省,,,Lujiang,Lú Jiāng,341421,Lujiang,Lú Jiāng,341421,County,Chaohu,Cháo Hú,341400,Prefecture City,Anhui,Ān Huī,340000,Province,2010,2364806,3055253,0.7740131504657716,77.4
镜湖区,340202,镜湖区,340202,市辖区,芜湖市,340200,地级市,安徽省,340000,省,新芫区,2005年撤销新芫区，设立镜湖区,Jinghu,Jìng Hú,340202,Jinghu,JìngHú,340202,District,Wuhu,Wú Hú,340200,Prefecture City,Anhui,Ān Huī,340000,Province,2010,91713,149369,0.6140029055560391,61.4
开县,500234,开县,500234,县,不统计,0,不统计,重庆市,500000,直辖市,,,Kaizhou,Kāi Zhōu,500234,Kaizhou,KāiZhōu,500234,County,NULL,NULL,0,NULL,Chongqing,Chóng Qìng,500000,Municipality,2010,2231207,5167385,0.4317864838791768,43.18
什邡市,510682,什邡市,510682,县级市,德阳市,510600,地级市,四川省,510000,省,,,Shifang,Shí Fāng,510682,Shifang,Shí Fāng,510682,County City,Deyang,Dé Yáng,510600,Prefecture City,Sichuan,Sì Chuān,510000,Province,2010,466282,1069866,0.4358321509422675,43.58
红安县,421122,红安县,421122,县,黄冈市,421100,地级市,湖北省,420000,省,,,Hongan,Hóng Ān,421122,Hongan,Hóng Ān,421122,County,Huanggang,Huáng Gāng,421100,Prefecture City,Hubei,Hú Běi,420000,Province,2010,1406344,2337699,0.6015932761232305,60.16
通川区,511702,通川区,511702,市辖区,达州市,511700,地级市,四川省,510000,省,,,Tongchuan,Tōng Chuān,511702,Tongchuan,Tōng Chuān,511702,District,Dazhou,Dá Zhōu,511700,Prefecture City,Sichuan,Sì Chuān,510000,Province,2010,342894,568674,0.6029711222950231,60.3
安陆市,420982,安陆市,420982,县级市,孝感市,420900,地级市,湖北省,420000,省,,,Anlu,Ān Lù,420982,Anlu,Ān Lù,420982,County City,Xiaogan,Xiào Gǎn,420900,Prefecture City,Hubei,Hú Běi,420000,Province,2010,1425554,1767045,0.806744593374815,80.67
舒城县,341523,舒城县,341523,县,六安市,341500,地级市,安徽省,340000,省,,,Shucheng,Shū Chéng,341523,Shucheng,ShūChéng,341523,County,Liuan,Liù Ān,341500,Prefecture City,Anhui,Ān Huī,340000,Province,2010,1185518,2752640,0.43068399790746337,43.07
罗江县,510626,罗江县,510626,县,德阳市,510600,地级市,四川省,510000,省,,,Luojiang,Luó Jiāng,510626,Luojiang,LuóJiāng,510626,County,Deyang,Dé Yáng,510600,Prefecture City,Sichuan,Sì Chuān,510000,Province,2010,554343,586369,0.9453825151056757,94.54
昆山市,320583,昆山市,320583,县级市,苏州市,320500,地级市,江苏省,320000,省,,,Kunshan,Kūn Shān,320583,Kunshan,KūnShān,320583,County City,Suzhou,Sū Zhōu,320500,Prefecture City,Jiangsu,Jiāng Sū,320000,Province,2010,507015,1215507,0.417122237880983,41.71
高淳县,320125,高淳县,320125,县,南京市,320100,地级市,江苏省,320000,省,,,Gaochun,Gāo Chún,320125,Gaochun,GāoChún,320125,County,Nanjing,Nán Jīng,320100,Prefecture City,Jiangsu,Jiāng Sū,320000,Province,2010,570815,1037626,0.5501163232224328,55.01
虎丘区,320505,虎丘区,320505,市辖区,苏州市,320500,地级市,江苏省,320000,省,郊区,2000年郊区更名为虎丘区,Huqiu,Hǔ Qiū,320505,Huqiu,HǔQiū,320505,District,Suzhou,Sū Zhōu,320500,Prefecture City,Jiangsu,Jiāng Sū,320000,Province,2010,110641,433516,0.25521780049640613,25.52
鸠江区,340207,鸠江区,340207,市辖区,芜湖市,340200,地级市,安徽省,340000,省,,,Jiujiang,Jiū Jiāng,340207,Jiujiang,JiūJiāng,340207,District,Wuhu,Wú Hú,340200,Prefecture City,Anhui,Ān Huī,340000,Province,2010,596618,855491,0.69739833616017,69.74
南部县,511321,南部县,511321,县,南充市,511300,地级市,四川省,510000,省,,,Nanbu,Nán Bù,511321,Nanbu,Nán Bù,511321,County,Nanchong,Nán Chōng,511300,Prefecture City,Sichuan,Sì Chuān,510000,Province,2010,2524112,2891430,0.872963205057705,87.3
宜兴市,320282,宜兴市,320282,县级市,无锡市,320200,地级市,江苏省,320000,省,,,Yixing,Yí Xīng,320282,Yixing,Yí Xīng,320282,County City,Wuxi,Wú Xī,320200,Prefecture City,Jiangsu,Jiāng Sū,320000,Province,2010,1209822,2606427,0.46416876436593085,46.42
嘉定区,310114,嘉定区,310114,市辖区,不统计,0,不统计,上海市,310000,直辖市,,,Jiading,Jiā Dìng,310114,Jiading,JiāDìng,310114,District,NULL,NULL,0,NULL,Shanghai,Shàng Hǎi,310000,Municipality,2010,247473,602921,0.4104567596749823,41.05
宝山区,310113,宝山区,310113,市辖区,不统计,0,不统计,上海市,310000,直辖市,,,Baoshan,Bǎo Shān,310113,Baoshan,BǎoShān,310113,District,NULL,NULL,0,NULL,Shanghai,Shàng Hǎi,310000,Municipality,2010,74490,476228,0.15641667436605997,15.64
涪城区,510703,涪城区,510703,市辖区,绵阳市,510700,地级市,四川省,510000,省,,,Fucheng,Fú Chéng,510703,Fucheng,FúChéng,510703,District,Mianyang,Mián Yáng,510700,Prefecture City,Sichuan,Sì Chuān,510000,Province,2010,561953,722886,0.7773743024487956,77.74
溧阳市,320481,溧阳市,320481,县级市,常州市,320400,地级市,江苏省,320000,省,,,Liyang,Lì Yáng,320481,Liyang,LìYáng,320481,County City,Changzhou,Cháng Zhōu,320400,Prefecture City,Jiangsu,Jiāng Sū,320000,Province,2010,1347702,2002653,0.6729583207874754,67.3
仪陇县,511324,仪陇县,511324,县,南充市,511300,地级市,四川省,510000,省,,,Yilong,Yí Lǒng,511324,Yilong,YíLǒng,511324,County,Nanchong,Nán Chōng,511300,Prefecture City,Sichuan,Sì Chuān,510000,Province,2010,2120744,2337071,0.9074367017518937,90.74
绵竹市,510683,绵竹市,510683,县级市,德阳市,510600,地级市,四川省,510000,省,,,Mianzhu,Mián Zhú,510683,Mianzhu,MiánZhú,510683,County City,Deyang,Dé Yáng,510600,Prefecture City,Sichuan,Sì Chuān,510000,Province,2010,731608,1627785,0.44945001950503294,44.95
相城区,320507,相城区,320507,市辖区,苏州市,320500,地级市,江苏省,320000,省,吴县市,2000年撤销吴县市，设立吴中区和相城区,Xiangcheng,Xiàng Chéng,320507,Xiangcheng,Xiàng Chéng,320507,District,Suzhou,Sū Zhōu,320500,Prefecture City,Jiangsu,Jiāng Sū,320000,Province,2010,170974,639223,0.26747160224209704,26.75
滨湖区,320211,滨湖区,320211,市辖区,无锡市,320200,地级市,江苏省,320000,省,马山区,2000年撤销马山区和郊区，设立滨湖区,Binhu,Bīn Hú,320211,Binhu,BīnHú,320211,District,Wuxi,Wú Xī,320200,Prefecture City,Jiangsu,Jiāng Sū,320000,Province,2010,206123,1030319,0.20005745793293145,20.01
当涂县,340521,当涂县,340521,县,马鞍山市,340500,地级市,安徽省,340000,省,,,Dangtu,Dāng Tú,340521,Dangtu,Dāng Tú,340521,County,Maanshan,Mǎ Ān Shān,340500,Prefecture City,Anhui,Ān Huī,340000,Province,2010,1161843,1759471,0.6603365443363375,66.03
宣汉县,511722,宣汉县,511722,县,达州市,511700,地级市,四川省,510000,省,,,Xuanhan,Xuān Hàn,511722,Xuanhan,XuānHàn,511722,County,Dazhou,Dá Zhōu,511700,Prefecture City,Sichuan,Sì Chuān,510000,Province,2010,1817600,5584877,0.32545031878052105,32.55
游仙区,510704,游仙区,510704,市辖区,绵阳市,510700,地级市,四川省,510000,省,,,Youxian,Yóu Xiān,510704,Youxian,YóuXiān,510704,District,Mianyang,Mián Yáng,510700,Prefecture City,Sichuan,Sì Chuān,510000,Province,2010,1183484,1332069,0.8884554779069253,88.85
太仓市,320585,太仓市,320585,县级市,苏州市,320500,地级市,江苏省,320000,省,,,Taicang,Tài Cāng,320585,Taicang,TàiCāng,320585,County City,Suzhou,Sū Zhōu,320500,Prefecture City,Jiangsu,Jiāng Sū,320000,Province,2010,604793,1060834,0.5701108750285153,57.01
崇明县,310230,崇明县,310230,县,不统计,0,不统计,上海市,310000,直辖市,,,Chongming,Chóng Míng,310230,Chongming,ChóngMíng,310230,County,NULL,NULL,0,NULL,Shanghai,Shàng Hǎi,310000,Municipality,2010,1518480,3090323,0.49136611286263604,49.14
安县,510724,安县,510724,县,绵阳市,510700,地级市,四川省,510000,省,,,Anxian,Ān Xiàn,510705,Anxian,Ān Xiàn,510724,County,Mianyang,Mián Yáng,510700,Prefecture City,Sichuan,Sì Chuān,510000,Province,2010,859520,1547233,0.5555207263547248,55.55
大悟县,420922,大悟县,420922,县,孝感市,420900,地级市,湖北省,420000,省,,,Dawu,Dà Wù,420922,Dawu,Dà Wù,420922,County,Xiaogan,Xiào Gǎn,420900,Prefecture City,Hubei,Hú Běi,420000,Province,2010,1319347,2592476,0.5089138722981428,50.89
溧水县,320124,溧水县,320124,县,南京市,320100,地级市,江苏省,320000,省,,,Lishui,Lì Shuǐ,County,Lishui,LìShuǐ,320117,County,Nanjing,Nán Jīng,320100,Prefecture City,Jiangsu,Jiāng Sū,320000,Province,2010,952306,1386766,0.686709942412779,68.67
平昌县,511923,平昌县,511923,县,巴中市,511900,地级市,四川省,510000,省,,,Pingchang,Píng Chāng,511923,Pingchang,PíngChāng,511923,County,Bazhong,Bā Zhōng,511900,Prefecture City,Sichuan,Sì Chuān,510000,Province,2010,2000796,2911857,0.6871202809753364,68.71
阆中市,511381,阆中市,511381,县级市,南充市,511300,地级市,四川省,510000,省,,,Langzhong,Làng Zhōng,511381,Langzhong,Làng Zhōng,511381,County City,Nanchong,Nán Chōng,511300,Prefecture City,Sichuan,Sì Chuān,510000,Province,2010,2030810,2455287,0.8271171557540931,82.71
锡山区,320205,锡山区,320205,市辖区,无锡市,320200,地级市,江苏省,320000,省,锡山市,2000年拆分锡山市，设立锡山区,Xishan,Xī Shān,320205,Xishan,XīShān,320205,District,Wuxi,Wú Xī,320200,Prefecture City,Jiangsu,Jiāng Sū,320000,Province,2010,343365,597858,0.5743253414690445,57.43
南漳县,420624,南漳县,420624,县,襄樊市,420600,地级市,湖北省,420000,省,,,Nanzhang,Nán Zhāng,420624,Nanzhang,Nán Zhāng,420624,County,Xiangfan,Xiāng Fán,420600,Prefecture City,Hubei,Hú Běi,420000,Province,2010,1060527,5047273,0.21011881069242738,21.01
新县,411523,新县,411523,县,信阳市,411500,地级市,河南省,410000,省,,,Xinxian,Xīn Xiàn,411523,Xinxian,XīnXiàn,411523,County,Xinyang,Xìn Yáng,411500,Prefecture City,Henan,Hé Nán,410000,Province,2010,364371,2031836,0.1793309105656165,17.93
雨山区,340504,雨山区,340504,市辖区,马鞍山市,340500,地级市,安徽省,340000,省,,,Yushan,Yǔ Shān,340504,Yushan,Yǔ Shān,340504,District,Maanshan,Mǎ Ān Shān,340500,Prefecture City,Anhui,Ān Huī,340000,Province,2010,118044,230629,0.5118350250835758,51.18
曾都区,421303,曾都区,421303,市辖区,随州市,421300,地级市,湖北省,420000,省,,,Zengdu,Zēng Dū,421303,Zengdu,Zēng Dū,421303,District,Suizhou,Suí Zhōu,421300,Prefecture City,Hubei,Hú Běi,420000,Province,2010,1042309,1876154,0.5555562070064611,55.56
居巢区,341402,居巢区,341402,市辖区,巢湖市,341400,地级市,安徽省,340000,省,,,Juchao,Jū Cháo,341402,Juchao,Jū Cháo,341402,District,Chaohu,Cháo Hú,341400,Prefecture City,Anhui,Ān Huī,340000,Province,2010,1571590,2658082,0.5912496303725769,59.12
梓潼县,510725,梓潼县,510725,县,绵阳市,510700,地级市,四川省,510000,省,,,Zitong,Zǐ Tóng,510725,Zitong,ZǐTóng,510725,County,Mianyang,Mián Yáng,510700,Prefecture City,Sichuan,Sì Chuān,510000,Province,2010,1480399,1888863,0.783751389063156,78.38
惠山区,320206,惠山区,320206,市辖区,无锡市,320200,地级市,江苏省,320000,省,惠山区,2000年拆分锡山市，设立惠山区,Huishan,Huì Shān,320206,Huishan,HuìShān,320206,District,Wuxi,Wú Xī,320200,Prefecture City,Jiangsu,Jiāng Sū,320000,Province,2010,186108,428221,0.43460736395459354,43.46
含山县,341423,含山县,341423,县,巢湖市,341400,地级市,安徽省,340000,省,,,Hanshan,Hán Shān,341423,Hanshan,Hán Shān,341423,County,Chaohu,Cháo Hú,341400,Prefecture City,Anhui,Ān Huī,340000,Province,2010,973238,1364931,0.7130309151158557,71.3
金安区,341502,金安区,341502,市辖区,六安市,341500,地级市,安徽省,340000,省,,,Jinan,Jīn Ān,341502,Jinan,JīnĀn,341502,District,Liuan,Liù Ān,341500,Prefecture City,Anhui,Ān Huī,340000,Province,2010,1691607,2184873,0.7742358480332724,77.42
常熟市,320581,常熟市,320581,县级市,苏州市,320500,地级市,江苏省,320000,省,,,Changshu,Cháng Shú,320581,Changshu,Cháng Shú,320581,County City,Suzhou,Sū Zhōu,320500,Prefecture City,Jiangsu,Jiāng Sū,320000,Province,2010,850367,1671365,0.5087859324564054,50.88
武进区,320412,武进区,320412,市辖区,常州市,320400,地级市,江苏省,320000,省,武进市,2002年撤销武进市，设立武进区,Wujin,Wǔ Jìn,320412,Wujin,WǔJìn,320412,District,Changzhou,Cháng Zhōu,320400,Prefecture City,Jiangsu,Jiāng Sū,320000,Province,2010,793513,1629832,0.4868679716682456,48.69
宜城市,420684,宜城市,420684,县级市,襄樊市,420600,地级市,湖北省,420000,省,,,Yicheng,Yí Chéng,420684,Yicheng,YíChéng,420684,County City,Xiangfan,Xiāng Fán,420600,Prefecture City,Hubei,Hú Běi,420000,Province,2010,2017000,2768159,0.7286431162371815,72.86
广水市,421381,广水市,421381,县级市,随州市,421300,地级市,湖北省,420000,省,,,Guangshui,Guǎng Shuǐ,421381,Guangshui,Guǎng Shuǐ,421381,County City,Suizhou,Suí Zhōu,421300,Prefecture City,Hubei,Hú Běi,420000,Province,2010,2119784,3462197,0.6122655643223075,61.23
肥西县,340123,肥西县,340123,县,合肥市,340100,地级市,安徽省,340000,省,,,Feixi,Féi Xī,340123,Feixi,FéiXī,340123,County,Hefei,Hé Féi,340100,Prefecture City,Anhui,Ān Huī,340000,Province,2010,1817094,2221761,0.8178620472679105,81.79
花山区,340503,花山区,340503,市辖区,马鞍山市,340500,地级市,安徽省,340000,省,,,Huashan,Huā Shān,340503,Huashan,HuāShān,340503,District,Maanshan,Mǎ Ān Shān,340500,Prefecture City,Anhui,Ān Huī,340000,Province,2010,64770,125962,0.5142026960511901,51.42
和县,341424,和县,341424,县,巢湖市,341400,地级市,安徽省,340000,省,,,Hexian,Hé Xiàn,341424,Hexian,Hé Xiàn,341424,County,Chaohu,Cháo Hú,341400,Prefecture City,Anhui,Ān Huī,340000,Province,2010,1599670,2007385,0.7968924745377692,79.69
金坛市,320482,金坛市,320482,县级市,常州市,320400,地级市,江苏省,320000,省,,,Jintan,Jīn Tán,320482,Jintan,JīnTán,320482,County City,Changzhou,Cháng Zhōu,320400,Prefecture City,Jiangsu,Jiāng Sū,320000,Province,2010,840547,1279674,0.6568446338676882,65.68
金家庄区,340502,金家庄区,340502,市辖区,马鞍山市,340500,地级市,安徽省,340000,省,,,Jinjiazhuangi,Jīn Jiā Zhuāng,340502,Jinjiazhuangi,Jīn Jiā Zhuāng,340502,District,Maanshan,Mǎ Ān Shān,340500,Prefecture City,Anhui,Ān Huī,340000,Province,2010,31016,111860,0.27727516538530306,27.73
包河区,340111,包河区,340111,市辖区,合肥市,340100,地级市,安徽省,340000,省,郊区,2002年郊区更名为包河区,Baohe,Bāo Hé,340111,Baohe,BāoHé,340111,District,Hefei,Hé Féi,340100,Prefecture City,Anhui,Ān Huī,340000,Province,2010,160044,392959,0.40727913090169715,40.73
戚墅堰区,320405,戚墅堰区,320405,市辖区,常州市,320400,地级市,江苏省,320000,省,,,Wujin,Qī Shù Yàn,320405,Wujin,Qī Shù Yàn,320405,District,Changzhou,Cháng Zhōu,320400,Prefecture City,Jiangsu,Jiāng Sū,320000,Province,2010,10831,41718,0.2596241430557553,25.96
裕安区,341503,裕安区,341503,市辖区,六安市,341500,地级市,安徽省,340000,省,,,Yuan,Yù Ān,341503,Yuan,YùĀn,341503,District,Liuan,Liù Ān,341500,Prefecture City,Anhui,Ān Huī,340000,Province,2010,1722869,2500673,0.6889621313942287,68.9
商城县,411524,商城县,411524,县,信阳市,411500,地级市,河南省,410000,省,,,Shangcheng,Shāng Chéng,411524,Shangcheng,ShāngChéng,411524,County,Xinyang,Xìn Yáng,411500,Prefecture City,Henan,Hé Nán,410000,Province,2010,1259622,2768284,0.4550190659628853,45.5
巴州区,511902,巴州区,511902,市辖区,巴中市,511900,地级市,四川省,510000,省,,,Bazhou,Bā Zhōu,511902,Bazhou,BāZhōu,511902,District,Bazhong,Bā Zhōng,511900,Prefecture City,Sichuan,Sì Chuān,510000,Province,2010,2457776,3357351,0.732058101759393,73.21
江阴市,320281,江阴市,320281,县级市,无锡市,320200,地级市,江苏省,320000,省,,,Jiangyin,Jiāng Yīn,320281,Jiangyin,JiāngYīn,320281,County City,Wuxi,Wú Xī,320200,Prefecture City,Jiangsu,Jiāng Sū,320000,Province,2010,639938,1291574,0.49547141704617775,49.55
启东市,320681,启东市,320681,县级市,南通市,320600,地级市,江苏省,320000,省,,,Qidong,Qǐ Dōng,320681,Qidong,QǐDōng,320681,County City,Nantong,Nán Tōng,320600,Prefecture City,Jiangsu,Jiāng Sū,320000,Province,2010,1340996,1899506,0.7059709208604763,70.6
江宁区,320115,江宁区,320115,市辖区,南京市,320100,地级市,江苏省,320000,省,江宁县,2000年撤销江宁县，设立江宁区,Jiangning,Jiāng Níng,320115,Jiangning,Jiāng Níng,320115,District,Nanjing,Nán Jīng,320100,Prefecture City,Jiangsu,Jiāng Sū,320000,Province,2010,1301554,2066546,0.6298209669661358,62.98
蜀山区,340104,蜀山区,340104,市辖区,合肥市,340100,地级市,安徽省,340000,省,西市区,2002年西市区更名为蜀山区,Shushan,Shǔ Shān,340104,Shushan,ShǔShān,340104,District,Hefei,Hé Féi,340100,Prefecture City,Anhui,Ān Huī,340000,Province,2010,636636,855277,0.7443623527816134,74.44
张家港市,320582,张家港市,320582,县级市,苏州市,320500,地级市,江苏省,320000,省,,,Zhangjiagang,Zhāng Jiā Gǎng,320582,Zhangjiagang,Zhāng Jiā Gǎng,320582,County City,Suzhou,Sū Zhōu,320500,Prefecture City,Jiangsu,Jiāng Sū,320000,Province,2010,615957,1298250,0.4744517619872906,47.45
苍溪县,510824,苍溪县,510824,县,广元市,510800,地级市,四川省,510000,省,,,Cangxi,Cāng Xī,510824,Cangxi,CāngXī,510824,County,Guangyuan,Guǎng Yuán,510800,Prefecture City,Sichuan,Sì Chuān,510000,Province,2010,2006246,3063730,0.6548377304788607,65.48
崇川区,320602,崇川区,320602,市辖区,南通市,320600,地级市,江苏省,320000,省,,,Chongchuan,Chóng Chuān,320602,Chongchuan,ChóngChuān,320602,District,Nantong,Nán Tōng,320600,Prefecture City,Jiangsu,Jiāng Sū,320000,Province,2010,171501,557647,0.30754401978312446,30.75
庐阳区,340103,庐阳区,340103,市辖区,合肥市,340100,地级市,安徽省,340000,省,中市区,2002年中市区更名为庐阳区,Luyang,Lú Yáng,340103,Luyang,LúYáng,340103,District,Hefei,Hé Féi,340100,Prefecture City,Anhui,Ān Huī,340000,Province,2010,88502,181069,0.48877499737669067,48.88
剑阁县,510823,剑阁县,510823,县,广元市,510800,地级市,四川省,510000,省,,,Jiange,Jiàn Gé,510823,Jiange,JiànGé,510823,County,Guangyuan,Guǎng Yuán,510800,Prefecture City,Sichuan,Sì Chuān,510000,Province,2010,2422712,4204857,0.5761698911520653,57.62
句容市,321183,句容市,321183,县级市,镇江市,321100,地级市,江苏省,320000,省,,,Jurong,Jù Róng,321183,Jurong,Jù Róng,321183,County City,Zhenjiang,Zhèn Jiāng,321100,Prefecture City,Jiangsu,Jiāng Sū,320000,Province,2010,1365469,1813601,0.7529048561398014,75.29
新北区,320411,新北区,320411,市辖区,常州市,320400,地级市,江苏省,320000,省,郊区,2002年郊区更名为新北区,Xinbei,Xīn Běi,320411,Xinbei,XīnBěi,320411,District,Changzhou,Cháng Zhōu,320400,Prefecture City,Jiangsu,Jiāng Sū,320000,Province,2010,366509,593326,0.6177194324873678,61.77
瑶海区,340102,瑶海区,340102,市辖区,合肥市,340100,地级市,安徽省,340000,省,东市区,2002年东市区更名为瑶海区,Yaohai,Yáo Hǎi,340102,Yaohai,YáoHǎi,340102,District,Hefei,Hé Féi,340100,Prefecture City,Anhui,Ān Huī,340000,Province,2010,163602,291368,0.5614961148787787,56.15
光山县,411522,光山县,411522,县,信阳市,411500,地级市,河南省,410000,省,,,Guangshan,Guāng Shān,411522,Guangshan,GuāngShān,411522,County,Xinyang,Xìn Yáng,411500,Prefecture City,Henan,Hé Nán,410000,Province,2010,2049453,2407365,0.8513262425930426,85.13
雨花台区,320114,雨花台区,320114,市辖区,南京市,320100,地级市,江苏省,320000,省,,,Yuhuatai,Yǔ Huā Tái,320114,Yuhuatai,Yǔ Huā Tái,320114,District,Nanjing,Nán Jīng,320100,Prefecture City,Jiangsu,Jiāng Sū,320000,Province,2010,59211,178236,0.3322056150272672,33.22
随县,421321,随县,421321,县,随州市,421300,地级市,湖北省,420000,省,随县,2009年拆分曾都区设立随县,Suixian,Suí Xiàn,421321,Suixian,SuíXiàn,421321,County,Suizhou,Suí Zhōu,421300,Prefecture City,Hubei,Hú Běi,420000,Province,2010,2640453,7269897,0.36320363273372375,36.32
江油市,510781,江油市,510781,县级市,绵阳市,510700,地级市,四川省,510000,省,,,Jiangyou,Jiāng Yóu,510781,Jiangyou,JiāngYóu,510781,County City,Mianyang,Mián Yáng,510700,Prefecture City,Sichuan,Sì Chuān,510000,Province,2010,1755948,3574062,0.4913031726925834,49.13
襄城区,420602,襄城区,420602,市辖区,襄樊市,420600,地级市,湖北省,420000,省,,,Xiangcheng,Xiāng Chéng,420602,Xiangcheng,XiāngChéng,420602,District,Xiangfan,Xiāng Fán,420600,Prefecture City,Hubei,Hú Běi,420000,Province,2010,621305,863626,0.7194144224467536,71.94
丹阳市,321181,丹阳市,321181,县级市,镇江市,321100,地级市,江苏省,320000,省,,,Danyang,Dān Yáng,321181,Danyang,DānYáng,321181,County City,Zhenjiang,Zhèn Jiāng,321100,Prefecture City,Jiangsu,Jiāng Sū,320000,Province,2010,1082983,1376225,0.786922923213864,78.69
海门市,320684,海门市,320684,县级市,南通市,320600,地级市,江苏省,320000,省,,,Haimen,Hǎi Mén,320684,Haimen,HǎiMén,320684,County City,Nantong,Nán Tōng,320600,Prefecture City,Jiangsu,Jiāng Sū,320000,Province,2010,1141564,1459784,0.7820088451442131,78.2
肥东县,340122,肥东县,340122,县,合肥市,340100,地级市,安徽省,340000,省,,,Feidong,Féi Dōng,340122,Feidong,FéiDōng,340122,County,Hefei,Hé Féi,340100,Prefecture City,Anhui,Ān Huī,340000,Province,2010,2516613,2897038,0.8686848429326781,86.87
秦淮区,320104,秦淮区,320104,市辖区,南京市,320100,地级市,江苏省,320000,省,,,Qinhuai,Qín Huái,320104,Qinhuai,QínHuái,320104,District,Nanjing,Nán Jīng,320100,Prefecture City,Jiangsu,Jiāng Sū,320000,Province,2010,4665,29628,0.15745240988254355,15.75
建邺区,320105,建邺区,320105,市辖区,南京市,320100,地级市,江苏省,320000,省,,,Jianye,Jiàn Yè,320105,Jianye,JiànYè,320105,District,Nanjing,Nán Jīng,320100,Prefecture City,Jiangsu,Jiāng Sū,320000,Province,2010,22883,108420,0.21105884523150711,21.11
罗山县,411521,罗山县,411521,县,信阳市,411500,地级市,河南省,410000,省,,,Luoshan,Luó Shān,411521,Luoshan,LuóShān,411521,County,Xinyang,Xìn Yáng,411500,Prefecture City,Henan,Hé Nán,410000,Province,2010,1976785,2721100,0.72646540002205,72.65
靖江市,321282,靖江市,321282,县级市,泰州市,321200,地级市,江苏省,320000,省,,,Jingjiang,Jìng Jiāng,321282,Jingjiang,JìngJiāng,321282,County City,Taizhou,Tài Zhōu,321200,Prefecture City,Jiangsu,Jiāng Sū,320000,Province,2010,560240,866477,0.6465722690850421,64.66
浉河区,411502,浉河区,411502,市辖区,信阳市,411500,地级市,河南省,410000,省,,,Shihe,Shī Hé,411502,Shihe,ShīHé,411502,District,Xinyang,Xìn Yáng,411500,Prefecture City,Henan,Hé Nán,410000,Province,2010,554084,2352304,0.23554948680102572,23.55
浦口区,320111,浦口区,320111,市辖区,南京市,320100,地级市,江苏省,320000,省,浦口区和江浦县,2002年撤销浦口区和江浦县，设立浦口区,Pukou,Pǔ Kǒu,320111,Pukou,PǔKǒu,320111,District,Nanjing,Nán Jīng,320100,Prefecture City,Jiangsu,Jiāng Sū,320000,Province,2010,812541,1197100,0.678757831425946,67.88
全椒县,341124,全椒县,341124,县,滁州市,341100,地级市,安徽省,340000,省,,,Quanjiao,Quán Jiāo,341124,Quanjiao,QuánJiāo,341124,County,Chuzhou,Chú Zhōu,341100,Prefecture City,Anhui,Ān Huī,340000,Province,2010,1597579,2062671,0.7745195428645674,77.45
玄武区,320102,玄武区,320102,市辖区,南京市,320100,地级市,江苏省,320000,省,,,Xuanwu,Xuán Wǔ,320102,Xuanwu,XuánWǔ,320102,District,Nanjing,Nán Jīng,320100,Prefecture City,Jiangsu,Jiāng Sū,320000,Province,2010,21759,99685,0.2182775743592316,21.83
港闸区,320611,港闸区,320611,市辖区,南通市,320600,地级市,江苏省,320000,省,,,Gangzha,Gǎng Zhá,320611,Gangzha,GǎngZhá,320611,District,Nantong,Nán Tōng,320600,Prefecture City,Jiangsu,Jiāng Sū,320000,Province,2010,96615,200880,0.48095878136200715,48.1
枣阳市,420683,枣阳市,420683,县级市,襄樊市,420600,地级市,湖北省,420000,省,,,Zaoyang,Zǎo Yáng,420683,Zaoyang,ZǎoYáng,420683,County City,Xiangfan,Xiāng Fán,420600,Prefecture City,Hubei,Hú Běi,420000,Province,2010,3504353,4316440,0.8118618583832974,81.19
丹徒区,321112,丹徒区,321112,市辖区,镇江市,321100,地级市,江苏省,320000,省,丹徒县,2002年撤销丹徒县，设立丹徒区,Dantu,Dān Tú,321112,Dantu,DānTú,321112,District,Zhenjiang,Zhèn Jiāng,321100,Prefecture City,Jiangsu,Jiāng Sū,320000,Province,2010,555873,812223,0.6843847071555472,68.44
通州区,320612,通州区,320612,市辖区,南通市,320600,地级市,江苏省,320000,省,通州市,2009年通州市更名为通州区,Tongzhou,Tōng Zhōu,320612,Tongzhou,Tōng Zhōu,320612,District,Nantong,Nán Tōng,320600,Prefecture City,Jiangsu,Jiāng Sū,320000,Province,2010,1513210,1839261,0.8227271714019925,82.27
樊城区,420606,樊城区,420606,市辖区,襄樊市,420600,地级市,湖北省,420000,省,,,Fancheng,Fán Chéng,420606,Fancheng,FánChéng,420606,District,Xiangfan,Xiāng Fán,420600,Prefecture City,Hubei,Hú Běi,420000,Province,2010,483661,646608,0.7479972409868112,74.8
潢川县,411526,潢川县,411526,县,信阳市,411500,地级市,河南省,410000,省,,,Huangchuan,Huáng Chuān,411526,Huangchuan,HuángChuān,411526,County,Xinyang,Xìn Yáng,411500,Prefecture City,Henan,Hé Nán,410000,Province,2010,1997212,2151157,0.928436185736327,92.84
通江县,511921,通江县,511921,县,巴中市,511900,地级市,四川省,510000,省,,,Tongjiang,Tōng Jiāng,511921,Tongjiang,Tōng Jiāng,511921,County,Bazhong,Bā Zhōng,511900,Prefecture City,Sichuan,Sì Chuān,510000,Province,2010,1389130,5423118,0.2561496910080142,25.61
固始县,411525,固始县,411525,县,信阳市,411500,地级市,河南省,410000,省,,,Gushi,Gù Shǐ,411525,Gushi,GùShǐ,411525,County,Xinyang,Xìn Yáng,411500,Prefecture City,Henan,Hé Nán,410000,Province,2010,3326217,3869822,0.8595271307052366,85.95
栖霞区,320113,栖霞区,320113,市辖区,南京市,320100,地级市,江苏省,320000,省,,,Qixia,Qī Xiá,320113,Qixia,Qī Xiá,320113,District,Nanjing,Nán Jīng,320100,Prefecture City,Jiangsu,Jiāng Sū,320000,Province,2010,221884,490130,0.45270438455103745,45.27
元坝区,510811,元坝区,510811,市辖区,广元市,510800,地级市,四川省,510000,省,,,Yuanba,Yuán Bà,510811,Yuanba,Yuán Bà,510811,District,Guangyuan,Guǎng Yuán,510800,Prefecture City,Sichuan,Sì Chuān,510000,Province,2010,910885,1883281,0.4836691922235715,48.37
谷城县,420625,谷城县,420625,县,襄樊市,420600,地级市,湖北省,420000,省,,,Gucheng,Gǔ Chéng,420625,Gucheng,Gǔ Chéng,420625,County,Xiangfan,Xiāng Fán,420600,Prefecture City,Hubei,Hú Běi,420000,Province,2010,616369,3349437,0.1840216728960718,18.4
襄阳区,420607,襄阳区,420607,市辖区,襄樊市,420600,地级市,湖北省,420000,省,襄阳县,2001年撤销襄阳县，设立襄阳区,Xiangyang,Xiāng Yáng,420607,Xiangyang,Xiāng Yáng,420607,District,Xiangfan,Xiāng Fán,420600,Prefecture City,Hubei,Hú Běi,420000,Province,2010,2900694,3317715,0.8743047549292209,87.43
润州区,321111,润州区,321111,市辖区,镇江市,321100,地级市,江苏省,320000,省,,,Runzhou,Rùn Zhōu,321111,Runzhou,RùnZhōu,321111,District,Zhenjiang,Zhèn Jiāng,321100,Prefecture City,Jiangsu,Jiāng Sū,320000,Province,2010,65210,163933,0.39778446072480833,39.78
扬中市,321182,扬中市,321182,县级市,镇江市,321100,地级市,江苏省,320000,省,,,Yangzhong,Yáng Zhōng,321182,Yangzhong,Yáng Zhōng,321182,County City,Zhenjiang,Zhèn Jiāng,321100,Prefecture City,Jiangsu,Jiāng Sū,320000,Province,2010,231270,428462,0.5397678207168897,53.98
京口区,321102,京口区,321102,市辖区,镇江市,321100,地级市,江苏省,320000,省,,,Jingkou,Jīng Kǒu,321102,Jingkou,JīngKǒu,321102,District,Zhenjiang,Zhèn Jiāng,321100,Prefecture City,Jiangsu,Jiāng Sū,320000,Province,2010,243526,455697,0.5344033425719282,53.44
霍邱县,341522,霍邱县,341522,县,六安市,341500,地级市,安徽省,340000,省,,,Huoqiu,Huò Qiū,341522,Huoqiu,HuòQiū,341522,County,Liuan,Liù Ān,341500,Prefecture City,Anhui,Ān Huī,340000,Province,2010,4324840,5007231,0.8637188897416557,86.37
泰兴市,321283,泰兴市,321283,县级市,泰州市,321200,地级市,江苏省,320000,省,,,Taixing,Tài Xīng,321283,Taixing,Tài Xīng,321283,County City,Taizhou,Tài Zhōu,321200,Prefecture City,Jiangsu,Jiāng Sū,320000,Province,2010,1250842,1538539,0.8130063651295157,81.3
长丰县,340121,长丰县,340121,县,合肥市,340100,地级市,安徽省,340000,省,,,Changfeng,Cháng Fēng,340121,Changfeng,Cháng Fēng,340121,County,Hefei,Hé Féi,340100,Prefecture City,Anhui,Ān Huī,340000,Province,2010,2154404,2422072,0.8894880086141123,88.95
寿县,341521,寿县,341521,县,六安市,341500,地级市,安徽省,340000,省,,,Shouxian,Shòu Xiàn,341521,Shouxian,ShòuXiàn,341521,County,Liuan,Liù Ān,341500,Prefecture City,Anhui,Ān Huī,340000,Province,2010,3457416,3887040,0.889472709310941,88.95
如皋市,320682,如皋市,320682,县级市,南通市,320600,地级市,江苏省,320000,省,,,Rugao,Rú Gāo,320682,Rugao,RúGāo,320682,County City,Nantong,Nán Tōng,320600,Prefecture City,Jiangsu,Jiāng Sū,320000,Province,2010,1752874,2072581,0.8457445088997728,84.57
南谯区,341103,南谯区,341103,市辖区,滁州市,341100,地级市,安徽省,340000,省,,,Nanqiao,Nán Qiáo,341103,Nanqiao,Nán Qiáo,341103,District,Chuzhou,Chú Zhōu,341100,Prefecture City,Anhui,Ān Huī,340000,Province,2010,954246,1553486,0.6142610876441758,61.43
高港区,321203,高港区,321203,市辖区,泰州市,321200,地级市,江苏省,320000,省,,,Gaogang,Gāo Gǎng,321203,Gaogang,GāoGǎng,321203,District,Taizhou,Tài Zhōu,321200,Prefecture City,Jiangsu,Jiāng Sū,320000,Province,2010,307312,426623,0.7203362219102111,72.03
南江县,511922,南江县,511922,县,巴中市,511900,地级市,四川省,510000,省,,,Nanjiang,Nán Jiāng,511922,Nanjiang,Nán Jiāng,511922,County,Bazhong,Bā Zhōng,511900,Prefecture City,Sichuan,Sì Chuān,510000,Province,2010,1025371,4466959,0.2295456483930119,22.95
平桥区,411503,平桥区,411503,市辖区,信阳市,411500,地级市,河南省,410000,省,,,Pingqiao,Píng Qiáo,411503,Pingqiao,PíngQiáo,411503,District,Xinyang,Xìn Yáng,411500,Prefecture City,Henan,Hé Nán,410000,Province,2010,1910540,2482955,0.7694621932334658,76.95
琅琊区,341102,琅琊区,341102,市辖区,滁州市,341100,地级市,安徽省,340000,省,,,Langya,Láng Yá,341102,Langya,LángYá,341102,District,Chuzhou,Chú Zhōu,341100,Prefecture City,Anhui,Ān Huī,340000,Province,2010,199357,297215,0.6707501303769998,67.08
旺苍县,510821,旺苍县,510821,县,广元市,510800,地级市,四川省,510000,省,,,Wangcang,Wàng Cāng,510821,Wangcang,WàngCāng,510821,County,Guangyuan,Guǎng Yuán,510800,Prefecture City,Sichuan,Sì Chuān,510000,Province,2010,866532,3943042,0.21976230534698843,21.98
如东县,320623,如东县,320623,县,南通市,320600,地级市,江苏省,320000,省,,,Rudong,Rú Dōng,320623,Rudong,RúDōng,320623,County,Nantong,Nán Tōng,320600,Prefecture City,Jiangsu,Jiāng Sū,320000,Province,2010,2225979,2692516,0.8267282348554289,82.67
广陵区,321002,广陵区,321002,市辖区,扬州市,321000,地级市,江苏省,320000,省,,,Guangling,Guǎng Líng,321002,Guangling,Guǎng Líng,321002,District,Yangzhou,Yáng Zhōu,321000,Prefecture City,Jiangsu,Jiāng Sū,320000,Province,2010,27101,102606,0.2641268541800674,26.41
维扬区,321011,维扬区,321011,市辖区,扬州市,321000,地级市,江苏省,320000,省,郊区,2002年郊区更名为维扬区,Weiyang,Wéi Yáng,321011,Weiyang,Wéi Yáng,321011,District,Yangzhou,Yáng Zhōu,321000,Prefecture City,Jiangsu,Jiāng Sū,320000,Province,2010,131900,264716,0.4982698439081884,49.83
仪征市,321081,仪征市,321081,县级市,扬州市,321000,地级市,江苏省,320000,省,,,Yizheng,Yí Zhēng,321081,Yizheng,YíZhēng,321081,County City,Yangzhou,Yáng Zhōu,321000,Prefecture City,Jiangsu,Jiāng Sū,320000,Province,2010,990031,1185277,0.8352739486212928,83.53
六合区,320116,六合区,320116,市辖区,南京市,320100,地级市,江苏省,320000,省,大厂区和六合县,2002年撤销大厂区和六合县，设立六合区,Liuhe,Liù Hé,320116,Liuhe,Liù Hé,320116,District,Nanjing,Nán Jīng,320100,Prefecture City,Jiangsu,Jiāng Sū,320000,Province,2010,1523012,1949452,0.7812513465322563,78.13
息县,411528,息县,411528,县,信阳市,411500,地级市,河南省,410000,省,,,Xixian,Xī Xiàn,411528,Xixian,XīXiàn,411528,County,Xinyang,Xìn Yáng,411500,Prefecture City,Henan,Hé Nán,410000,Province,2010,2314777,2492395,0.9287360149575007,92.87
老河口市,420682,老河口市,420682,县级市,襄樊市,420600,地级市,湖北省,420000,省,,,Laohekou,Lǎo Hé Kǒu,420682,Laohekou,LǎoHéKǒu,420682,County City,Xiangfan,Xiāng Fán,420600,Prefecture City,Hubei,Hú Běi,420000,Province,2010,1121130,1378437,0.8133342329029183,81.33
邗江区,321003,邗江区,321003,市辖区,扬州市,321000,地级市,江苏省,320000,省,邗江县,2000年撤销邗江县，设立邗江区,Hanjiang,Hán Jiāng,321003,Hanjiang,HánJiāng,321003,District,Yangzhou,Yáng Zhōu,321000,Prefecture City,Jiangsu,Jiāng Sū,320000,Province,2010,600732,922230,0.6513906509222211,65.14
淮滨县,411527,淮滨县,411527,县,信阳市,411500,地级市,河南省,410000,省,,,Huaibin,Huái Bīn,411527,Huaibin,HuáiBīn,411527,County,Xinyang,Xìn Yáng,411500,Prefecture City,Henan,Hé Nán,410000,Province,2010,1473122,1595274,0.9234288279004108,92.34
紫阳县,610924,紫阳县,610924,县,安康市,610900,地级市,陕西省,610000,省,,,Ziyang,Zǐ Yáng,610924,Ziyang,ZǐYáng,610924,County,Ankang,Ān Kāng,610900,Prefecture City,Shanxi,Shǎn Xī,610000,Province,2010,447837,2958383,0.15137897966558084,15.14
利州区,510802,利州区,510802,市辖区,广元市,510800,地级市,四川省,510000,省,市中区,2007年市中区更名为利州区,Lizhou,Lì Zhōu,510802,Lizhou,LìZhōu,510802,District,Guangyuan,Guǎng Yuán,510800,Prefecture City,Sichuan,Sì Chuān,510000,Province,2010,650131,2028352,0.32052178320133784,32.05
定远县,341125,定远县,341125,县,滁州市,341100,地级市,安徽省,340000,省,,,Dingyuan,Dìng Yuǎn,341125,Dingyuan,DìngYuǎn,341125,County,Chuzhou,Chú Zhōu,341100,Prefecture City,Anhui,Ān Huī,340000,Province,2010,3418767,3966977,0.8618066099198458,86.18
来安县,341122,来安县,341122,县,滁州市,341100,地级市,安徽省,340000,省,,,Laian,Lái Ān,341122,Laian,LáiĀn,341122,County,Chuzhou,Chú Zhōu,341100,Prefecture City,Anhui,Ān Huī,340000,Province,2010,1637909,1977900,0.8281050609232014,82.81
桐柏县,411330,桐柏县,411330,县,南阳市,411300,地级市,河南省,410000,省,,,Tongbai,Tóng Bǎi,411330,Tongbai,Tóng Bǎi,411330,County,Nanyang,Nán Yáng,411300,Prefecture City,Henan,Hé Nán,410000,Province,2010,1222890,2529498,0.4834516572062915,48.35
海陵区,321202,海陵区,321202,市辖区,泰州市,321200,地级市,江苏省,320000,省,,,Hailing,Hǎi Líng,321202,Hailing,HǎiLíng,321202,District,Taizhou,Tài Zhōu,321200,Prefecture City,Jiangsu,Jiāng Sū,320000,Province,2010,249316,418502,0.5957343095134552,59.57
谢家集区,340404,谢家集区,340404,市辖区,淮南市,340400,地级市,安徽省,340000,省,,2003年新设立谢家集区,Xiejiaji,Xiè Jiā Jí,340404,Xiejiaji,Xiè Jiā Jí,340404,District,Huainan,Huái Nán,340400,Prefecture City,Anhui,Ān Huī,340000,Province,2010,228875,357167,0.6408066814683328,64.08
姜堰市,321284,姜堰市,321284,县级市,泰州市,321200,地级市,江苏省,320000,省,,,Jiangyan,Jiāng Yàn,321284,Jiangyan,JiāngYàn,321284,County City,Taizhou,Tài Zhōu,321200,Prefecture City,Jiangsu,Jiāng Sū,320000,Province,2010,989672,1221427,0.810258820216026,81.03
江都市,321088,江都市,321088,县级市,扬州市,321000,地级市,江苏省,320000,省,,,Jiangdu,Jiāng Dū,321088,Jiangdu,Jiāng Dū,321088,County City,Yangzhou,Yáng Zhōu,321000,Prefecture City,Jiangsu,Jiāng Sū,320000,Province,2010,1403334,1755702,0.7993007925035114,79.93
正阳县,411724,正阳县,411724,县,驻马店市,411700,地级市,河南省,410000,省,,,Zhengyang,Zhèng Yáng,411724,Zhengyang,Zhèng Yáng,411724,County,Zhumadian,Zhù Mǎ Diàn,411700,Prefecture City,Henan,Hé Nán,410000,Province,2010,2353589,2516542,0.9352472559567852,93.52
新野县,411329,新野县,411329,县,南阳市,411300,地级市,河南省,410000,省,,,Xinye,Xīn Yě,411329,Xinye,XīnYě,411329,County,Nanyang,Nán Yáng,411300,Prefecture City,Henan,Hé Nán,410000,Province,2010,1285700,1401501,0.9173735873181682,91.74
海安县,320621,海安县,320621,县,南通市,320600,地级市,江苏省,320000,省,,,Haian,Hǎi Ān,320621,Haian,HǎiĀn,320621,County,Nantong,Nán Tōng,320600,Prefecture City,Jiangsu,Jiāng Sū,320000,Province,2010,1287935,1547031,0.8325204860148245,83.25
田家庵区,340403,田家庵区,340403,市辖区,淮南市,340400,地级市,安徽省,340000,省,,2003年新设立田家庵区,Tianjiaan,Tián Jiā Ān,340403,Tianjiaan,Tián Jiā Ān,340403,District,Huainan,Huái Nán,340400,Prefecture City,Anhui,Ān Huī,340000,Province,2010,214759,332134,0.6466034793185883,64.66
丹江口市,420381,丹江口市,420381,县级市,十堰市,420300,地级市,湖北省,420000,省,,,Danjiangkou,Dān Jiāng Kǒu,420381,Danjiangkou,DānJiāngKǒu,420381,County City,Shiyan,Shí Yàn,420300,Prefecture City,Hubei,Hú Běi,420000,Province,2010,823937,4139670,0.1990344640997954,19.9
唐河县,411328,唐河县,411328,县,南阳市,411300,地级市,河南省,410000,省,,,Tanghe,Táng Hé,411328,Tanghe,TángHé,411328,County,Nanyang,Nán Yáng,411300,Prefecture City,Henan,Hé Nán,410000,Province,2010,2989157,3297394,0.9065210284242647,90.65
大通区,340402,大通区,340402,市辖区,淮南市,340400,地级市,安徽省,340000,省,,2003年新设立大通区,Datong,Dà Tōng,340402,Datong,Dà Tōng,340402,District,Huainan,Huái Nán,340400,Prefecture City,Anhui,Ān Huī,340000,Province,2010,253257,402237,0.6296213426412787,62.96
阜南县,341225,阜南县,341225,县,阜阳市,341200,地级市,安徽省,340000,省,,,Funan,Fù Nán,341225,Funan,Fù Nán,341225,County,Fuyang,Fù Yáng,341200,Prefecture City,Anhui,Ān Huī,340000,Province,2010,2221381,2382126,0.9325203620631318,93.25
八公山区,340405,八公山区,340405,市辖区,淮南市,340400,地级市,安徽省,340000,省,,,Bagongshan,Bā Gōng Shān,340405,Bagongshan,BāGōngShān,340405,District,Huainan,Huái Nán,340400,Prefecture City,Anhui,Ān Huī,340000,Province,2010,32680,88560,0.3690153568202349,36.9
朝天区,510812,朝天区,510812,市辖区,广元市,510800,地级市,四川省,510000,省,,,Chaotian,Cháo Tiān,510812,Chaotian,Cháo Tiān,510812,District,Guangyuan,Guǎng Yuán,510800,Prefecture City,Sichuan,Sì Chuān,510000,Province,2010,626027,2133395,0.29344167395161236,29.34
颍上县,341226,颍上县,341226,县,阜阳市,341200,地级市,安徽省,340000,省,,,Yingshang,Yǐng Shàng,341226,Yingshang,Yǐng Shàng,341226,County,Fuyang,Fù Yáng,341200,Prefecture City,Anhui,Ān Huī,340000,Province,2010,2265462,2631364,0.8609458820596466,86.09
邓州市,411381,邓州市,411381,县级市,南阳市,411300,地级市,河南省,410000,省,,,Dengzhou,Dèng Zhōu,411381,Dengzhou,DèngZhōu,411381,County City,Nanyang,Nán Yáng,411300,Prefecture City,Henan,Hé Nán,410000,Province,2010,2896824,3125634,0.9267956516981835,92.68
确山县,411725,确山县,411725,县,驻马店市,411700,地级市,河南省,410000,省,,,Queshan,Què Shān,411725,Queshan,QuèShān,411725,County,Zhumadian,Zhù Mǎ Diàn,411700,Prefecture City,Henan,Hé Nán,410000,Province,2010,1433560,2171047,0.6603081370417131,66.03
天长市,341181,天长市,341181,县级市,滁州市,341100,地级市,安徽省,340000,省,,,Tianchang,Tiān Cháng,341181,Tianchang,Tiān Cháng,341181,County City,Chuzhou,Chú Zhōu,341100,Prefecture City,Anhui,Ān Huī,340000,Province,2010,1901866,2325801,0.8177251622129322,81.77
新蔡县,411729,新蔡县,411729,县,驻马店市,411700,地级市,河南省,410000,省,,,Xincai,Xīn Cài,411729,Xincai,XīnCài,411729,County,Zhumadian,Zhù Mǎ Diàn,411700,Prefecture City,Henan,Hé Nán,410000,Province,2010,1676571,1907992,0.8787096591599964,87.87
潘集区,340406,潘集区,340406,市辖区,淮南市,340400,地级市,安徽省,340000,省,,,Panji,Pān Jí,340406,Panji,PānJí,340406,District,Huainan,Huái Nán,340400,Prefecture City,Anhui,Ān Huī,340000,Province,2010,615406,791606,0.7774145218707286,77.74
凤台县,340421,凤台县,340421,县,淮南市,340400,地级市,安徽省,340000,省,,,Fengtai,Fèng Tái,340421,Fengtai,Fèng Tái,340421,County,Huainan,Huái Nán,340400,Prefecture City,Anhui,Ān Huī,340000,Province,2010,1144681,1446654,0.7912610755578044,79.13
凤阳县,341126,凤阳县,341126,县,滁州市,341100,地级市,安徽省,340000,省,,,Fengyang,Fèng Yáng,341126,Fengyang,FèngYáng,341126,County,Chuzhou,Chú Zhōu,341100,Prefecture City,Anhui,Ān Huī,340000,Province,2010,1954630,2565960,0.7617538854853544,76.18
东台市,320981,东台市,320981,县级市,盐城市,320900,地级市,江苏省,320000,省,,,Dongtai,Dōng Tái,320981,Dongtai,Dōng Tái,320981,County City,Yancheng,Yán Chéng,320900,Prefecture City,Jiangsu,Jiāng Sū,320000,Province,2010,2671293,3183088,0.8392143101290319,83.92
明光市,341182,明光市,341182,县级市,滁州市,341100,地级市,安徽省,340000,省,,,Mingguang,Míng Guāng,341182,Mingguang,MíngGuāng,341182,County City,Chuzhou,Chú Zhōu,341100,Prefecture City,Anhui,Ān Huī,340000,Province,2010,2217189,3117031,0.7113143885960711,71.13
南郑县,610721,南郑县,610721,县,汉中市,610700,地级市,陕西省,610000,省,,,Nanzheng,Nán Zhèng,610721,Nanzheng,Nán Zhèng,610721,County,Hanzhong,Hàn Zhōng,610700,Prefecture City,Shanxi,Shǎn Xī,610000,Province,2010,936240,3722127,0.25153359893415783,25.15
汉滨区,610902,汉滨区,610902,市辖区,安康市,610900,地级市,陕西省,610000,省,,,Hanbin,Hàn Bīn,610902,Hanbin,HànBīn,610902,District,Ankang,Ān Kāng,610900,Prefecture City,Shanxi,Shǎn Xī,610000,Province,2010,1379125,4833555,0.2853231213878812,28.53
高邮市,321084,高邮市,321084,县级市,扬州市,321000,地级市,江苏省,320000,省,,,Gaoyou,Gāo Yóu,321084,Gaoyou,GāoYóu,321084,County City,Yangzhou,Yáng Zhōu,321000,Prefecture City,Jiangsu,Jiāng Sū,320000,Province,2010,1570108,2548373,0.6161217372810024,61.61
禹会区,340304,禹会区,340304,市辖区,蚌埠市,340300,地级市,安徽省,340000,省,西市区,2004年西市区更名为禹会区,Yuhui,Yǔ Huì,340304,Yuhui,Yǔ Huì,340304,District,Bengbu,Bèng Bù,340300,Prefecture City,Anhui,Ān Huī,340000,Province,2010,235228,375461,0.6265044838212225,62.65
泌阳县,411726,泌阳县,411726,县,驻马店市,411700,地级市,河南省,410000,省,,,Biyang,Bì Yáng,411726,Biyang,Bì Yáng,411726,County,Zhumadian,Zhù Mǎ Diàn,411700,Prefecture City,Henan,Hé Nán,410000,Province,2010,2292954,3109953,0.7372953867791571,73.73
颍州区,341202,颍州区,341202,市辖区,阜阳市,341200,地级市,安徽省,340000,省,,,Yingzhou,Yǐng Zhōu,341202,Yingzhou,YǐngZhōu,341202,District,Fuyang,Fù Yáng,341200,Prefecture City,Anhui,Ān Huī,340000,Province,2010,692775,826338,0.8383675929220247,83.84
蚌山区,340303,蚌山区,340303,市辖区,蚌埠市,340300,地级市,安徽省,340000,省,中市区,2004年中市区更名为蚌山区,Bengshan,Bèng Shān,340303,Bengshan,Bèng Shān,340303,District,Bengbu,Bèng Bù,340300,Prefecture City,Anhui,Ān Huī,340000,Province,2010,68217,119972,0.5686076751241956,56.86
西乡县,610724,西乡县,610724,县,汉中市,610700,地级市,陕西省,610000,省,,,Xixiang,Xī Xiāng,610724,Xixiang,XīXiāng,610724,County,Hanzhong,Hàn Zhōng,610700,Prefecture City,Shanxi,Shǎn Xī,610000,Province,2010,769465,4285048,0.179569750443869,17.96
旬阳县,610928,旬阳县,610928,县,安康市,610900,地级市,陕西省,610000,省,,,Xunyang,Xún Yáng,610928,Xunyang,XúnYáng,610928,County,Ankang,Ān Kāng,610900,Prefecture City,Shanxi,Shǎn Xī,610000,Province,2010,778256,4697080,0.16568932187657012,16.57
汉阴县,610921,汉阴县,610921,县,安康市,610900,地级市,陕西省,610000,省,,,Hanyin,Hàn Yīn,610921,Hanyin,HànYīn,610921,County,Ankang,Ān Kāng,610900,Prefecture City,Shanxi,Shǎn Xī,610000,Province,2010,562546,1810385,0.3107327999292968,31.07
临泉县,341221,临泉县,341221,县,阜阳市,341200,地级市,安徽省,340000,省,,,Linquan,Lín Quán,341221,Linquan,LínQuán,341221,County,Fuyang,Fù Yáng,341200,Prefecture City,Anhui,Ān Huī,340000,Province,2010,2204946,2437388,0.9046347975783913,90.46
宛城区,411302,宛城区,411302,市辖区,南阳市,411300,地级市,河南省,410000,省,,,Wancheng,Wǎn Chéng,411302,Wancheng,WǎnChéng,411302,District,Nanyang,Nán Yáng,411300,Prefecture City,Henan,Hé Nán,410000,Province,2010,1072775,1285489,0.8345267831930105,83.45
宁强县,610726,宁强县,610726,县,汉中市,610700,地级市,陕西省,610000,省,,,Ningqiang,Níng Qiáng,610726,Ningqiang,Níng Qiáng,610726,County,Hanzhong,Hàn Zhōng,610700,Prefecture City,Shanxi,Shǎn Xī,610000,Province,2010,903302,4321568,0.20902181800679753,20.9
龙子湖区,340302,龙子湖区,340302,市辖区,蚌埠市,340300,地级市,安徽省,340000,省,东市区,2004年东市区更名为龙子湖区,Longzihu,Lóng Zǐ Hú,340302,Longzihu,Lóng Zǐ Hú,340302,District,Bengbu,Bèng Bù,340300,Prefecture City,Anhui,Ān Huī,340000,Province,2010,113398,194760,0.5822448141302116,58.22
汝南县,411727,汝南县,411727,县,驻马店市,411700,地级市,河南省,410000,省,,,Runan,Rǔ Nán,411727,Runan,Rǔ Nán,411727,County,Zhumadian,Zhù Mǎ Diàn,411700,Prefecture City,Henan,Hé Nán,410000,Province,2010,1648738,1997028,0.8255958354114213,82.56
颍东区,341203,颍东区,341203,市辖区,阜阳市,341200,地级市,安徽省,340000,省,,,Yingdong,Yǐng Dōng,341203,Yingdong,YǐngDōng,341203,District,Fuyang,Fù Yáng,341200,Prefecture City,Anhui,Ān Huī,340000,Province,2010,802515,906600,0.8851919258769028,88.52
兴化市,321281,兴化市,321281,县级市,泰州市,321200,地级市,江苏省,320000,省,,,Xinghua,Xīng Huà,321281,Xinghua,Xīng Huà,321281,County City,Taizhou,Tài Zhōu,321200,Prefecture City,Jiangsu,Jiāng Sū,320000,Province,2010,2377389,3182560,0.7470052410637977,74.7
盱眙县,320830,盱眙县,320830,县,淮安市,320800,地级市,江苏省,320000,省,,,Xuyi,Xū Yí,320830,Xuyi,XūYí,320830,County,Huaian,Huái Ān,320800,Prefecture City,Jiangsu,Jiāng Sū,320000,Province,2010,2269191,3310702,0.6854108282775073,68.54
驿城区,411702,驿城区,411702,市辖区,驻马店市,411700,地级市,河南省,410000,省,,2001年新设立驿城区,Yicheng,Yì Chéng,411702,Yicheng,YìChéng,411702,District,Zhumadian,Zhù Mǎ Diàn,411700,Prefecture City,Henan,Hé Nán,410000,Province,2010,1199790,1718631,0.6981079708209615,69.81
社旗县,411327,社旗县,411327,县,南阳市,411300,地级市,河南省,410000,省,,,Sheqi,Shè Qí,411327,Sheqi,ShèQí,411327,County,Nanyang,Nán Yáng,411300,Prefecture City,Henan,Hé Nán,410000,Province,2010,1398962,1528438,0.9152886803390128,91.53
淅川县,411326,淅川县,411326,县,南阳市,411300,地级市,河南省,410000,省,,,Xichuan,Xī Chuān,411326,Xichuan,XīChuān,411326,County,Nanyang,Nán Yáng,411300,Prefecture City,Henan,Hé Nán,410000,Province,2010,1760933,3750532,0.46951552473089153,46.95
平舆县,411723,平舆县,411723,县,驻马店市,411700,地级市,河南省,410000,省,,,Pingyu,Píng Yú,411723,Pingyu,PíngYú,411723,County,Zhumadian,Zhù Mǎ Diàn,411700,Prefecture City,Henan,Hé Nán,410000,Province,2010,1450241,1702735,0.8517126857673096,85.17
金湖县,320831,金湖县,320831,县,淮安市,320800,地级市,江苏省,320000,省,,,Jinhu,Jīn Hú,320831,Jinhu,JīnHú,320831,County,Huaian,Huái Ān,320800,Prefecture City,Jiangsu,Jiāng Sū,320000,Province,2010,1151316,1829826,0.6291942512566768,62.92
淮上区,340311,淮上区,340311,市辖区,蚌埠市,340300,地级市,安徽省,340000,省,郊区,2004年郊区更名为淮上区,Huaishang,Huái Shàng,340311,Huaishang,Huái Shàng,340311,District,Bengbu,Bèng Bù,340300,Prefecture City,Anhui,Ān Huī,340000,Province,2010,428286,535343,0.8000216683509451,80.0
卧龙区,411303,卧龙区,411303,市辖区,南阳市,411300,地级市,河南省,410000,省,,,Wolong,Wò Lóng,411303,Wolong,WòLóng,411303,District,Nanyang,Nán Yáng,411300,Prefecture City,Henan,Hé Nán,410000,Province,2010,1125348,1354715,0.8306898498946272,83.07
颍泉区,341204,颍泉区,341204,市辖区,阜阳市,341200,地级市,安徽省,340000,省,,,Yingquan,Yǐng Quán,341204,Yingquan,YǐngQuán,341204,District,Fuyang,Fù Yáng,341200,Prefecture City,Anhui,Ān Huī,340000,Province,2010,755581,866541,0.871950663615455,87.2
怀远县,340321,怀远县,340321,县,蚌埠市,340300,地级市,安徽省,340000,省,,,Huaiyuan,Huái Yuǎn,340321,Huaiyuan,HuáiYuǎn,340321,County,Bengbu,Bèng Bù,340300,Prefecture City,Anhui,Ān Huī,340000,Province,2010,2555695,2976556,0.8586080691913742,85.86
石泉县,610922,石泉县,610922,县,安康市,610900,地级市,陕西省,610000,省,,,Shiquan,Shí Quán,610922,Shiquan,Shí Quán,610922,County,Ankang,Ān Kāng,610900,Prefecture City,Shanxi,Shǎn Xī,610000,Province,2010,385780,2015759,0.1913820054877592,19.14
镇平县,411324,镇平县,411324,县,南阳市,411300,地级市,河南省,410000,省,,,Zhenping,Zhèn Píng,411324,Zhenping,ZhènPíng,411324,County,Nanyang,Nán Yáng,411300,Prefecture City,Henan,Hé Nán,410000,Province,2010,1548096,1988840,0.7783914241467388,77.84
五河县,340322,五河县,340322,县,蚌埠市,340300,地级市,安徽省,340000,省,,,Wuhe,Wǔ Hé,340322,Wuhe,WǔHé,340322,County,Bengbu,Bèng Bù,340300,Prefecture City,Anhui,Ān Huī,340000,Province,2010,1516410,1901988,0.7972763235099275,79.73
利辛县,341623,利辛县,341623,县,亳州市,341600,地级市,安徽省,340000,省,,,Lixin,Lì Xīn,341623,Lixin,LìXīn,341623,County,Bozhou,Bó Zhōu,341600,Prefecture City,Anhui,Ān Huī,340000,Province,2010,2431119,2672072,0.9098254088961675,90.98
遂平县,411728,遂平县,411728,县,驻马店市,411700,地级市,河南省,410000,省,,,Suiping,Suì Píng,411728,Suiping,Suì Píng,411728,County,Zhumadian,Zhù Mǎ Diàn,411700,Prefecture City,Henan,Hé Nán,410000,Province,2010,1185990,1416386,0.837335302664669,83.73
汉台区,610702,汉台区,610702,市辖区,汉中市,610700,地级市,陕西省,610000,省,,,Hantai,Hàn Tái,610702,Hantai,Hàn Tái,610702,District,Hanzhong,Hàn Zhōng,610700,Prefecture City,Shanxi,Shǎn Xī,610000,Province,2010,433466,724462,0.5983281386739401,59.83
大丰市,320982,大丰市,320982,县级市,盐城市,320900,地级市,江苏省,320000,省,,,Dafeng,Dà Fēng,320982,Dafeng,Dà Fēng,320982,County City,Yancheng,Yán Chéng,320900,Prefecture City,Jiangsu,Jiāng Sū,320000,Province,2010,2707048,3570963,0.7580722623001135,75.81
蒙城县,341622,蒙城县,341622,县,亳州市,341600,地级市,安徽省,340000,省,,,Mengcheng,Méng Chéng,341622,Mengcheng,Méng Chéng,341622,County,Bozhou,Bó Zhōu,341600,Prefecture City,Anhui,Ān Huī,340000,Province,2010,2573797,2854223,0.9017504939172587,90.18
城固县,610722,城固县,610722,县,汉中市,610700,地级市,陕西省,610000,省,,,Chenggu,Chéng Gù,610722,Chenggu,ChéngGù,610722,County,Hanzhong,Hàn Zhōng,610700,Prefecture City,Shanxi,Shǎn Xī,610000,Province,2010,883833,2953979,0.29920084062886027,29.92
内乡县,411325,内乡县,411325,县,南阳市,411300,地级市,河南省,410000,省,,,Neixiang,Nèi Xiāng,411325,Neixiang,NèiXiāng,411325,County,Nanyang,Nán Yáng,411300,Prefecture City,Henan,Hé Nán,410000,Province,2010,1349948,3065094,0.4404262968770289,44.04
界首市,341282,界首市,341282,县级市,阜阳市,341200,地级市,安徽省,340000,省,,,Jieshou,Jiè Shǒu,341282,Jieshou,JièShǒu,341282,County City,Fuyang,Fù Yáng,341200,Prefecture City,Anhui,Ān Huī,340000,Province,2010,774461,889186,0.8709775007703675,87.1
宝应县,321023,宝应县,321023,县,扬州市,321000,地级市,江苏省,320000,省,,,Baoying,Bǎo Yīng,321023,Baoying,Bǎo Yīng,321023,County,Yangzhou,Yáng Zhōu,321000,Prefecture City,Jiangsu,Jiāng Sū,320000,Province,2010,1527000,1946112,0.7846413772691397,78.46
洪泽县,320829,洪泽县,320829,县,淮安市,320800,地级市,江苏省,320000,省,,,Hongze,Hóng Zé,320829,Hongze,HóngZé,320829,County,Huaian,Huái Ān,320800,Prefecture City,Jiangsu,Jiāng Sū,320000,Province,2010,777447,1705644,0.45580848055045486,45.58
勉县,610725,勉县,610725,县,汉中市,610700,地级市,陕西省,610000,省,,,Mianxian,Miǎn Xiàn,610725,Mianxian,MiǎnXiàn,610725,County,Hanzhong,Hàn Zhōng,610700,Prefecture City,Shanxi,Shǎn Xī,610000,Province,2010,872636,3183461,0.2741154988234503,27.41
盐都区,320903,盐都区,320903,市辖区,盐城市,320900,地级市,江苏省,320000,省,盐都县,2003年撤销盐都县，设立盐都区,Yandu,Yán Dū,320903,Yandu,Yán Dū,320903,District,Yancheng,Yán Chéng,320900,Prefecture City,Jiangsu,Jiāng Sū,320000,Province,2010,1133680,1397802,0.8110447688585365,81.1
项城市,411681,项城市,411681,县级市,周口市,411600,地级市,河南省,410000,省,,,Xiangcheng,Xiàng Chéng,411681,Xiangcheng,XiàngChéng,411681,County City,Zhoukou,Zhōu Kǒu,411600,Prefecture City,Henan,Hé Nán,410000,Province,2010,1192189,1451460,0.8213722734350241,82.14
固镇县,340323,固镇县,340323,县,蚌埠市,340300,地级市,安徽省,340000,省,,,Guzhen,Gù Zhèn,340323,Guzhen,GùZhèn,340323,County,Bengbu,Bèng Bù,340300,Prefecture City,Anhui,Ān Huī,340000,Province,2010,1609151,1814133,0.887008284398112,88.7
舞钢市,410481,舞钢市,410481,县级市,平顶山市,410400,地级市,河南省,410000,省,,,Wugang,Wǔ Gāng,410481,Wugang,Wǔ Gāng,410481,County City,Pingdingshan,Píng Dǐng Shān,410400,Prefecture City,Henan,Hé Nán,410000,Province,2010,484626,838469,0.5779891683532724,57.8
武都区,621202,武都区,621202,市辖区,陇南市,621200,地级市,甘肃省,620000,省,武都县,2004年撤销武都县，设立武都区,Wudu,Wǔ Dū,621202,Wudu,Wǔ Dū,621202,District,Longnan,Lǒng Nán,621200,Prefecture City,Gansu,Gān Sù,620000,Province,2010,994096,6201594,0.1602968527123833,16.03
沈丘县,411624,沈丘县,411624,县,周口市,411600,地级市,河南省,410000,省,,,Shenqiu,Shěn Qiū,411624,Shenqiu,Shěn Qiū,411624,County,Zhoukou,Zhōu Kǒu,411600,Prefecture City,Henan,Hé Nán,410000,Province,2010,1206128,1444085,0.835219533476215,83.52
方城县,411322,方城县,411322,县,南阳市,411300,地级市,河南省,410000,省,,,Fangcheng,Fāng Chéng,411322,Fangcheng,FāngChéng,411322,County,Nanyang,Nán Yáng,411300,Prefecture City,Henan,Hé Nán,410000,Province,2010,2692988,3390317,0.7943174635292216,79.43
上蔡县,411722,上蔡县,411722,县,驻马店市,411700,地级市,河南省,410000,省,,,Shangcai,Shàng Cài,411722,Shangcai,Shàng Cài,411722,County,Zhumadian,Zhù Mǎ Diàn,411700,Prefecture City,Henan,Hé Nán,410000,Province,2010,1736446,2018617,0.8602156823211139,86.02
太和县,341222,太和县,341222,县,阜阳市,341200,地级市,安徽省,340000,省,,,Taihe,Tài Hé,341222,Taihe,Tài Hé,341222,County,Fuyang,Fù Yáng,341200,Prefecture City,Anhui,Ān Huī,340000,Province,2010,2279633,2489875,0.9155612229529595,91.56
洋县,610723,洋县,610723,县,汉中市,610700,地级市,陕西省,610000,省,,,Yangxian,Yáng Xiàn,610723,Yangxian,YángXiàn,610723,County,Hanzhong,Hàn Zhōng,610700,Prefecture City,Shanxi,Shǎn Xī,610000,Province,2010,1006914,4259687,0.23638215671714846,23.64
西平县,411721,西平县,411721,县,驻马店市,411700,地级市,河南省,410000,省,,,Xiping,Xī Píng,411721,Xiping,XīPíng,411721,County,Zhumadian,Zhù Mǎ Diàn,411700,Prefecture City,Henan,Hé Nán,410000,Province,2010,1264743,1460332,0.8660653878707034,86.61
亭湖区,320902,亭湖区,320902,市辖区,盐城市,320900,地级市,江苏省,320000,省,城区,2003年城区更名为亭湖区,Tinghu,Tíng Hú,320902,Tinghu,TíngHú,320902,District,Yancheng,Yán Chéng,320900,Prefecture City,Jiangsu,Jiāng Sū,320000,Province,2010,999154,1188351,0.8407903052212689,84.08
泗洪县,321324,泗洪县,321324,县,宿迁市,321300,地级市,江苏省,320000,省,,,Sihong,Sì Hóng,321324,Sihong,SìHóng,321324,County,Suqian,Sù Qiān,321300,Prefecture City,Jiangsu,Jiāng Sū,320000,Province,2010,2402495,3595884,0.6681236102165699,66.81
南召县,411321,南召县,411321,县,南阳市,411300,地级市,河南省,410000,省,,,Nanzhao,Nán Zhào,411321,Nanzhao,Nán Zhào,411321,County,Nanyang,Nán Yáng,411300,Prefecture City,Henan,Hé Nán,410000,Province,2010,1424219,3914435,0.3638376930514876,36.38
清浦区,320811,清浦区,320811,市辖区,淮安市,320800,地级市,江苏省,320000,省,,,Qingpu,Qīng Pǔ,320811,Qingpu,Qīng Pǔ,320811,District,Huaian,Huái Ān,320800,Prefecture City,Jiangsu,Jiāng Sū,320000,Province,2010,229100,394278,0.5810620932438533,58.11
建湖县,320925,建湖县,320925,县,盐城市,320900,地级市,江苏省,320000,省,,,Jianhu,Jiàn Hú,320925,Jianhu,JiànHú,320925,County,Yancheng,Yán Chéng,320900,Prefecture City,Jiangsu,Jiāng Sū,320000,Province,2010,1292320,1545378,0.8362484777187199,83.62
楚州区,320803,楚州区,320803,市辖区,淮安市,320800,地级市,江苏省,320000,省,,,Chuzhou,Chǔ Zhōu,320803,Chuzhou,Chǔ Zhōu,320803,District,Huaian,Huái Ān,320800,Prefecture City,Jiangsu,Jiāng Sū,320000,Province,2010,1619182,1954273,0.8285341914870645,82.85
商水县,411623,商水县,411623,县,周口市,411600,地级市,河南省,410000,省,,,Shangshui,Shāng Shuǐ,411623,Shangshui,ShāngShuǐ,411623,County,Zhoukou,Zhōu Kǒu,411600,Prefecture City,Henan,Hé Nán,410000,Province,2010,1450571,1697793,0.8543862532122585,85.44
源汇区,411102,源汇区,411102,市辖区,漯河市,411100,地级市,河南省,410000,省,,,Yuanhui,Yuán Huì,411102,Yuanhui,YuánHuì,411102,District,Luohe,Luò Hé,411100,Prefecture City,Henan,Hé Nán,410000,Province,2010,237826,304968,0.7798391962435403,77.98
泗县,341324,泗县,341324,县,宿州市,341300,地级市,安徽省,340000,省,,,Sixian,Sì Xiàn,341324,Sixian,SìXiàn,341324,County,Suzhou,Sù Zhōu,341300,Prefecture City,Anhui,Ān Huī,340000,Province,2010,2196191,2484092,0.8841021186010825,88.41
舞阳县,411121,舞阳县,411121,县,漯河市,411100,地级市,河南省,410000,省,,,Wuyang,Wǔ Yáng,411121,Wuyang,WǔYáng,411121,County,Luohe,Luò Hé,411100,Prefecture City,Henan,Hé Nán,410000,Province,2010,882168,1035325,0.8520686740878468,85.21
叶县,410422,叶县,410422,县,平顶山市,410400,地级市,河南省,410000,省,,,Yexian,Yè Xiàn,410422,Yexian,Yè Xiàn,410422,County,Pingdingshan,Píng Dǐng Shān,410400,Prefecture City,Henan,Hé Nán,410000,Province,2010,1531143,1857033,0.8245103883452798,82.45
涡阳县,341621,涡阳县,341621,县,亳州市,341600,地级市,安徽省,340000,省,,,Guoyang,Guō Yáng,341621,Guoyang,Guō Yáng,341621,County,Bozhou,Bó Zhōu,341600,Prefecture City,Anhui,Ān Huī,340000,Province,2010,2496502,2815964,0.8865532371862709,88.66
召陵区,411104,召陵区,411104,市辖区,漯河市,411100,地级市,河南省,410000,省,,2004年新设立召陵区,Shaoling,Shào Líng,411104,Shaoling,Shào Líng,411104,District,Luohe,Luò Hé,411100,Prefecture City,Henan,Hé Nán,410000,Province,2010,464441,582467,0.7973687779736878,79.74
清河区,320802,清河区,320802,市辖区,淮安市,320800,地级市,江苏省,320000,省,,,Qinghe,Qīng Hé,320802,Qinghe,Qīng Hé,320802,District,Huaian,Huái Ān,320800,Prefecture City,Jiangsu,Jiāng Sū,320000,Province,2010,64112,182366,0.3515567594836757,35.16
川汇区,411602,川汇区,411602,市辖区,周口市,411600,地级市,河南省,410000,省,,,Chuanhui,Chuān Huì,411602,Chuanhui,ChuānHuì,411602,District,Zhoukou,Zhōu Kǒu,411600,Prefecture City,Henan,Hé Nán,410000,Province,2010,290681,443948,0.6547636209646175,65.48
郸城县,411625,郸城县,411625,县,周口市,411600,地级市,河南省,410000,省,,,Dancheng,Dān Chéng,411625,Dancheng,DānChéng,411625,County,Zhoukou,Zhōu Kǒu,411600,Prefecture City,Henan,Hé Nán,410000,Province,2010,1751494,1996499,0.8772826833371817,87.73
濉溪县,340621,濉溪县,340621,县,淮北市,340600,地级市,安徽省,340000,省,,,Suixi,Suī Xī,340621,Suixi,SuīXī,340621,County,Huaibei,Huái Běi,340600,Prefecture City,Anhui,Ān Huī,340000,Province,2010,2307351,2652696,0.8698135783369071,86.98
淮阴区,320804,淮阴区,320804,市辖区,淮安市,320800,地级市,江苏省,320000,省,,,Huaiyin,Huái Yīn,320804,Huaiyin,HuáiYīn,320804,District,Huaian,Huái Ān,320800,Prefecture City,Jiangsu,Jiāng Sū,320000,Province,2010,1331269,1753012,0.7594180758602908,75.94
郾城区,411103,郾城区,411103,市辖区,漯河市,411100,地级市,河南省,410000,省,,,Yancheng,Yǎn Chéng,411103,Yancheng,YǎnChéng,411103,District,Luohe,Luò Hé,411100,Prefecture City,Henan,Hé Nán,410000,Province,2010,497621,606860,0.8199930791286293,82.0
灵璧县,341323,灵璧县,341323,县,宿州市,341300,地级市,安徽省,340000,省,,,Lingbi,Líng Bì,341323,Lingbi,LíngBì,341323,County,Suzhou,Sù Zhōu,341300,Prefecture City,Anhui,Ān Huī,340000,Province,2010,2476917,2848060,0.8696856807791971,86.97
湛河区,410411,湛河区,410411,市辖区,平顶山市,410400,地级市,河南省,410000,省,,,Zhanhe,Zhàn Hé,410411,Zhanhe,ZhànHé,410411,District,Pingdingshan,Píng Dǐng Shān,410400,Prefecture City,Henan,Hé Nán,410000,Province,2010,89035,151127,0.5891402595168302,58.91
泗阳县,321323,泗阳县,321323,县,宿迁市,321300,地级市,江苏省,320000,省,,,Siyang,Sì Yáng,321323,Siyang,SìYáng,321323,County,Suqian,Sù Qiān,321300,Prefecture City,Jiangsu,Jiāng Sū,320000,Province,2010,1252991,1841139,0.6805520930250242,68.06
阜宁县,320923,阜宁县,320923,县,盐城市,320900,地级市,江苏省,320000,省,,,Funing,Fù Níng,320923,Funing,Fù Níng,320923,County,Yancheng,Yán Chéng,320900,Prefecture City,Jiangsu,Jiāng Sū,320000,Province,2010,1644789,1926733,0.8536673218344213,85.37
淮阳县,411626,淮阳县,411626,县,周口市,411600,地级市,河南省,410000,省,,,Huaiyang,Huái Yáng,411626,Huaiyang,HuáiYáng,411626,County,Zhoukou,Zhōu Kǒu,411600,Prefecture City,Henan,Hé Nán,410000,Province,2010,1453490,1785124,0.8142235497366009,81.42
埇桥区,341302,埇桥区,341302,市辖区,宿州市,341300,地级市,安徽省,340000,省,,,Yongqiao,Yǒng Qiáo,341302,Yongqiao,YǒngQiáo,341302,District,Suzhou,Sù Zhōu,341300,Prefecture City,Anhui,Ān Huī,340000,Province,2010,3366592,3886918,0.8661340424469979,86.61
成县,621221,成县,621221,县,陇南市,621200,地级市,甘肃省,620000,省,,,Chengxian,Chéng Xiàn,621221,Chengxian,ChéngXiàn,621221,County,Longnan,Lǒng Nán,621200,Prefecture City,Gansu,Gān Sù,620000,Province,2010,727170,2249092,0.3233171430959694,32.33
鲁山县,410423,鲁山县,410423,县,平顶山市,410400,地级市,河南省,410000,省,,,Lushan,Lǔ Shān,410423,Lushan,LǔShān,410423,County,Pingdingshan,Píng Dǐng Shān,410400,Prefecture City,Henan,Hé Nán,410000,Province,2010,1396043,3218947,0.43369555323526604,43.37
射阳县,320924,射阳县,320924,县,盐城市,320900,地级市,江苏省,320000,省,,,Sheyang,Shè Yáng,320924,Sheyang,ShèYáng,320924,County,Yancheng,Yán Chéng,320900,Prefecture City,Jiangsu,Jiāng Sū,320000,Province,2010,2743564,3447607,0.7957879189826451,79.58
卫东区,410403,卫东区,410403,市辖区,平顶山市,410400,地级市,河南省,410000,省,,,Weidong,Wèi Dōng,410403,Weidong,WèiDōng,410403,District,Pingdingshan,Píng Dǐng Shān,410400,Prefecture City,Henan,Hé Nán,410000,Province,2010,61395,146173,0.4200160084283691,42.0
新华区,410402,新华区,410402,市辖区,平顶山市,410400,地级市,河南省,410000,省,,,Xinhua,Xīn Huá,410402,Xinhua,Xīn Huá,410402,District,Pingdingshan,Píng Dǐng Shān,410400,Prefecture City,Henan,Hé Nán,410000,Province,2010,86459,264657,0.3266832163895155,32.67
谯城区,341602,谯城区,341602,市辖区,亳州市,341600,地级市,安徽省,340000,省,亳州市,2000年撤销亳州市，设立谯城区,Qiaocheng,Qiáo Chéng,341602,Qiaocheng,QiáoChéng,341602,District,Bozhou,Bó Zhōu,341600,Prefecture City,Anhui,Ān Huī,340000,Province,2010,2702227,3036762,0.8898382553522469,88.98
宿城区,321302,宿城区,321302,市辖区,宿迁市,321300,地级市,江苏省,320000,省,,,Sucheng,Sù Chéng,321302,Sucheng,Sù Chéng,321302,District,Suqian,Sù Qiān,321300,Prefecture City,Jiangsu,Jiāng Sū,320000,Province,2010,803159,1230382,0.6527720659112374,65.28
西华县,411622,西华县,411622,县,周口市,411600,地级市,河南省,410000,省,,,Xihua,Xī Huá,411622,Xihua,Xī Huá,411622,County,Zhoukou,Zhōu Kǒu,411600,Prefecture City,Henan,Hé Nán,410000,Province,2010,1394750,1612716,0.8648453912530166,86.48
烈山区,340604,烈山区,340604,市辖区,淮北市,340600,地级市,安徽省,340000,省,,,Lieshan,Liè Shān,340604,Lieshan,LièShān,340604,District,Huaibei,Huái Běi,340600,Prefecture City,Anhui,Ān Huī,340000,Province,2010,354020,518842,0.6823271824563162,68.23
临颍县,411122,临颍县,411122,县,漯河市,411100,地级市,河南省,410000,省,,,Linying,Lín Yǐng,411122,Linying,LínYǐng,411122,County,Luohe,Luò Hé,411100,Prefecture City,Henan,Hé Nán,410000,Province,2010,920191,1077308,0.8541577710366952,85.42
襄城县,411025,襄城县,411025,县,许昌市,411000,地级市,河南省,410000,省,,,Xiangcheng,Xiāng Chéng,411025,Xiangcheng,XiāngChéng,411025,County,Xuchang,Xǔ Chāng,411000,Prefecture City,Henan,Hé Nán,410000,Province,2010,1008942,1232976,0.818298166387667,81.83
涟水县,320826,涟水县,320826,县,淮安市,320800,地级市,江苏省,320000,省,,,Lianshui,Lián Shuǐ,320826,Lianshui,LiánShuǐ,320826,County,Huaian,Huái Ān,320800,Prefecture City,Jiangsu,Jiāng Sū,320000,Province,2010,1988954,2251704,0.8833105949982769,88.33
石龙区,410404,石龙区,410404,市辖区,平顶山市,410400,地级市,河南省,410000,省,,,Shilong,Shí Lóng,410404,Shilong,Shí Lóng,410404,District,Pingdingshan,Píng Dǐng Shān,410400,Prefecture City,Henan,Hé Nán,410000,Province,2010,32352,76799,0.4212554850974622,42.13
徽县,621227,徽县,621227,县,陇南市,621200,地级市,甘肃省,620000,省,,,Huixian,Huī Xiàn,621227,Huixian,HuīXiàn,621227,County,Longnan,Lǒng Nán,621200,Prefecture City,Gansu,Gān Sù,620000,Province,2010,780967,3623162,0.21554846291719773,21.55
鹿邑县,411628,鹿邑县,411628,县,周口市,411600,地级市,河南省,410000,省,,,Luyi,Lù Yì,411628,Luyi,LùYì,411628,County,Zhoukou,Zhōu Kǒu,411600,Prefecture City,Henan,Hé Nán,410000,Province,2010,1399841,1660110,0.8432218346977007,84.32
宝丰县,410421,宝丰县,410421,县,平顶山市,410400,地级市,河南省,410000,省,,,Baofeng,Bǎo Fēng,410421,Baofeng,BǎoFēng,410421,County,Pingdingshan,Píng Dǐng Shān,410400,Prefecture City,Henan,Hé Nán,410000,Province,2010,769946,956871,0.8046497385750012,80.46
西和县,621225,西和县,621225,县,陇南市,621200,地级市,甘肃省,620000,省,,,Xihe,Xī Hé,621225,Xihe,Xī Hé,621225,County,Longnan,Lǒng Nán,621200,Prefecture City,Gansu,Gān Sù,620000,Province,2010,963085,2493303,0.38626873669185013,38.63
睢宁县,320324,睢宁县,320324,县,徐州市,320300,地级市,江苏省,320000,省,,,Suining,Suī Níng,320324,Suining,Suī Níng,320324,County,Xuzhou,Xú Zhōu,320300,Prefecture City,Jiangsu,Jiāng Sū,320000,Province,2010,1900314,2370634,0.8016058151532459,80.16
周至县,610124,周至县,610124,县,西安市,610100,地级市,陕西省,610000,省,,,Zhouzhi,Zhōu Zhì,610124,Zhouzhi,ZhōuZhì,610124,County,Xian,Xī Ān,610100,Prefecture City,Shanxi,Shǎn Xī,610000,Province,2010,822096,3954439,0.20789194118306034,20.79
永城市,411481,永城市,411481,县级市,商丘市,411400,地级市,河南省,410000,省,,,Yongcheng,Yǒng Chéng,411481,Yongcheng,YǒngChéng,411481,County City,Shangqiu,Shāng Qiū,411400,Prefecture City,Henan,Hé Nán,410000,Province,2010,2294677,2711423,0.8462998949260222,84.63
相山区,340603,相山区,340603,市辖区,淮北市,340600,地级市,安徽省,340000,省,,,Xiangshan,Xiāng Shān,340603,Xiangshan,Xiāng Shān,340603,District,Huaibei,Huái Běi,340600,Prefecture City,Anhui,Ān Huī,340000,Province,2010,88215,188675,0.4675500198754472,46.76
户县,610125,户县,610125,县,西安市,610100,地级市,陕西省,610000,省,,,Huxian,Hù Xiàn,610125,Huxian,Hù Xiàn,610125,County,Xian,Xī Ān,610100,Prefecture City,Shanxi,Shǎn Xī,610000,Province,2010,601655,1721099,0.3495760557643692,34.96
郏县,410425,郏县,410425,县,平顶山市,410400,地级市,河南省,410000,省,,,Jiaxian,Jiá Xiàn,410425,Jiaxian,JiáXiàn,410425,County,Pingdingshan,Píng Dǐng Shān,410400,Prefecture City,Henan,Hé Nán,410000,Province,2010,825244,975022,0.846385004646049,84.64
宿豫区,321311,宿豫区,321311,市辖区,宿迁市,321300,地级市,江苏省,320000,省,宿豫县,2004年撤销宿豫县，设立宿豫区,Suyu,Sù Yù,321311,Suyu,Sù Yù,321311,District,Suqian,Sù Qiān,321300,Prefecture City,Jiangsu,Jiāng Sū,320000,Province,2010,1038353,1659433,0.6257275828551078,62.57
嵩县,410325,嵩县,410325,县,洛阳市,410300,地级市,河南省,410000,省,,,Songxian,Sōng Xiàn,410325,Songxian,SōngXiàn,410325,County,Luoyang,Luò Yáng,410300,Prefecture City,Henan,Hé Nán,410000,Province,2010,965083,4041393,0.23879959212083557,23.88
鄢陵县,411024,鄢陵县,411024,县,许昌市,411000,地级市,河南省,410000,省,,,Yanling,Yān Líng,411024,Yanling,YānLíng,411024,County,Xuchang,Xǔ Chāng,411000,Prefecture City,Henan,Hé Nán,410000,Province,2010,1047463,1168101,0.8967229717293282,89.67
宕昌县,621223,宕昌县,621223,县,陇南市,621200,地级市,甘肃省,620000,省,,,Dangchang,Dàng Chāng,621223,Dangchang,DàngChāng,621223,County,Longnan,Lǒng Nán,621200,Prefecture City,Gansu,Gān Sù,620000,Province,2010,752341,4456358,0.1688241833353604,16.88
长安区,610116,长安区,610116,市辖区,西安市,610100,地级市,陕西省,610000,省,长安县,2002年撤销长安县，设立长安区,Changan,Cháng Ān,610116,Changan,Cháng Ān,610116,District,Xian,Xī Ān,610100,Prefecture City,Shanxi,Shǎn Xī,610000,Province,2010,844167,2140058,0.3944598697792303,39.45
魏都区,411002,魏都区,411002,市辖区,许昌市,411000,地级市,河南省,410000,省,,,Weidu,Wèi Dū,411002,Weidu,Wèi Dū,411002,District,Xuchang,Xǔ Chāng,411000,Prefecture City,Henan,Hé Nán,410000,Province,2010,31780,120569,0.26358350819862486,26.36
许昌县,411023,许昌县,411023,县,许昌市,411000,地级市,河南省,410000,省,,,Jianan,Jiàn Ān,411023,Jianan,JiànĀn,411023,County,Xuchang,Xǔ Chāng,411000,Prefecture City,Henan,Hé Nán,410000,Province,2010,1104467,1339311,0.8246531238823545,82.47
杜集区,340602,杜集区,340602,市辖区,淮北市,340600,地级市,安徽省,340000,省,,,Duji,Dù Jí,340602,Duji,DùJí,340602,District,Huaibei,Huái Běi,340600,Prefecture City,Anhui,Ān Huī,340000,Province,2010,166331,312794,0.5317589212069285,53.18
汝阳县,410326,汝阳县,410326,县,洛阳市,410300,地级市,河南省,410000,省,,,Ruyang,Rǔ Yáng,410326,Ruyang,RǔYáng,410326,County,Luoyang,Luò Yáng,410300,Prefecture City,Henan,Hé Nán,410000,Province,2010,729626,1785040,0.4087449020750235,40.87
滨海县,320922,滨海县,320922,县,盐城市,320900,地级市,江苏省,320000,省,,,Binhai,Bīn Hǎi,320922,Binhai,BīnHǎi,320922,County,Yancheng,Yán Chéng,320900,Prefecture City,Jiangsu,Jiāng Sū,320000,Province,2010,2071726,2504312,0.8272635358533601,82.73
太康县,411627,太康县,411627,县,周口市,411600,地级市,河南省,410000,省,,,Taikang,Tài Kāng,411627,Taikang,TàiKāng,411627,County,Zhoukou,Zhōu Kǒu,411600,Prefecture City,Henan,Hé Nán,410000,Province,2010,1996137,2364954,0.8440489751597705,84.4
蓝田县,610122,蓝田县,610122,县,西安市,610100,地级市,陕西省,610000,省,,,Lantian,Lán Tián,610122,Lantian,LánTián,610122,County,Xian,Xī Ān,610100,Prefecture City,Shanxi,Shǎn Xī,610000,Province,2010,958548,2698158,0.35526014414278184,35.53
扶沟县,411621,扶沟县,411621,县,周口市,411600,地级市,河南省,410000,省,,,Fugou,Fú Gōu,411621,Fugou,FúGōu,411621,County,Zhoukou,Zhōu Kǒu,411600,Prefecture City,Henan,Hé Nán,410000,Province,2010,1391451,1560606,0.891609413266385,89.16
礼县,621226,礼县,621226,县,陇南市,621200,地级市,甘肃省,620000,省,,,Lixian,Lǐ Xiàn,621226,Lixian,LǐXiàn,621226,County,Longnan,Lǒng Nán,621200,Prefecture City,Gansu,Gān Sù,620000,Province,2010,1686278,5740095,0.2937717929755518,29.38
柘城县,411424,柘城县,411424,县,商丘市,411400,地级市,河南省,410000,省,,,Zhecheng,Zhè Chéng,411424,Zhecheng,ZhèChéng,411424,County,Shangqiu,Shāng Qiū,411400,Prefecture City,Henan,Hé Nán,410000,Province,2010,1182781,1403005,0.8430340590375658,84.3
眉县,610326,眉县,610326,县,宝鸡市,610300,地级市,陕西省,610000,省,,,Meixian,Méi Xiàn,610326,Meixian,MéiXiàn,610326,County,Baoji,Bǎo Jī,610300,Prefecture City,Shanxi,Shǎn Xī,610000,Province,2010,547351,1154435,0.4741289028832286,47.41
沭阳县,321322,沭阳县,321322,县,宿迁市,321300,地级市,江苏省,320000,省,,,Shuyang,Shù Yáng,321322,Shuyang,ShùYáng,321322,County,Suqian,Sù Qiān,321300,Prefecture City,Jiangsu,Jiāng Sū,320000,Province,2010,2605134,3098865,0.8406736014637617,84.07
汝州市,410482,汝州市,410482,县级市,平顶山市,410400,地级市,河南省,410000,省,,,Ruzhou,Rǔ Zhōu,410482,Ruzhou,RǔZhōu,410482,County City,Pingdingshan,Píng Dǐng Shān,410400,Prefecture City,Henan,Hé Nán,410000,Province,2010,1539516,2117061,0.7271949178601844,72.72
洛南县,611021,洛南县,611021,县,商洛市,611000,地级市,陕西省,610000,省,,,Luonan,Luò Nán,611021,Luonan,Luò Nán,611021,County,Shangluo,Shāng Luò,611000,Prefecture City,Shanxi,Shǎn Xī,610000,Province,2010,590802,3811784,0.15499356731651112,15.5
灌南县,320724,灌南县,320724,县,连云港市,320700,地级市,江苏省,320000,省,,,Guannan,Guàn Nán,320724,Guannan,Guàn Nán,320724,County,Lianyungang,Lián Yún Gǎng,320700,Prefecture City,Jiangsu,Jiāng Sū,320000,Province,2010,1093076,1384253,0.7896504468475055,78.97
禹州市,411081,禹州市,411081,县级市,许昌市,411000,地级市,河南省,410000,省,,,Yuzhou,Yǔ Zhōu,411081,Yuzhou,YǔZhōu,411081,County City,Xuchang,Xǔ Chāng,411000,Prefecture City,Henan,Hé Nán,410000,Province,2010,1506688,1979327,0.7612122706354231,76.12
萧县,341322,萧县,341322,县,宿州市,341300,地级市,安徽省,340000,省,,,Xiaoxian,Xiāo Xiàn,341322,Xiaoxian,XiāoXiàn,341322,County,Suzhou,Sù Zhōu,341300,Prefecture City,Anhui,Ān Huī,340000,Province,2010,1957160,2499939,0.7828831023476973,78.29
云龙区,320303,云龙区,320303,市辖区,徐州市,320300,地级市,江苏省,320000,省,,,Yunlong,Yún Lóng,320303,Yunlong,YúnLóng,320303,District,Xuzhou,Xú Zhōu,320300,Prefecture City,Jiangsu,Jiāng Sū,320000,Province,2010,65432,159074,0.4113305757069037,41.13
雁塔区,610113,雁塔区,610113,市辖区,西安市,610100,地级市,陕西省,610000,省,,,Yanta,Yàn Tǎ,610113,Yanta,YànTǎ,610113,District,Xian,Xī Ān,610100,Prefecture City,Shanxi,Shǎn Xī,610000,Province,2010,44206,205210,0.21541835193216705,21.54
夏邑县,411426,夏邑县,411426,县,商丘市,411400,地级市,河南省,410000,省,,,Xiayi,Xià Yì,411426,Xiayi,XiàYì,411426,County,Shangqiu,Shāng Qiū,411400,Prefecture City,Henan,Hé Nán,410000,Province,2010,1736739,2002379,0.8673378016848958,86.73
响水县,320921,响水县,320921,县,盐城市,320900,地级市,江苏省,320000,省,,,Xiangshui,Xiǎng Shuǐ,320921,Xiangshui,XiǎngShuǐ,320921,County,Yancheng,Yán Chéng,320900,Prefecture City,Jiangsu,Jiāng Sū,320000,Province,2010,1272032,1833566,0.6937475934872265,69.37
长葛市,411082,长葛市,411082,县级市,许昌市,411000,地级市,河南省,410000,省,,,Changge,Cháng Gě,411082,Changge,Cháng Gě,411082,County City,Xuchang,Xǔ Chāng,411000,Prefecture City,Henan,Hé Nán,410000,Province,2010,678243,863028,0.7858875957674606,78.59
睢阳区,411403,睢阳区,411403,市辖区,商丘市,411400,地级市,河南省,410000,省,,,Suiyang,Suī Yáng,411403,Suiyang,SuīYáng,411403,District,Shangqiu,Shāng Qiū,411400,Prefecture City,Henan,Hé Nán,410000,Province,2010,1099032,1291826,0.8507585386886469,85.08
杨陵区,610403,杨陵区,610403,市辖区,咸阳市,610400,地级市,陕西省,610000,省,,,Yangling,Yáng Líng,610403,Yangling,YángLíng,610403,District,Xianyang,Xián Yáng,610400,Prefecture City,Shanxi,Shǎn Xī,610000,Province,2010,133737,179947,0.7432021650819408,74.32
新沂市,320381,新沂市,320381,县级市,徐州市,320300,地级市,江苏省,320000,省,,,Xinyi,Xīn Yí,320381,Xinyi,XīnYí,320381,County City,Xuzhou,Xú Zhōu,320300,Prefecture City,Jiangsu,Jiāng Sū,320000,Province,2010,1625431,2142985,0.7584892101437948,75.85
铜山县,320323,铜山县,320323,县,徐州市,320300,地级市,江苏省,320000,省,,,Tongshan,Tóng Shān,320323,Tongshan,TóngShān,320323,County,Xuzhou,Xú Zhōu,320300,Prefecture City,Jiangsu,Jiāng Sū,320000,Province,2010,1881915,2620064,0.7182706223970101,71.83
鼓楼区,320302,鼓楼区,320302,市辖区,徐州市,320300,地级市,江苏省,320000,省,,,Gulou,Gǔ Lóu,320302,Gulou,GǔLóu,320302,District,Xuzhou,Xú Zhōu,320300,Prefecture City,Jiangsu,Jiāng Sū,320000,Province,2010,91261,268417,0.33999709407377326,34.0
兴平市,610481,兴平市,610481,县级市,咸阳市,610400,地级市,陕西省,610000,省,,,Xingping,Xīng Píng,610481,Xingping,Xīng Píng,610481,County City,Xianyang,Xián Yáng,610400,Prefecture City,Shanxi,Shǎn Xī,610000,Province,2010,597461,684540,0.8727919478774068,87.28
灞桥区,610111,灞桥区,610111,市辖区,西安市,610100,地级市,陕西省,610000,省,,,Baqiao,Bà Qiáo,610111,Baqiao,BàQiáo,610111,District,Xian,Xī Ān,610100,Prefecture City,Shanxi,Shǎn Xī,610000,Province,2010,260415,438327,0.5941112457138163,59.41
武功县,610431,武功县,610431,县,咸阳市,610400,地级市,陕西省,610000,省,,,Wugong,Wǔ Gōng,610431,Wugong,WǔGōng,610431,County,Xianyang,Xián Yáng,610400,Prefecture City,Shanxi,Shǎn Xī,610000,Province,2010,480799,529562,0.9079182418678078,90.79
九里区,320304,九里区,320304,市辖区,徐州市,320300,地级市,江苏省,320000,省,,,Jiuli,Jiǔ Lǐ,320304,Jiuli,Jiǔ Lǐ,320304,District,Xuzhou,Xú Zhōu,320300,Prefecture City,Jiangsu,Jiāng Sū,320000,Province,2010,50474,121389,0.4158037383947475,41.58
洛宁县,410328,洛宁县,410328,县,洛阳市,410300,地级市,河南省,410000,省,,,Luoning,Luò Níng,410328,Luoning,Luò Níng,410328,County,Luoyang,Luò Yáng,410300,Prefecture City,Henan,Hé Nán,410000,Province,2010,1318556,3109336,0.4240635299626673,42.41
未央区,610112,未央区,610112,市辖区,西安市,610100,地级市,陕西省,610000,省,,,Weiyang,Wèi Yāng,610112,Weiyang,WèiYāng,610112,District,Xian,Xī Ān,610100,Prefecture City,Shanxi,Shǎn Xī,610000,Province,2010,100403,355203,0.28266371624113534,28.27
秦都区,610402,秦都区,610402,市辖区,咸阳市,610400,地级市,陕西省,610000,省,,,Qindu,Qín Dū,610402,Qindu,Qín Dū,610402,District,Xianyang,Xián Yáng,610400,Prefecture City,Shanxi,Shǎn Xī,610000,Province,2010,234150,350350,0.6683316683316683,66.83
虞城县,411425,虞城县,411425,县,商丘市,411400,地级市,河南省,410000,省,,,Yucheng,Yú Chéng,411425,Yucheng,YúChéng,411425,County,Shangqiu,Shāng Qiū,411400,Prefecture City,Henan,Hé Nán,410000,Province,2010,1855565,2083901,0.8904285760216056,89.04
灌云县,320723,灌云县,320723,县,连云港市,320700,地级市,江苏省,320000,省,,,Guanyun,Guàn Yún,320723,Guanyun,GuànYún,320723,County,Lianyungang,Lián Yún Gǎng,320700,Prefecture City,Jiangsu,Jiāng Sū,320000,Province,2010,1620325,2044529,0.7925174942492867,79.25
尉氏县,410223,尉氏县,410223,县,开封市,410200,地级市,河南省,410000,省,,,Weishi,Wèi Shì,410223,Weishi,Wèi Shì,410223,County,Kaifeng,Kāi Fēng,410200,Prefecture City,Henan,Hé Nán,410000,Province,2010,1569619,1756013,0.8938538609907786,89.39
睢县,411422,睢县,411422,县,商丘市,411400,地级市,河南省,410000,省,,,Suixian,Suī Xiàn,411422,Suixian,SuīXiàn,411422,County,Shangqiu,Shāng Qiū,411400,Prefecture City,Henan,Hé Nán,410000,Province,2010,1047199,1237272,0.8463773527567099,84.64
邳州市,320382,邳州市,320382,县级市,徐州市,320300,地级市,江苏省,320000,省,,,Pizhou,Pī Zhōu,320382,Pizhou,PīZhōu,320382,County City,Xuzhou,Xú Zhōu,320300,Prefecture City,Jiangsu,Jiāng Sū,320000,Province,2010,2220656,2812350,0.7896086902412573,78.96
秦州区,620502,秦州区,620502,市辖区,天水市,620500,地级市,甘肃省,620000,省,秦城区,2004年秦城区更名为秦州区,Qinzhou,Qín Zhōu,620502,Qinzhou,QínZhōu,620502,District,Tianshui,Tiān Shuǐ,620500,Prefecture City,Gansu,Gān Sù,620000,Province,2010,1510008,3203333,0.4713865214762249,47.14
伊川县,410329,伊川县,410329,县,洛阳市,410300,地级市,河南省,410000,省,,,Yichuan,Yī Chuān,410329,Yichuan,YīChuān,410329,County,Luoyang,Luò Yáng,410300,Prefecture City,Henan,Hé Nán,410000,Province,2010,1216532,1427246,0.8523632225979264,85.24
华县,610521,华县,610521,县,渭南市,610500,地级市,陕西省,610000,省,,,Huazhou,Huanan,610521,Huanan,Huá Nán,610521,County,Weinan,Wèi Nán,610500,Prefecture City,Shanxi,Shǎn Xī,610000,Province,2010,544608,1524527,0.3572308001104605,35.72
贾汪区,320305,贾汪区,320305,市辖区,徐州市,320300,地级市,江苏省,320000,省,,,Jiawang,Jiǎ Wāng,320305,Jiawang,Jiǎ Wāng,320305,District,Xuzhou,Xú Zhōu,320300,Prefecture City,Jiangsu,Jiāng Sū,320000,Province,2010,534666,837448,0.6384468050553587,63.84
岐山县,610323,岐山县,610323,县,宝鸡市,610300,地级市,陕西省,610000,省,,,Qishan,Qí Shān,610323,Qishan,QíShān,610323,County,Baoji,Bǎo Jī,610300,Prefecture City,Shanxi,Shǎn Xī,610000,Province,2010,742888,1153904,0.6438039906266032,64.38
登封市,410185,登封市,410185,县级市,郑州市,410100,地级市,河南省,410000,省,,,Dengfeng,Dēng Fēng,410185,Dengfeng,DēngFēng,410185,County City,Zhengzhou,Zhèng Zhōu,410100,Prefecture City,Henan,Hé Nán,410000,Province,2010,953447,1645059,0.5795822520651235,57.96
扶风县,610324,扶风县,610324,县,宝鸡市,610300,地级市,陕西省,610000,省,,,Fufeng,Fú Fēng,610324,Fufeng,FúFēng,610324,County,Baoji,Bǎo Jī,610300,Prefecture City,Shanxi,Shǎn Xī,610000,Province,2010,748660,949376,0.7885811311851153,78.86
麦积区,620503,麦积区,620503,市辖区,天水市,620500,地级市,甘肃省,620000,省,北道区,2004年北道区更名为麦积区,Maiji,Mài Jī,620503,Maiji,MàiJī,620503,District,Tianshui,Tiān Shuǐ,620500,Prefecture City,Gansu,Gān Sù,620000,Province,2010,1164072,4704771,0.24742373220715738,24.74
渭城区,610404,渭城区,610404,市辖区,咸阳市,610400,地级市,陕西省,610000,省,,,Weicheng,Wèi Chéng,610404,Weicheng,WèiChéng,610404,District,Xianyang,Xián Yáng,610400,Prefecture City,Shanxi,Shǎn Xī,610000,Province,2010,268347,361332,0.7426604895221015,74.27
岷县,621126,岷县,621126,县,定西市,621100,地级市,甘肃省,620000,省,,,Minxian,Mín Xiàn,621126,Minxian,MínXiàn,621126,County,Dingxi,Dìng Xī,621100,Prefecture City,Gansu,Gān Sù,620000,Province,2010,808178,4826292,0.1674531918085354,16.75
灵宝市,411282,灵宝市,411282,县级市,三门峡市,411200,地级市,河南省,410000,省,,,Lingbao,Líng Bǎo,411282,Lingbao,LíngBǎo,411282,County City,Sanmenxia,Sān Mén Xiá,411200,Prefecture City,Henan,Hé Nán,410000,Province,2010,1582633,4044238,0.39133033219113217,39.13
通许县,410222,通许县,410222,县,开封市,410200,地级市,河南省,410000,省,,,Tongxu,Tōng Xǔ,410222,Tongxu,Tōng Xǔ,410222,County,Kaifeng,Kāi Fēng,410200,Prefecture City,Henan,Hé Nán,410000,Province,2010,930890,1037939,0.8968638812107456,89.69
金台区,610303,金台区,610303,市辖区,宝鸡市,610300,地级市,陕西省,610000,省,,,Jintai,Jīn Tái,610303,Jintai,Jīn Tái,610303,District,Baoji,Bǎo Jī,610300,Prefecture City,Shanxi,Shǎn Xī,610000,Province,2010,247470,418468,0.5913713832359941,59.14
砀山县,341321,砀山县,341321,县,宿州市,341300,地级市,安徽省,340000,省,,,Dangshan,Dàng Shān,341321,Dangshan,DàngShān,341321,County,Suzhou,Sù Zhōu,341300,Prefecture City,Anhui,Ān Huī,340000,Province,2010,1346936,1615007,0.8340124841564154,83.4
宁陵县,411423,宁陵县,411423,县,商丘市,411400,地级市,河南省,410000,省,,,Ningling,Níng Líng,411423,Ningling,Níng Líng,411423,County,Shangqiu,Shāng Qiū,411400,Prefecture City,Henan,Hé Nán,410000,Province,2010,927532,1080831,0.8581656151609272,85.82
新郑市,410184,新郑市,410184,县级市,郑州市,410100,地级市,河南省,410000,省,,,Xinzheng,Xīn Zhèng,410184,Xinzheng,XīnZhèng,410184,County City,Zhengzhou,Zhèng Zhōu,410100,Prefecture City,Henan,Hé Nán,410000,Province,2010,906609,1196827,0.7575104839713677,75.75
陈仓区,610304,陈仓区,610304,市辖区,宝鸡市,610300,地级市,陕西省,610000,省,宝鸡县,2003年撤销宝鸡县，设立陈仓区,Chencang,Chén Cāng,610304,Chencang,ChénCāng,610304,District,Baoji,Bǎo Jī,610300,Prefecture City,Shanxi,Shǎn Xī,610000,Province,2010,956511,3335785,0.2867424009640909,28.67
临潼区,610115,临潼区,610115,市辖区,西安市,610100,地级市,陕西省,610000,省,,,Lintong,Lín Tóng,610115,Lintong,LínTóng,610115,District,Xian,Xī Ān,610100,Prefecture City,Shanxi,Shǎn Xī,610000,Province,2010,1009781,1240681,0.8138925316015962,81.39
宜阳县,410327,宜阳县,410327,县,洛阳市,410300,地级市,河南省,410000,省,,,Yiyang,Yí Yáng,410327,Yiyang,YíYáng,410327,County,Luoyang,Luò Yáng,410300,Prefecture City,Henan,Hé Nán,410000,Province,2010,1613219,2184120,0.7386128051572258,73.86
梁园区,411402,梁园区,411402,市辖区,商丘市,411400,地级市,河南省,410000,省,,,Liangyuan,Liáng Yuán,411402,Liangyuan,LiángYuán,411402,District,Shangqiu,Shāng Qiū,411400,Prefecture City,Henan,Hé Nán,410000,Province,2010,748453,937791,0.7981021357637256,79.81
杞县,410221,杞县,410221,县,开封市,410200,地级市,河南省,410000,省,,,Qixian,Qǐ Xiàn,410221,Qixian,QǐXiàn,410221,County,Kaifeng,Kāi Fēng,410200,Prefecture City,Henan,Hé Nán,410000,Province,2010,1473137,1701284,0.865897169432029,86.59
海州区,320706,海州区,320706,市辖区,连云港市,320700,地级市,江苏省,320000,省,,,Haizhou,Hǎi Zhōu,320706,Haizhou,HǎiZhōu,320706,District,Lianyungang,Lián Yún Gǎng,320700,Prefecture City,Jiangsu,Jiāng Sū,320000,Province,2010,291950,381946,0.7643750687269928,76.44
高陵县,610126,高陵县,610126,县,西安市,610100,地级市,陕西省,610000,省,,,Gaoling,Gāo Líng,610126,Gaoling,GāoLíng,610126,County,Xian,Xī Ān,610100,Prefecture City,Shanxi,Shǎn Xī,610000,Province,2010,301218,388539,0.7752580822002424,77.53
潼关县,610522,潼关县,610522,县,渭南市,610500,地级市,陕西省,610000,省,,,Tongguan,Tóng Guān,610522,Tongguan,TóngGuān,610522,County,Weinan,Wèi Nán,610500,Prefecture City,Shanxi,Shǎn Xī,610000,Province,2010,305531,579601,0.5271402223253583,52.71
新密市,410183,新密市,410183,县级市,郑州市,410100,地级市,河南省,410000,省,,,Xinmi,Xīn Mì,410183,Xinmi,XīnMì,410183,County City,Zhengzhou,Zhèng Zhōu,410100,Prefecture City,Henan,Hé Nán,410000,Province,2010,946581,1343141,0.704751772151993,70.48
乾县,610424,乾县,610424,县,咸阳市,610400,地级市,陕西省,610000,省,,,Qianxian,Qián Xiàn,610424,Qianxian,Qián Xiàn,610424,County,Xianyang,Xián Yáng,610400,Prefecture City,Shanxi,Shǎn Xī,610000,Province,2010,1196516,1350772,0.8858016008623217,88.58
华阴市,610582,华阴市,610582,县级市,渭南市,610500,地级市,陕西省,610000,省,,,Huayin,Huà Yīn,610582,Huayin,Huà Yīn,610582,County City,Weinan,Wèi Nán,610500,Prefecture City,Shanxi,Shǎn Xī,610000,Province,2010,449507,914163,0.4917142785258209,49.17
东海县,320722,东海县,320722,县,连云港市,320700,地级市,江苏省,320000,省,,,Donghai,Dōng Hǎi,320722,Donghai,DōngHǎi,320722,County,Lianyungang,Lián Yún Gǎng,320700,Prefecture City,Jiangsu,Jiāng Sū,320000,Province,2010,2309268,2755991,0.8379083966529643,83.79
临渭区,610502,临渭区,610502,市辖区,渭南市,610500,地级市,陕西省,610000,省,,,Linwei,Lín Wèi,610502,Linwei,LínWèi,610502,District,Weinan,Wèi Nán,610500,Prefecture City,Shanxi,Shǎn Xī,610000,Province,2010,1435188,1705711,0.8414016207903918,84.14
凤翔县,610322,凤翔县,610322,县,宝鸡市,610300,地级市,陕西省,610000,省,,,Fengxiang,Fèng Xiáng,610322,Fengxiang,FèngXiáng,610322,County,Baoji,Bǎo Jī,610300,Prefecture City,Shanxi,Shǎn Xī,610000,Province,2010,949119,1667195,0.5692909347736768,56.93
台儿庄区,370405,台儿庄区,370405,市辖区,枣庄市,370400,地级市,山东省,370000,省,,,Taierzhuang,Tái Ér Zhuāng,370405,Taierzhuang,Tái ÉrZhuāng,370405,District,Zaozhuang,Zǎo Zhuāng,370400,Prefecture City,Shandong,Shān Dōng,370000,Province,2010,588201,720698,0.8161546167742938,81.62
礼泉县,610425,礼泉县,610425,县,咸阳市,610400,地级市,陕西省,610000,省,,,Liquan,Lǐ Quán,610425,Liquan,LǐQuán,610425,County,Xianyang,Xián Yáng,610400,Prefecture City,Shanxi,Shǎn Xī,610000,Province,2010,1057349,1369193,0.7722424815201363,77.22
洛龙区,410311,洛龙区,410311,市辖区,洛阳市,410300,地级市,河南省,410000,省,郊区,2000年郊区更名为洛龙区,Luolong,Luò Lóng,410311,Luolong,LuòLóng,410311,District,Luoyang,Luò Yáng,410300,Prefecture City,Henan,Hé Nán,410000,Province,2010,567128,801058,0.7079737047754345,70.8
泾阳县,610423,泾阳县,610423,县,咸阳市,610400,地级市,陕西省,610000,省,,,Jingyang,Jīng Yáng,610423,Jingyang,JīngYáng,610423,County,Xianyang,Xián Yáng,610400,Prefecture City,Shanxi,Shǎn Xī,610000,Province,2010,855508,1052338,0.8129593343583525,81.3
新浦区,320705,新浦区,320705,市辖区,连云港市,320700,地级市,江苏省,320000,省,,,Xinpu,Xīn Pǔ,320705,Xinpu,Xīn Pǔ,320705,District,Lianyungang,Lián Yún Gǎng,320700,Prefecture City,Jiangsu,Jiāng Sū,320000,Province,2010,350444,563999,0.6213557116236021,62.14
郯城县,371322,郯城县,371322,县,临沂市,371300,地级市,山东省,370000,省,,,Tancheng,Tán Chéng,371322,Tancheng,TánChéng,371322,County,Linyi,Lín Yí,371300,Prefecture City,Shandong,Shān Dōng,370000,Province,2010,1274921,1621881,0.786075550549023,78.61
连云区,320703,连云区,320703,市辖区,连云港市,320700,地级市,江苏省,320000,省,,,Lianyun,Lián Yún,320703,Lianyun,LiánYún,320703,District,Lianyungang,Lián Yún Gǎng,320700,Prefecture City,Jiangsu,Jiāng Sū,320000,Province,2010,316768,1047778,0.30232358381260155,30.23
陕县,411222,陕县,411222,县,三门峡市,411200,地级市,河南省,410000,省,,,Shanxian,Shǎn Xiàn,411222,Shanxian,Shǎn Xiàn,411222,County,Sanmenxia,Sān Mén Xiá,411200,Prefecture City,Henan,Hé Nán,410000,Province,2010,972683,2182441,0.44568581693617376,44.57
偃师市,410381,偃师市,410381,县级市,洛阳市,410300,地级市,河南省,410000,省,,,Yanshi,Yǎn Shī,410381,Yanshi,YǎnShī,410381,County City,Luoyang,Luò Yáng,410300,Prefecture City,Henan,Hé Nán,410000,Province,2010,637439,901528,0.7070651161139754,70.71
涧西区,410305,涧西区,410305,市辖区,洛阳市,410300,地级市,河南省,410000,省,,,Jianxi,Jiàn Xī,410305,Jianxi,JiànXī,410305,District,Luoyang,Luò Yáng,410300,Prefecture City,Henan,Hé Nán,410000,Province,2010,39716,107191,0.37051618139582615,37.05
阎良区,610114,阎良区,610114,市辖区,西安市,610100,地级市,陕西省,610000,省,,,Yanliang,Yán Liáng,610114,Yanliang,YánLiáng,610114,District,Xian,Xī Ān,610100,Prefecture City,Shanxi,Shǎn Xī,610000,Province,2010,280792,328009,0.8560496815636156,85.6
武山县,620524,武山县,620524,县,天水市,620500,地级市,甘肃省,620000,省,,,Wushan,Wǔ Shān,620524,Wushan,WǔShān,620524,County,Tianshui,Tiān Shuǐ,620500,Prefecture City,Gansu,Gān Sù,620000,Province,2010,937227,2704915,0.3464903703073849,34.65
二七区,410103,二七区,410103,市辖区,郑州市,410100,地级市,河南省,410000,省,,,Erqi,Èr Qī,410103,Erqi,ÈrQī,410103,District,Zhengzhou,Zhèng Zhōu,410100,Prefecture City,Henan,Hé Nán,410000,Province,2010,78159,211240,0.3700009467903806,37.0
民权县,411421,民权县,411421,县,商丘市,411400,地级市,河南省,410000,省,,,Minquan,Mín Quán,411421,Minquan,MínQuán,411421,County,Shangqiu,Shāng Qiū,411400,Prefecture City,Henan,Hé Nán,410000,Province,2010,1384368,1677212,0.8253983396255214,82.54
丰县,320321,丰县,320321,县,徐州市,320300,地级市,江苏省,320000,省,,,Fengxian,Fēng Xiàn,320321,Fengxian,FēngXiàn,320321,County,Xuzhou,Xú Zhōu,320300,Prefecture City,Jiangsu,Jiāng Sū,320000,Province,2010,1629983,1966398,0.8289181539037367,82.89
西工区,410303,西工区,410303,市辖区,洛阳市,410300,地级市,河南省,410000,省,,,Xigong,Xī Gōng,410303,Xigong,XīGōng,410303,District,Luoyang,Luò Yáng,410300,Prefecture City,Henan,Hé Nán,410000,Province,2010,30198,72426,0.4169497141910364,41.69
沛县,320322,沛县,320322,县,徐州市,320300,地级市,江苏省,320000,省,,,Peixian,Pèi Xiàn,320322,Peixian,PèiXiàn,320322,County,Xuzhou,Xú Zhōu,320300,Prefecture City,Jiangsu,Jiāng Sū,320000,Province,2010,1395771,1762351,0.7919937628769751,79.2
管城回族区,410104,管城回族区,410104,市辖区,郑州市,410100,地级市,河南省,410000,省,,,Guanchenghuizu,Guǎn Chéng Huí Zú,410104,Guanchenghuizu,GuǎnChéngHuíZú,410104,District,Zhengzhou,Zhèng Zhōu,410100,Prefecture City,Henan,Hé Nán,410000,Province,2010,83499,270032,0.3092189073887539,30.92
三原县,610422,三原县,610422,县,咸阳市,610400,地级市,陕西省,610000,省,,,Sanyuan,Sān Yuán,610422,Sanyuan,SānYuán,610422,County,Xianyang,Xián Yáng,610400,Prefecture City,Shanxi,Shǎn Xī,610000,Province,2010,691789,782354,0.8842403822310616,88.42
巩义市,410181,巩义市,410181,县级市,郑州市,410100,地级市,河南省,410000,省,,,Gongyi,Gǒng Yì,410181,Gongyi,GǒngYì,410181,County City,Zhengzhou,Zhèng Zhōu,410100,Prefecture City,Henan,Hé Nán,410000,Province,2010,746031,1408770,0.5295619583040525,52.96
瀍河回族区,410304,瀍河回族区,410304,市辖区,洛阳市,410300,地级市,河南省,410000,省,,,Chanhehuizu,Chán Hé Huí Zú,410304,Chanhehuizu,ChánHéHuíZú,410304,District,Luoyang,Luò Yáng,410300,Prefecture City,Henan,Hé Nán,410000,Province,2010,10472,34707,0.3017258766243121,30.17
芮城县,140830,芮城县,140830,县,运城市,140800,地级市,山西省,140000,省,,,Ruicheng,Ruì Chéng,140830,Ruicheng,RuìChéng,140830,County,Yuncheng,Yùn Chéng,140800,Prefecture City,Shanxi,Shān Xī,140000,Province,2010,1272384,1594820,0.7978229518064734,79.78
开封县,410224,开封县,410224,县,开封市,410200,地级市,河南省,410000,省,,,Kaifeng,Kāi Fēng,410224,Kaifeng,Kāi Fēng,410224,County,Kaifeng,Kāi Fēng,410200,Prefecture City,Henan,Hé Nán,410000,Province,2010,1465545,1689681,0.8673501092809827,86.74
峄城区,370404,峄城区,370404,市辖区,枣庄市,370400,地级市,山东省,370000,省,,,Yicheng,Yì Chéng,370404,Yicheng,YìChéng,370404,District,Zaozhuang,Zǎo Zhuāng,370400,Prefecture City,Shandong,Shān Dōng,370000,Province,2010,627902,859945,0.7301653012692673,73.02
中牟县,410122,中牟县,410122,县,郑州市,410100,地级市,河南省,410000,省,,,Zhongmu,Zhōng Mù,410122,Zhongmu,Zhōng Mù,410122,County,Zhengzhou,Zhèng Zhōu,410100,Prefecture City,Henan,Hé Nán,410000,Province,2010,1503968,1924782,0.7813705656017149,78.14
老城区,410302,老城区,410302,市辖区,洛阳市,410300,地级市,河南省,410000,省,,,Laocheng,Lǎo Chéng,410302,Laocheng,LǎoChéng,410302,District,Luoyang,Luò Yáng,410300,Prefecture City,Henan,Hé Nán,410000,Province,2010,39853,72209,0.5519118115470371,55.19
漳县,621125,漳县,621125,县,定西市,621100,地级市,甘肃省,620000,省,,,Zhangxian,Zhāng Xiàn,621125,Zhangxian,ZhāngXiàn,621125,County,Dingxi,Dìng Xī,621100,Prefecture City,Gansu,Gān Sù,620000,Province,2010,579735,2935303,0.19750431216129988,19.75
单县,371722,单县,371722,县,菏泽市,371700,地级市,山东省,370000,省,,,Shanxian,Shàn Xiàn,371722,Shanxian,Shàn Xiàn,371722,County,Heze,Hé Zé,371700,Prefecture City,Shandong,Shān Dōng,370000,Province,2010,1884399,2231247,0.8445497069575892,84.45
鼓楼区,410204,鼓楼区,410204,市辖区,开封市,410200,地级市,河南省,410000,省,,,Gulou,Gǔ Lóu,410204,Gulou,GǔLóu,410204,District,Kaifeng,Kāi Fēng,410200,Prefecture City,Henan,Hé Nán,410000,Province,2010,54950,85205,0.6449152045067778,64.49
清水县,620521,清水县,620521,县,天水市,620500,地级市,甘肃省,620000,省,,,Qingshui,Qīng Shuǐ,620521,Qingshui,QīngShuǐ,620521,County,Tianshui,Tiān Shuǐ,620500,Prefecture City,Gansu,Gān Sù,620000,Province,2010,1410526,2686788,0.5249859683756217,52.5
禹王台区,410205,禹王台区,410205,市辖区,开封市,410200,地级市,河南省,410000,省,,,Yuwangtai,Yǔ Wáng Tái,410205,Yuwangtai,Yǔ Wáng Tái,410205,District,Kaifeng,Kāi Fēng,410200,Prefecture City,Henan,Hé Nán,410000,Province,2010,44767,81605,0.5485815820109062,54.86
义马市,411281,义马市,411281,县级市,三门峡市,411200,地级市,河南省,410000,省,,,Yima,Yì Mǎ,411281,Yima,YìMǎ,411281,County City,Sanmenxia,Sān Mén Xiá,411200,Prefecture City,Henan,Hé Nán,410000,Province,2010,80031,136329,0.5870431089496733,58.7
千阳县,610328,千阳县,610328,县,宝鸡市,610300,地级市,陕西省,610000,省,,,Qianyang,Qiān Yáng,610328,Qianyang,QiānYáng,610328,County,Baoji,Bǎo Jī,610300,Prefecture City,Shanxi,Shǎn Xī,610000,Province,2010,418671,1351484,0.30978613139334243,30.98
湖滨区,411202,湖滨区,411202,市辖区,三门峡市,411200,地级市,河南省,410000,省,,,Hubin,Hú Bīn,411202,Hubin,HúBīn,411202,District,Sanmenxia,Sān Mén Xiá,411200,Prefecture City,Henan,Hé Nán,410000,Province,2010,165834,277864,0.596817147957274,59.68
永寿县,610426,永寿县,610426,县,咸阳市,610400,地级市,陕西省,610000,省,,,Yongshou,Yǒng Shòu,610426,Yongshou,YǒngShòu,610426,County,Xianyang,Xián Yáng,610400,Prefecture City,Shanxi,Shǎn Xī,610000,Province,2010,620489,1203127,0.5157302595652828,51.57
麟游县,610329,麟游县,610329,县,宝鸡市,610300,地级市,陕西省,610000,省,,,Linyou,Lín Yóu,610329,Linyou,LínYóu,610329,County,Baoji,Bǎo Jī,610300,Prefecture City,Shanxi,Shǎn Xī,610000,Province,2010,460997,2319954,0.19870954337887733,19.87
中原区,410102,中原区,410102,市辖区,郑州市,410100,地级市,河南省,410000,省,,,Zhongyuan,Zhōng Yuán,410102,Zhongyuan,Zhōng Yuán,410102,District,Zhengzhou,Zhèng Zhōu,410100,Prefecture City,Henan,Hé Nán,410000,Province,2010,107770,268226,0.4017880444103107,40.18
上街区,410106,上街区,410106,市辖区,郑州市,410100,地级市,河南省,410000,省,,,Shangjie,Shàng Jiē,410106,Shangjie,Shàng Jiē,410106,District,Zhengzhou,Zhèng Zhōu,410100,Prefecture City,Henan,Hé Nán,410000,Province,2010,36420,82501,0.44144919455521753,44.14
薛城区,370403,薛城区,370403,市辖区,枣庄市,370400,地级市,山东省,370000,省,,,Xuecheng,Xuē Chéng,370403,Xuecheng,XuēChéng,370403,District,Zaozhuang,Zǎo Zhuāng,370400,Prefecture City,Shandong,Shān Dōng,370000,Province,2010,415061,686987,0.6041759159925879,60.42
大荔县,610523,大荔县,610523,县,渭南市,610500,地级市,陕西省,610000,省,,,Dali,Dà Lì,610523,Dali,Dà Lì,610523,County,Weinan,Wèi Nán,610500,Prefecture City,Shanxi,Shǎn Xī,610000,Province,2010,2049598,2297894,0.8919462777656411,89.19
甘谷县,620523,甘谷县,620523,县,天水市,620500,地级市,甘肃省,620000,省,,,Gangu,Gān Gǔ,620523,Gangu,Gān Gǔ,620523,County,Tianshui,Tiān Shuǐ,620500,Prefecture City,Gansu,Gān Sù,620000,Province,2010,1318509,2144227,0.6149111078258039,61.49
荥阳市,410182,荥阳市,410182,县级市,郑州市,410100,地级市,河南省,410000,省,,,Xingyang,Xíng Yáng,410182,Xingyang,Xíng Yáng,410182,County City,Zhengzhou,Zhèng Zhōu,410100,Prefecture City,Henan,Hé Nán,410000,Province,2010,966345,1280370,0.7547388645469669,75.47
顺河回族区,410203,顺河回族区,410203,市辖区,开封市,410200,地级市,河南省,410000,省,,,Shunhehuizu,Shùn Hé Huí Zú,410203,Shunhehuizu,ShùnHéHuíZú,410203,District,Kaifeng,Kāi Fēng,410200,Prefecture City,Henan,Hé Nán,410000,Province,2010,57186,98348,0.5814658152682312,58.15
金明区,410211,金明区,410211,市辖区,开封市,410200,地级市,河南省,410000,省,,,Jinming,Jīn Míng,410211,Jinming,Jīn Míng,410211,District,Kaifeng,Kāi Fēng,410200,Prefecture City,Henan,Hé Nán,410000,Province,2010,238994,370538,0.6449918766766162,64.5
金水区,410105,金水区,410105,市辖区,郑州市,410100,地级市,河南省,410000,省,,,Jinshui,Jīn Shuǐ,410105,Jinshui,JīnShuǐ,410105,District,Zhengzhou,Zhèng Zhōu,410100,Prefecture City,Henan,Hé Nán,410000,Province,2010,75737,328284,0.23070573040416226,23.07
曹县,371721,曹县,371721,县,菏泽市,371700,地级市,山东省,370000,省,,,Caoxian,Cáo Xiàn,371721,Caoxian,CáoXiàn,371721,County,Heze,Hé Zé,371700,Prefecture City,Shandong,Shān Dōng,370000,Province,2010,2211114,2666836,0.8291151011910743,82.91
孟津县,410322,孟津县,410322,县,洛阳市,410300,地级市,河南省,410000,省,,,Mengjin,Mèng Jīn,410322,Mengjin,MèngJīn,410322,County,Luoyang,Luò Yáng,410300,Prefecture City,Henan,Hé Nán,410000,Province,2010,812191,990021,0.8203775475469712,82.04
新安县,410323,新安县,410323,县,洛阳市,410300,地级市,河南省,410000,省,,,Xinan,Xīn Ān,410323,Xinan,XīnĀn,410323,County,Luoyang,Luò Yáng,410300,Prefecture City,Henan,Hé Nán,410000,Province,2010,1000492,1580718,0.6329351598450831,63.29
渑池县,411221,渑池县,411221,县,三门峡市,411200,地级市,河南省,410000,省,,,Mianchi,Miǎn Chí,411221,Mianchi,Miǎn Chí,411221,County,Sanmenxia,Sān Mén Xiá,411200,Prefecture City,Henan,Hé Nán,410000,Province,2010,967529,1841083,0.5255216630646201,52.55
苍山县,371324,苍山县,371324,县,临沂市,371300,地级市,山东省,370000,省,,,Cangshan,Cāng Shān,371324,Cangshan,Cāng Shān,371324,County,Linyi,Lín Yí,371300,Prefecture City,Shandong,Shān Dōng,370000,Province,2010,1676476,2338959,0.7167616020631401,71.68
龙亭区,410202,龙亭区,410202,市辖区,开封市,410200,地级市,河南省,410000,省,,,Longting,Lóng Tíng,410202,Longting,LóngTíng,410202,District,Kaifeng,Kāi Fēng,410200,Prefecture City,Henan,Hé Nán,410000,Province,2010,75248,126623,0.5942680239766867,59.43
淳化县,610430,淳化县,610430,县,咸阳市,610400,地级市,陕西省,610000,省,,,Chunhua,Chún Huà,610430,Chunhua,Chún Huà,610430,County,Xianyang,Xián Yáng,610400,Prefecture City,Shanxi,Shǎn Xī,610000,Province,2010,773210,1335168,0.5791106437541942,57.91
市中区,370402,市中区,370402,市辖区,枣庄市,370400,地级市,山东省,370000,省,,,Shizhong,Shì Zhōng,370402,Shizhong,Shì Zhōng,370402,District,Zaozhuang,Zǎo Zhuāng,370400,Prefecture City,Shandong,Shān Dōng,370000,Province,2010,210030,509346,0.41235231061007643,41.24
陇县,610327,陇县,610327,县,宝鸡市,610300,地级市,陕西省,610000,省,,,Longxian,Lǒng Xiàn,610327,Longxian,LǒngXiàn,610327,County,Baoji,Bǎo Jī,610300,Prefecture City,Shanxi,Shǎn Xī,610000,Province,2010,751082,3093574,0.24278779172568685,24.28
富平县,610528,富平县,610528,县,渭南市,610500,地级市,陕西省,610000,省,,,Fuping,Fù Píng,610528,Fuping,FùPíng,610528,County,Weinan,Wèi Nán,610500,Prefecture City,Shanxi,Shǎn Xī,610000,Province,2010,1411772,1692792,0.8339902362487536,83.4
兰考县,410225,兰考县,410225,县,开封市,410200,地级市,河南省,410000,省,,,Lankao,Lán Kǎo,410225,Lankao,LánKǎo,410225,County,Kaifeng,Kāi Fēng,410200,Prefecture City,Henan,Hé Nán,410000,Province,2010,1224782,1499356,0.816872043730775,81.69
临沭县,371329,临沭县,371329,县,临沂市,371300,地级市,山东省,370000,省,,,Linshu,Lín Shù,371329,Linshu,LínShù,371329,County,Linyi,Lín Yí,371300,Prefecture City,Shandong,Shān Dōng,370000,Province,2010,1126524,1370188,0.8221674689896569,82.22
平陆县,140829,平陆县,140829,县,运城市,140800,地级市,山西省,140000,省,,,Pinglu,Píng Lù,140829,Pinglu,Píng Lù,140829,County,Yuncheng,Yùn Chéng,140800,Prefecture City,Shanxi,Shān Xī,140000,Province,2010,933794,1593873,0.5858647458109899,58.59
赣榆县,320721,赣榆县,320721,县,连云港市,320700,地级市,江苏省,320000,省,,,Ganyu,Gàn Yú,320721,Ganyu,GànYú,320721,County,Lianyungang,Lián Yún Gǎng,320700,Prefecture City,Jiangsu,Jiāng Sū,320000,Province,2010,1282266,1867682,0.686554777526367,68.66
惠济区,410108,惠济区,410108,市辖区,郑州市,410100,地级市,河南省,410000,省,邙山区,2003年邙山区更名为惠济区,Huiji,Huì Jì,410108,Huiji,Huì Jì,410108,District,Zhengzhou,Zhèng Zhōu,410100,Prefecture City,Henan,Hé Nán,410000,Province,2010,156230,301569,0.5180572273675345,51.81
永济市,140881,永济市,140881,县级市,运城市,140800,地级市,山西省,140000,省,,,Yongji,Yǒng Jì,140881,Yongji,Yǒng Jì,140881,County City,Yuncheng,Yùn Chéng,140800,Prefecture City,Shanxi,Shān Xī,140000,Province,2010,1211927,1645847,0.7363545943213433,73.64
微山县,370826,微山县,370826,县,济宁市,370800,地级市,山东省,370000,省,,,Weishan,Wēi Shān,370826,Weishan,WēiShān,370826,County,Jining,Jǐ Níng,370800,Prefecture City,Shandong,Shān Dōng,370000,Province,2010,683819,2301727,0.29708953320702236,29.71
吉利区,410306,吉利区,410306,市辖区,洛阳市,410300,地级市,河南省,410000,省,,,Jili,Jí Lì,410306,Jili,JíLì,410306,District,Luoyang,Luò Yáng,410300,Prefecture City,Henan,Hé Nán,410000,Province,2010,72247,109404,0.6603689079009908,66.04
孟州市,410883,孟州市,410883,县级市,焦作市,410800,地级市,河南省,410000,省,,,Mengzhou,Mèng Zhōu,410883,Mengzhou,MèngZhōu,410883,County City,Jiaozuo,Jiāo Zuò,410800,Prefecture City,Henan,Hé Nán,410000,Province,2010,589801,686875,0.8586729754322111,85.87
罗庄区,371311,罗庄区,371311,市辖区,临沂市,371300,地级市,山东省,370000,省,,,Luozhuang,Luó Zhuāng,371311,Luozhuang,LuóZhuāng,371311,District,Linyi,Lín Yí,371300,Prefecture City,Shandong,Shān Dōng,370000,Province,2010,404485,774828,0.5220319864537678,52.2
温县,410825,温县,410825,县,焦作市,410800,地级市,河南省,410000,省,,,Wenxian,Wēn Xiàn,410825,Wenxian,WēnXiàn,410825,County,Jiaozuo,Jiāo Zuò,410800,Prefecture City,Henan,Hé Nán,410000,Province,2010,559114,651161,0.8586417184075827,85.86
秦安县,620522,秦安县,620522,县,天水市,620500,地级市,甘肃省,620000,省,,,Qinan,Qín Ān,620522,Qinan,QínĀn,620522,County,Tianshui,Tiān Shuǐ,620500,Prefecture City,Gansu,Gān Sù,620000,Province,2010,1823811,2179851,0.8366677355470626,83.67
蒲城县,610526,蒲城县,610526,县,渭南市,610500,地级市,陕西省,610000,省,,,Pucheng,Pú Chéng,610526,Pucheng,PúChéng,610526,County,Weinan,Wèi Nán,610500,Prefecture City,Shanxi,Shǎn Xī,610000,Province,2010,1996188,2151244,0.9279226345314618,92.79
成武县,371723,成武县,371723,县,菏泽市,371700,地级市,山东省,370000,省,,,Chengwu,Chéng Wǔ,371723,Chengwu,ChéngWǔ,371723,County,Heze,Hé Zé,371700,Prefecture City,Shandong,Shān Dōng,370000,Province,2010,1153421,1345303,0.8573689347306889,85.74
张家川回族自治县,620525,张家川回族自治县,620525,自治县,天水市,620500,地级市,甘肃省,620000,省,,,Zhangjiachuanhuizu,Zhāng Jiā Chuān Huí Zú,620525,Zhangjiachuanhuizu,Zhāng Jiā ChuānHuíZú,620525,Autonomous County,Tianshui,Tiān Shuǐ,620500,Prefecture City,Gansu,Gān Sù,620000,Province,2010,959001,1704515,0.5626239722149703,56.26
鱼台县,370827,鱼台县,370827,县,济宁市,370800,地级市,山东省,370000,省,,,Yutai,Yú Tái,370827,Yutai,Yú Tái,370827,County,Jining,Jǐ Níng,370800,Prefecture City,Shandong,Shān Dōng,370000,Province,2010,744669,887586,0.8389823633991523,83.9
原阳县,410725,原阳县,410725,县,新乡市,410700,地级市,河南省,410000,省,,,Yuanyang,Yuán Yáng,410725,Yuanyang,YuánYáng,410725,County,Xinxiang,Xīn Xiāng,410700,Prefecture City,Henan,Hé Nán,410000,Province,2010,1471085,1758311,0.8366466455592896,83.66
封丘县,410727,封丘县,410727,县,新乡市,410700,地级市,河南省,410000,省,,,Fengqiu,Fēng Qiū,410727,Fengqiu,FēngQiū,410727,County,Xinxiang,Xīn Xiāng,410700,Prefecture City,Henan,Hé Nán,410000,Province,2010,1421987,1666603,0.8532247931870998,85.32
彬县,610427,彬县,610427,县,咸阳市,610400,地级市,陕西省,610000,省,,,Binxian,Bīn Xiàn,610427,Binxian,Bīn Xiàn,610427,County,Xianyang,Xián Yáng,610400,Prefecture City,Shanxi,Shǎn Xī,610000,Province,2010,821391,1607267,0.5110482576945834,51.1
金乡县,370828,金乡县,370828,县,济宁市,370800,地级市,山东省,370000,省,,,Jinxiang,Jīn Xiāng,370828,Jinxiang,JīnXiāng,370828,County,Jining,Jǐ Níng,370800,Prefecture City,Shandong,Shān Dōng,370000,Province,2010,1011998,1204288,0.8403288914279641,84.03
王益区,610202,王益区,610202,市辖区,铜川市,610200,地级市,陕西省,610000,省,城区,2000年撤销城区，设立王益区,Wangyi,Wáng Yì,610202,Wangyi,Wáng Yì,610202,District,Tongchuan,Tóng Chuān,610200,Prefecture City,Shanxi,Shǎn Xī,610000,Province,2010,143814,210274,0.683936197532743,68.39
武陟县,410823,武陟县,410823,县,焦作市,410800,地级市,河南省,410000,省,,,Wuzhi,Wǔ Zhì,410823,Wuzhi,WǔZhì,410823,County,Jiaozuo,Jiāo Zuò,410800,Prefecture City,Henan,Hé Nán,410000,Province,2010,928807,1084180,0.8566907709052003,85.67
耀州区,610204,耀州区,610204,市辖区,铜川市,610200,地级市,陕西省,610000,省,耀县,2002年撤销耀县，设立耀州区,Yaozhou,Yào Zhōu,610204,Yaozhou,YàoZhōu,610204,District,Tongchuan,Tóng Chuān,610200,Prefecture City,Shanxi,Shǎn Xī,610000,Province,2010,822666,2191852,0.37532917368508456,37.53
盐湖区,140802,盐湖区,140802,市辖区,运城市,140800,地级市,山西省,140000,省,,,Yanhu,Yán Hú,140802,Yanhu,YánHú,140802,District,Yuncheng,Yùn Chéng,140800,Prefecture City,Shanxi,Shān Xī,140000,Province,2010,1087235,1641811,0.6622169055999747,66.22
滕州市,370481,滕州市,370481,县级市,枣庄市,370400,地级市,山东省,370000,省,,,Tengzhou,Téng Zhōu,370481,Tengzhou,TéngZhōu,370481,County City,Zaozhuang,Zǎo Zhuāng,370400,Prefecture City,Shandong,Shān Dōng,370000,Province,2010,1467844,2016804,0.7278069658727373,72.78
灵台县,620822,灵台县,620822,县,平凉市,620800,地级市,甘肃省,620000,省,,,Lingtai,Líng Tái,620822,Lingtai,Líng Tái,620822,County,Pingliang,Píng Liáng,620800,Prefecture City,Gansu,Gān Sù,620000,Province,2010,820875,2688810,0.30529304785388334,30.53
山亭区,370406,山亭区,370406,市辖区,枣庄市,370400,地级市,山东省,370000,省,,,Shanting,Shān Tíng,370406,Shanting,ShānTíng,370406,District,Zaozhuang,Zǎo Zhuāng,370400,Prefecture City,Shandong,Shān Dōng,370000,Province,2010,616666,1387853,0.44433091977320366,44.43
定陶县,371727,定陶县,371727,县,菏泽市,371700,地级市,山东省,370000,省,,,Dingtao,Dìng Táo,371727,Dingtao,Dìng Táo,371727,County,Heze,Hé Zé,371700,Prefecture City,Shandong,Shān Dōng,370000,Province,2010,970039,1150932,0.8428291158817376,84.28
济源市,419001,济源市,419001,县级市,不统计,0,不统计,河南省,410000,省,,"省直辖市,省直管,是县级单位",Jiyuan,Jǐ Yuán,419001,Jiyuan,Jǐ Yuán,419001,County City,NULL,NULL,0,NULL,Henan,Hé Nán,410000,Province,2010,1092850,2584203,0.4228963436695956,42.29
陇西县,621122,陇西县,621122,县,定西市,621100,地级市,甘肃省,620000,省,,,Longxi,Lǒng Xī,621122,Longxi,LǒngXī,621122,County,Dingxi,Dìng Xī,621100,Prefecture City,Gansu,Gān Sù,620000,Province,2010,1421997,3276068,0.43405600860543797,43.41
夏县,140828,夏县,140828,县,运城市,140800,地级市,山西省,140000,省,,,Xiaxian,Xià Xiàn,140828,Xiaxian,XiàXiàn,140828,County,Yuncheng,Yùn Chéng,140800,Prefecture City,Shanxi,Shān Xī,140000,Province,2010,822776,1836259,0.448071867857421,44.81
沁阳市,410882,沁阳市,410882,县级市,焦作市,410800,地级市,河南省,410000,省,,,Qinyang,Qìn Yáng,410882,Qinyang,QìnYáng,410882,County City,Jiaozuo,Jiāo Zuò,410800,Prefecture City,Henan,Hé Nán,410000,Province,2010,520607,811452,0.6415746094655014,64.16
河东区,371312,河东区,371312,市辖区,临沂市,371300,地级市,山东省,370000,省,,,Hedong,Hé Dōng,371312,Hedong,HéDōng,371312,District,Linyi,Lín Yí,371300,Prefecture City,Shandong,Shān Dōng,370000,Province,2010,759324,1140149,0.6659866385884652,66.6
渭源县,621123,渭源县,621123,县,定西市,621100,地级市,甘肃省,620000,省,,,Weiyuan,Wèi Yuán,621123,Weiyuan,WèiYuán,621123,County,Dingxi,Dìng Xī,621100,Prefecture City,Gansu,Gān Sù,620000,Province,2010,987212,2796616,0.3530023428314792,35.3
临猗县,140821,临猗县,140821,县,运城市,140800,地级市,山西省,140000,省,,,Linyi,Lín Yī,140821,Linyi,LínYī,140821,County,Yuncheng,Yùn Chéng,140800,Prefecture City,Shanxi,Shān Xī,140000,Province,2010,1719305,1870123,0.9193539676267283,91.94
印台区,610203,印台区,610203,市辖区,铜川市,610200,地级市,陕西省,610000,省,郊区,2000年撤销郊区，设立印台区,Yintai,Yìn Tái,610203,Yintai,Yìn Tái,610203,District,Tongchuan,Tóng Chuān,610200,Prefecture City,Shanxi,Shǎn Xī,610000,Province,2010,342824,827468,0.41430484320843824,41.43
长武县,610428,长武县,610428,县,咸阳市,610400,地级市,陕西省,610000,省,,,Changwu,Cháng Wǔ,610428,Changwu,Cháng Wǔ,610428,County,Xianyang,Xián Yáng,610400,Prefecture City,Shanxi,Shǎn Xī,610000,Province,2010,384632,774550,0.49658769608159575,49.66
东明县,371728,东明县,371728,县,菏泽市,371700,地级市,山东省,370000,省,,,Dongming,Dōng Míng,371728,Dongming,DōngMíng,371728,County,Heze,Hé Zé,371700,Prefecture City,Shandong,Shān Dōng,370000,Province,2010,1474035,1779941,0.8281370000466307,82.81
博爱县,410822,博爱县,410822,县,焦作市,410800,地级市,河南省,410000,省,,,Boai,Bó Ài,410822,Boai,BóÀi,410822,County,Jiaozuo,Jiāo Zuò,410800,Prefecture City,Henan,Hé Nán,410000,Province,2010,326753,582610,0.5608434458728824,56.08
山阳区,410811,山阳区,410811,市辖区,焦作市,410800,地级市,河南省,410000,省,,,Shanyang,Shān Yáng,410811,Shanyang,ShānYáng,410811,District,Jiaozuo,Jiāo Zuò,410800,Prefecture City,Henan,Hé Nán,410000,Province,2010,208982,319422,0.6542504899474676,65.43
获嘉县,410724,获嘉县,410724,县,新乡市,410700,地级市,河南省,410000,省,,,Huojia,Huò Jiā,410724,Huojia,HuòJiā,410724,County,Xinxiang,Xīn Xiāng,410700,Prefecture City,Henan,Hé Nán,410000,Province,2010,543180,641049,0.847329923297595,84.73
华亭县,620824,华亭县,620824,县,平凉市,620800,地级市,甘肃省,620000,省,,,Huating,Huá Tíng,620824,Huating,Huá Tíng,620824,County,Pingliang,Píng Liáng,620800,Prefecture City,Gansu,Gān Sù,620000,Province,2010,349046,1636149,0.2133338711816589,21.33
兰山区,371302,兰山区,371302,市辖区,临沂市,371300,地级市,山东省,370000,省,,,Lanshan,Lán Shān,371302,Lanshan,LánShān,371302,District,Linyi,Lín Yí,371300,Prefecture City,Shandong,Shān Dōng,370000,Province,2010,692304,1205456,0.5743088092804715,57.43
合阳县,610524,合阳县,610524,县,渭南市,610500,地级市,陕西省,610000,省,,,Heyang,Hé Yáng,610524,Heyang,Hé Yáng,610524,County,Weinan,Wèi Nán,610500,Prefecture City,Shanxi,Shǎn Xī,610000,Province,2010,1500761,1757901,0.8537232756565927,85.37
新乡县,410721,新乡县,410721,县,新乡市,410700,地级市,河南省,410000,省,,,Xinxiang,Xīn Xiāng,410721,Xinxiang,XīnXiāng,410721,County,Xinxiang,Xīn Xiāng,410700,Prefecture City,Henan,Hé Nán,410000,Province,2010,412029,525939,0.7834159474767987,78.34
莒南县,371327,莒南县,371327,县,临沂市,371300,地级市,山东省,370000,省,,,Junan,Jǔ Nán,371327,Junan,Jǔ Nán,371327,County,Linyi,Lín Yí,371300,Prefecture City,Shandong,Shān Dōng,370000,Province,2010,2001358,2387265,0.8383476488785283,83.83
通渭县,621121,通渭县,621121,县,定西市,621100,地级市,甘肃省,620000,省,,,Tongwei,Tōng Wèi,621121,Tongwei,Tōng Wèi,621121,County,Dingxi,Dìng Xī,621100,Prefecture City,Gansu,Gān Sù,620000,Province,2010,1892798,3965334,0.4773363353503135,47.73
旬邑县,610429,旬邑县,610429,县,咸阳市,610400,地级市,陕西省,610000,省,,,Xunyi,Xún Yì,610429,Xunyi,XúnYì,610429,County,Xianyang,Xián Yáng,610400,Prefecture City,Shanxi,Shǎn Xī,610000,Province,2010,640117,2411616,0.2654307319241538,26.54
长垣县,410728,长垣市,410728,县,新乡市,410700,地级市,河南省,410000,省,,,Changyuan,Cháng Yuán,410728,Changyuan,Cháng Yuán,410728,County,Xinxiang,Xīn Xiāng,410700,Prefecture City,Henan,Hé Nán,410000,Province,2010,1169402,1413925,0.8270608412751738,82.71
垣曲县,140827,垣曲县,140827,县,运城市,140800,地级市,山西省,140000,省,,,Yuanqu,Yuán Qū,140827,Yuanqu,Yuán Qū,140827,County,Yuncheng,Yùn Chéng,140800,Prefecture City,Shanxi,Shān Xī,140000,Province,2010,707690,2192515,0.3227754428133901,32.28
澄城县,610525,澄城县,610525,县,渭南市,610500,地级市,陕西省,610000,省,,,Chengcheng,Chéng Chéng,610525,Chengcheng,Chéng Chéng,610525,County,Weinan,Wèi Nán,610500,Prefecture City,Shanxi,Shǎn Xī,610000,Province,2010,1379021,1529640,0.901533040453963,90.15
解放区,410802,解放区,410802,市辖区,焦作市,410800,地级市,河南省,410000,省,,,Jiefang,Jiě Fàng,410802,Jiefang,Jiě Fàng,410802,District,Jiaozuo,Jiāo Zuò,410800,Prefecture City,Henan,Hé Nán,410000,Province,2010,29594,92449,0.32011162911443064,32.01
康乐县,622922,康乐县,622922,县,临夏回族自治州,622900,自治州,甘肃省,620000,省,,,Kangle,Kāng Lè,622922,Kangle,Kāng Lè,622922,County,Linxiahuizu,Lín Xià Huí Zú,622900,Autonomous Prefecture,Gansu,Gān Sù,620000,Province,2010,438028,1193618,0.36697502886183014,36.7
费县,371325,费县,371325,县,临沂市,371300,地级市,山东省,370000,省,,,Feixian,Fèi Xiàn,371325,Feixian,FèiXiàn,371325,County,Linyi,Lín Yí,371300,Prefecture City,Shandong,Shān Dōng,370000,Province,2010,1585484,2265920,0.6997087275808501,69.97
崇信县,620823,崇信县,620823,县,平凉市,620800,地级市,甘肃省,620000,省,,,Chongxin,Chóng Xìn,620823,Chongxin,ChóngXìn,620823,County,Pingliang,Píng Liáng,620800,Prefecture City,Gansu,Gān Sù,620000,Province,2010,326046,1155686,0.2821233449224097,28.21
庄浪县,620825,庄浪县,620825,县,平凉市,620800,地级市,甘肃省,620000,省,,,Zhuanglang,Zhuāng Làng,620825,Zhuanglang,ZhuāngLàng,620825,County,Pingliang,Píng Liáng,620800,Prefecture City,Gansu,Gān Sù,620000,Province,2010,1579768,2062715,0.7658682852454168,76.59
白水县,610527,白水县,610527,县,渭南市,610500,地级市,陕西省,610000,省,,,Baishui,Bái Shuǐ,610527,Baishui,BáiShuǐ,610527,County,Weinan,Wèi Nán,610500,Prefecture City,Shanxi,Shǎn Xī,610000,Province,2010,930343,1341183,0.6936734211513268,69.37
中站区,410803,中站区,410803,市辖区,焦作市,410800,地级市,河南省,410000,省,,,Zhongzhan,Zhōng Zhàn,410803,Zhongzhan,Zhōng Zhàn,410803,District,Jiaozuo,Jiāo Zuò,410800,Prefecture City,Henan,Hé Nán,410000,Province,2010,57911,170583,0.3394886946530428,33.95
延津县,410726,延津县,410726,县,新乡市,410700,地级市,河南省,410000,省,,,Yanjin,Yán Jīn,410726,Yanjin,YánJīn,410726,County,Xinxiang,Xīn Xiāng,410700,Prefecture City,Henan,Hé Nán,410000,Province,2010,1068313,1210068,0.8828536908669595,88.29
巨野县,371724,巨野县,371724,县,菏泽市,371700,地级市,山东省,370000,省,,,Juye,Jù Yě,371724,Juye,JùYě,371724,County,Heze,Hé Zé,371700,Prefecture City,Shandong,Shān Dōng,370000,Province,2010,1490744,1771703,0.8414186802189757,84.14
卫滨区,410703,卫滨区,410703,市辖区,新乡市,410700,地级市,河南省,410000,省,新华区,2003年新华区更名为卫滨区,Weibin,Wèi Bīn,410703,Weibin,WèiBīn,410703,District,Xinxiang,Xīn Xiāng,410700,Prefecture City,Henan,Hé Nán,410000,Province,2010,42623,93143,0.45760819385246343,45.76
红旗区,410702,红旗区,410702,市辖区,新乡市,410700,地级市,河南省,410000,省,,,Hongqi,Hóng Qí,410702,Hongqi,Hóng Qí,410702,District,Xinxiang,Xīn Xiāng,410700,Prefecture City,Henan,Hé Nán,410000,Province,2010,118607,209169,0.5670390927909967,56.7
牡丹区,371702,牡丹区,371702,市辖区,菏泽市,371700,地级市,山东省,370000,省,,,Mudan,Mǔ Dān,371702,Mudan,MǔDān,371702,District,Heze,Hé Zé,371700,Prefecture City,Shandong,Shān Dōng,370000,Province,2010,1483421,1946312,0.7621701967618758,76.22
岚山区,371103,岚山区,371103,市辖区,日照市,371100,地级市,山东省,370000,省,,2004年新设立岚山区,Lanshan,Lán Shān,371103,Lanshan,LánShān,371103,District,Rizhao,Rì Zhào,371100,Prefecture City,Shandong,Shān Dōng,370000,Province,2010,771244,1055142,0.7309385845696598,73.09
市中区,370802,市中区,370802,市辖区,济宁市,370800,地级市,山东省,370000,省,,,Shizhong,Shì Zhōng,370802,Shizhong,Shì Zhōng,370802,District,Jining,Jǐ Níng,370800,Prefecture City,Shandong,Shān Dōng,370000,Province,2010,369080,476211,0.775034596008912,77.5
马村区,410804,马村区,410804,市辖区,焦作市,410800,地级市,河南省,410000,省,,,Macun,Mǎ Cūn,410804,Macun,MǎCūn,410804,District,Jiaozuo,Jiāo Zuò,410800,Prefecture City,Henan,Hé Nán,410000,Province,2010,108349,164272,0.6595707119898705,65.96
和政县,622925,和政县,622925,县,临夏回族自治州,622900,自治州,甘肃省,620000,省,,,Hezheng,Hé Zhèng,622925,Hezheng,Hé Zhèng,622925,County,Linxiahuizu,Lín Xià Huí Zú,622900,Autonomous Prefecture,Gansu,Gān Sù,620000,Province,2010,297924,1584469,0.1880276610018877,18.8
修武县,410821,修武县,410821,县,焦作市,410800,地级市,河南省,410000,省,,,Xiuwu,Xiū Wǔ,410821,Xiuwu,XiūWǔ,410821,County,Jiaozuo,Jiāo Zuò,410800,Prefecture City,Henan,Hé Nán,410000,Province,2010,414502,846754,0.48951879766732725,48.95
牧野区,410711,牧野区,410711,市辖区,新乡市,410700,地级市,河南省,410000,省,郊区,2003年郊区更名为牧野区,Muye,Mù Yě,410711,Muye,MùYě,410711,District,Xinxiang,Xīn Xiāng,410700,Prefecture City,Henan,Hé Nán,410000,Province,2010,58618,133157,0.44021718723011183,44.02
邹城市,370883,邹城市,370883,县级市,济宁市,370800,地级市,山东省,370000,省,,,Zoucheng,Zōu Chéng,370883,Zoucheng,ZōuChéng,370883,County City,Jining,Jǐ Níng,370800,Prefecture City,Shandong,Shān Dōng,370000,Province,2010,1699849,2205375,0.7707754916964236,77.08
泾川县,620821,泾川县,620821,县,平凉市,620800,地级市,甘肃省,620000,省,,,Jingchuan,Jīng Chuān,620821,Jingchuan,JīngChuān,620821,County,Pingliang,Píng Liáng,620800,Prefecture City,Gansu,Gān Sù,620000,Province,2010,869108,1991970,0.4363057676571434,43.63
闻喜县,140823,闻喜县,140823,县,运城市,140800,地级市,山西省,140000,省,,,Wenxi,Wén Xǐ,140823,Wenxi,WénXǐ,140823,County,Yuncheng,Yùn Chéng,140800,Prefecture City,Shanxi,Shān Xī,140000,Province,2010,1140958,1597279,0.7143135294460141,71.43
宜君县,610222,宜君县,610222,县,铜川市,610200,地级市,陕西省,610000,省,,,Yijun,Yí Jūn,610222,Yijun,YíJūn,610222,County,Tongchuan,Tóng Chuān,610200,Prefecture City,Shanxi,Shǎn Xī,610000,Province,2010,627389,2066050,0.3036659325766559,30.37
万荣县,140822,万荣县,140822,县,运城市,140800,地级市,山西省,140000,省,,,Wanrong,Wàn Róng,140822,Wanrong,Wàn Róng,140822,County,Yuncheng,Yùn Chéng,140800,Prefecture City,Shanxi,Shān Xī,140000,Province,2010,1323045,1521783,0.8694045077386198,86.94
凤泉区,410704,凤泉区,410704,市辖区,新乡市,410700,地级市,河南省,410000,省,北站区,2003年北站区更名为凤泉区,Fengquan,Fèng Quán,410704,Fengquan,FèngQuán,410704,District,Xinxiang,Xīn Xiāng,410700,Prefecture City,Henan,Hé Nán,410000,Province,2010,95859,160482,0.5973193255318353,59.73
正宁县,621025,正宁县,621025,县,庆阳市,621000,地级市,甘肃省,620000,省,,,Zhengning,Zhèng Níng,621025,Zhengning,Zhèng Níng,621025,County,Qingyang,Qìng Yáng,621000,Prefecture City,Gansu,Gān Sù,620000,Province,2010,547898,1820650,0.3009353802213495,30.09
阳城县,140522,阳城县,140522,县,晋城市,140500,地级市,山西省,140000,省,,,Yangcheng,Yáng Chéng,140522,Yangcheng,YángChéng,140522,County,Jincheng,Jìn Chéng,140500,Prefecture City,Shanxi,Shān Xī,140000,Province,2010,708408,2618760,0.2705127617651102,27.05
嘉祥县,370829,嘉祥县,370829,县,济宁市,370800,地级市,山东省,370000,省,,,Jiaxiang,Jiā Xiáng,370829,Jiaxiang,JiāXiáng,370829,County,Jining,Jǐ Níng,370800,Prefecture City,Shandong,Shān Dōng,370000,Province,2010,1083570,1331940,0.8135276363800171,81.35
平邑县,371326,平邑县,371326,县,临沂市,371300,地级市,山东省,370000,省,,,Pingyi,Píng Yì,371326,Pingyi,PíngYì,371326,County,Linyi,Lín Yí,371300,Prefecture City,Shandong,Shān Dōng,370000,Province,2010,1815735,2494412,0.7279210491290131,72.79
静宁县,620826,静宁县,620826,县,平凉市,620800,地级市,甘肃省,620000,省,,,Jingning,Jìng Níng,620826,Jingning,Jìng Níng,620826,County,Pingliang,Píng Liáng,620800,Prefecture City,Gansu,Gān Sù,620000,Province,2010,2217281,2991965,0.7410785219746888,74.11
任城区,370811,任城区,370811,市辖区,济宁市,370800,地级市,山东省,370000,省,,,Rencheng,Rèn Chéng,370811,Rencheng,Rèn Chéng,370811,District,Jining,Jǐ Níng,370800,Prefecture City,Shandong,Shān Dōng,370000,Province,2010,459548,700231,0.6562805702689541,65.63
东港区,371102,东港区,371102,市辖区,日照市,371100,地级市,山东省,370000,省,,,Donggang,Dōng Gǎng,371102,Donggang,DōngGǎng,371102,District,Rizhao,Rì Zhào,371100,Prefecture City,Shandong,Shān Dōng,370000,Province,2010,1142986,1691152,0.6758623707389992,67.59
泽州县,140525,泽州县,140525,县,晋城市,140500,地级市,山西省,140000,省,,,Zezhou,Zé Zhōu,140525,Zezhou,ZéZhōu,140525,County,Jincheng,Jìn Chéng,140500,Prefecture City,Shanxi,Shān Xī,140000,Province,2010,962325,2767645,0.34770535961078824,34.77
滑县,410526,滑县,410526,县,安阳市,410500,地级市,河南省,410000,省,,,Huaxian,Huá Xiàn,410526,Huaxian,HuáXiàn,410526,County,Anyang,Ān Yáng,410500,Prefecture City,Henan,Hé Nán,410000,Province,2010,2155551,2441306,0.882949945643848,88.29
广河县,622924,广河县,622924,县,临夏回族自治州,622900,自治州,甘肃省,620000,省,,,Guanghe,Guǎng Hé,622924,Guanghe,Guǎng Hé,622924,County,Linxiahuizu,Lín Xià Huí Zú,622900,Autonomous Prefecture,Gansu,Gān Sù,620000,Province,2010,325483,731672,0.4448482380082879,44.48
绛县,140826,绛县,140826,县,运城市,140800,地级市,山西省,140000,省,,,Jiangxian,Jiàng Xiàn,140826,Jiangxian,JiàngXiàn,140826,County,Yuncheng,Yùn Chéng,140800,Prefecture City,Shanxi,Shān Xī,140000,Province,2010,613201,1337337,0.45852391730730546,45.85
卫辉市,410781,卫辉市,410781,县级市,新乡市,410700,地级市,河南省,410000,省,,,Weihui,Wèi Huī,410781,Weihui,WèiHuī,410781,County City,Xinxiang,Xīn Xiāng,410700,Prefecture City,Henan,Hé Nán,410000,Province,2010,700726,1176775,0.5954630239425549,59.55
崆峒区,620802,崆峒区,620802,市辖区,平凉市,620800,地级市,甘肃省,620000,省,平凉市,2002年撤销平凉市，设立崆峒区,Kongtong,Kōng Tóng,620802,Kongtong,Kōng Tóng,620802,District,Pingliang,Píng Liáng,620800,Prefecture City,Gansu,Gān Sù,620000,Province,2010,1192706,2642188,0.4514084539025989,45.14
临夏县,622921,临夏县,622921,县,临夏回族自治州,622900,自治州,甘肃省,620000,省,,,Linxia,Lín Xià,622921,Linxia,LínXià,622921,County,Linxiahuizu,Lín Xià Huí Zú,622900,Autonomous Prefecture,Gansu,Gān Sù,620000,Province,2010,615264,1604720,0.3834089436163318,38.34
城区,140502,城区,140502,市辖区,晋城市,140500,地级市,山西省,140000,省,,,Chengqu,Chéng Qū,140502,Chengqu,Chéng Qū,140502,District,Jincheng,Jìn Chéng,140500,Prefecture City,Shanxi,Shān Xī,140000,Province,2010,78038,197204,0.3957221963043346,39.57
泾源县,640424,泾源县,640424,县,固原市,640400,地级市,宁夏回族自治区,640000,自治区,,,Jingyuan,Jīng Yuán,640424,Jingyuan,JīngYuán,640424,County,Guyuan,Gù Yuán,640400,Prefecture City,Ningxia,Níng Xià Huí Zú,640000,Autonomous Region,2010,317494,1531255,0.20734234337194002,20.73
临洮县,621124,临洮县,621124,县,定西市,621100,地级市,甘肃省,620000,省,,,Lintao,Lín Táo,621124,Lintao,LínTáo,621124,County,Dingxi,Dìng Xī,621100,Prefecture City,Gansu,Gān Sù,620000,Province,2010,1261210,3907107,0.322798940494847,32.28
辉县市,410782,辉县市,410782,县级市,新乡市,410700,地级市,河南省,410000,省,,,Huixian,Huī Xiàn,410782,Huixian,HuīXiàn,410782,County City,Xinxiang,Xīn Xiāng,410700,Prefecture City,Henan,Hé Nán,410000,Province,2010,1040721,2299686,0.45254917410463863,45.25
沂南县,371321,沂南县,371321,县,临沂市,371300,地级市,山东省,370000,省,,,Yinan,Yí Nán,371321,Yinan,Yí Nán,371321,County,Linyi,Lín Yí,371300,Prefecture City,Shandong,Shān Dōng,370000,Province,2010,1937247,2355265,0.822517636019726,82.25
鄄城县,371726,鄄城县,371726,县,菏泽市,371700,地级市,山东省,370000,省,,,Juancheng,Juàn Chéng,371726,Juancheng,JuànChéng,371726,County,Heze,Hé Zé,371700,Prefecture City,Shandong,Shān Dōng,370000,Province,2010,1178302,1420908,0.8292598817094421,82.93
宁县,621026,宁县,621026,县,庆阳市,621000,地级市,甘肃省,620000,省,,,Ningxian,Níng Xiàn,621026,Ningxian,Níng Xiàn,621026,County,Qingyang,Qìng Yáng,621000,Prefecture City,Gansu,Gān Sù,620000,Province,2010,1322758,3631340,0.36426167750747657,36.43
兖州市,370882,兖州市,370882,县级市,济宁市,370800,地级市,山东省,370000,省,,,Yanzhou,Yǎn Zhōu,370882,Yanzhou,YǎnZhōu,370882,County City,Jining,Jǐ Níng,370800,Prefecture City,Shandong,Shān Dōng,370000,Province,2010,691749,890286,0.7769963809382603,77.7
韩城市,610581,韩城市,610581,县级市,渭南市,610500,地级市,陕西省,610000,省,,,Hancheng,Hán Chéng,610581,Hancheng,HánChéng,610581,County City,Weinan,Wèi Nán,610500,Prefecture City,Shanxi,Shǎn Xī,610000,Province,2010,714098,2148521,0.33236724239604826,33.24
临夏市,622901,临夏市,622901,县级市,临夏回族自治州,622900,自治州,甘肃省,620000,省,,,Linxia,Lín Xià,622901,Linxia,LínXià,622901,County City,Linxiahuizu,Lín Xià Huí Zú,622900,Autonomous Prefecture,Gansu,Gān Sù,620000,Province,2010,62053,121697,0.5098975323960327,50.99
隆德县,640423,隆德县,640423,县,固原市,640400,地级市,宁夏回族自治区,640000,自治区,,,Longde,Lóng Dé,640423,Longde,Lóng Dé,640423,County,Guyuan,Gù Yuán,640400,Prefecture City,Ningxia,Níng Xià Huí Zú,640000,Autonomous Region,2010,753381,1361195,0.5534702963205125,55.35
濮阳县,410928,濮阳县,410928,县,濮阳市,410900,地级市,河南省,410000,省,,,Puyang,Pú Yáng,410928,Puyang,PúYáng,410928,County,Puyang,Pú Yáng,410900,Prefecture City,Henan,Hé Nán,410000,Province,2010,1643338,1975222,0.8319763550628739,83.2
稷山县,140824,稷山县,140824,县,运城市,140800,地级市,山西省,140000,省,,,Jishan,Jì Shān,140824,Jishan,JìShān,140824,County,Yuncheng,Yùn Chéng,140800,Prefecture City,Shanxi,Shān Xī,140000,Province,2010,716084,941080,0.7609172440175118,76.09
郓城县,371725,郓城县,371725,县,菏泽市,371700,地级市,山东省,370000,省,,,Yuncheng,Yùn Chéng,371725,Yuncheng,YùnChéng,371725,County,Heze,Hé Zé,371700,Prefecture City,Shandong,Shān Dōng,370000,Province,2010,1882689,2236607,0.8417612034657854,84.18
曲阜市,370881,曲阜市,370881,县级市,济宁市,370800,地级市,山东省,370000,省,,,Qufu,Qū Fù,370881,Qufu,Qū Fù,370881,County City,Jining,Jǐ Níng,370800,Prefecture City,Shandong,Shān Dōng,370000,Province,2010,856855,1118704,0.7659354038244254,76.59
侯马市,141081,侯马市,141081,县级市,临汾市,141000,地级市,山西省,140000,省,,,Houma,Hóu Mǎ,141081,Houma,Hóu Mǎ,141081,County City,Linfen,Lín Fén,141000,Prefecture City,Shanxi,Shān Xī,140000,Province,2010,209923,301498,0.6962666419014388,69.63
河津市,140882,河津市,140882,县级市,运城市,140800,地级市,山西省,140000,省,,,Hejin,Hé Jīn,140882,Hejin,HéJīn,140882,County City,Yuncheng,Yùn Chéng,140800,Prefecture City,Shanxi,Shān Xī,140000,Province,2010,498141,800286,0.6224537227941012,62.25
新绛县,140825,新绛县,140825,县,运城市,140800,地级市,山西省,140000,省,,,Xinjiang,Xīn Jiàng,140825,Xinjiang,XīnJiàng,140825,County,Yuncheng,Yùn Chéng,140800,Prefecture City,Shanxi,Shān Xī,140000,Province,2010,691059,816943,0.8459084660741325,84.59
泗水县,370831,泗水县,370831,县,济宁市,370800,地级市,山东省,370000,省,,,Sishui,Sì Shuǐ,370831,Sishui,SìShuǐ,370831,County,Jining,Jǐ Níng,370800,Prefecture City,Shandong,Shān Dōng,370000,Province,2010,1138634,1529515,0.744441211756668,74.44
安定区,621102,安定区,621102,市辖区,定西市,621100,地级市,甘肃省,620000,省,定西县,2003年撤销定西县，设立安定区,Anding,Ān Dìng,621102,Anding,ĀnDìng,621102,District,Dingxi,Dìng Xī,621100,Prefecture City,Gansu,Gān Sù,620000,Province,2010,1374858,4995704,0.2752080587640901,27.52
淇县,410622,淇县,410622,县,鹤壁市,410600,地级市,河南省,410000,省,,,Qixian,Qí Xiàn,410622,Qixian,QíXiàn,410622,County,Hebi,Hè Bì,410600,Prefecture City,Henan,Hé Nán,410000,Province,2010,434108,790131,0.549412692325703,54.94
莒县,371122,莒县,371122,县,日照市,371100,地级市,山东省,370000,省,,,Juxian,Jǔ Xiàn,371122,Juxian,JǔXiàn,371122,County,Rizhao,Rì Zhào,371100,Prefecture City,Shandong,Shān Dōng,370000,Province,2010,2081326,2492046,0.8351876329730671,83.52
西峰区,621002,西峰区,621002,市辖区,庆阳市,621000,地级市,甘肃省,620000,省,西峰市和庆阳县,2002年撤销西峰市和庆阳县，设立西峰区,Xifeng,Xī Fēng,621002,Xifeng,XīFēng,621002,District,Qingyang,Qìng Yáng,621000,Prefecture City,Gansu,Gān Sù,620000,Province,2010,662717,1372165,0.4829718000386251,48.3
浚县,410621,浚县,410621,县,鹤壁市,410600,地级市,河南省,410000,省,,,Xunxian,Xùn Xiàn,410621,Xunxian,Xùn Xiàn,410621,County,Hebi,Hè Bì,410600,Prefecture City,Henan,Hé Nán,410000,Province,2010,1139105,1299056,0.8768713588944588,87.69
陵川县,140524,陵川县,140524,县,晋城市,140500,地级市,山西省,140000,省,,,Lingchuan,Líng Chuān,140524,Lingchuan,LíngChuān,140524,County,Jincheng,Jìn Chéng,140500,Prefecture City,Shanxi,Shān Xī,140000,Province,2010,541504,2333699,0.23203677937900302,23.2
翼城县,141022,翼城县,141022,县,临汾市,141000,地级市,山西省,140000,省,,,Yicheng,Yì Chéng,141022,Yicheng,YìChéng,141022,County,Linfen,Lín Fén,141000,Prefecture City,Shanxi,Shān Xī,140000,Province,2010,747153,1602265,0.4663105041925025,46.63
东乡族自治县,622926,东乡族自治县,622926,自治县,临夏回族自治州,622900,自治州,甘肃省,620000,省,,,Dongxiangzu,Dōng Xiāng Zú,622926,Dongxiangzu,DōngXiāngZú,622926,Autonomous County,Linxiahuizu,Lín Xià Huí Zú,622900,Autonomous Prefecture,Gansu,Gān Sù,620000,Province,2010,329335,2065730,0.1594279020007455,15.94
曲沃县,141021,曲沃县,141021,县,临汾市,141000,地级市,山西省,140000,省,,,Quwo,Qū Wò,141021,Quwo,Qū Wò,141021,County,Linfen,Lín Fén,141000,Prefecture City,Shanxi,Shān Xī,140000,Province,2010,485987,600901,0.8087638396341494,80.88
汶上县,370830,汶上县,370830,县,济宁市,370800,地级市,山东省,370000,省,,,Wenshang,Wèn Shàng,370830,Wenshang,Wèn Shàng,370830,County,Jining,Jǐ Níng,370800,Prefecture City,Shandong,Shān Dōng,370000,Province,2010,1040436,1219344,0.8532752037160966,85.33
积石山保安族东乡族撒拉族自治县,622927,积石山保安族东乡族撒拉族自治县,622927,自治县,临夏回族自治州,622900,自治州,甘肃省,620000,省,,,Jishishanbaoanzudongxiangzuandsalazu,Jī Shí Shān Bǎo Ān Zú Dōng Xiāng Zú and Sā Lā Zú,622927,Jishishanbaoanzudongxiangzuandsalazu,Jī Shí ShānBǎoĀnZúDōngXiāngZú andSā Lā Zú,622927,Autonomous County,Linxiahuizu,Lín Xià Huí Zú,622900,Autonomous Prefecture,Gansu,Gān Sù,620000,Province,2010,446096,1236360,0.3608140023941247,36.08
五莲县,371121,五莲县,371121,县,日照市,371100,地级市,山东省,370000,省,,,Wulian,Wǔ Lián,371121,Wulian,WǔLián,371121,County,Rizhao,Rì Zhào,371100,Prefecture City,Shandong,Shān Dōng,370000,Province,2010,1609691,2052782,0.7841509717057145,78.42
洛川县,610629,洛川县,610629,县,延安市,610600,地级市,陕西省,610000,省,,,Luochuan,Luò Chuān,610629,Luochuan,LuòChuān,610629,County,Yanan,Yán Ān,610600,Prefecture City,Shanxi,Shǎn Xī,610000,Province,2010,892117,2455730,0.3632797579538467,36.33
蒙阴县,371328,蒙阴县,371328,县,临沂市,371300,地级市,山东省,370000,省,,,Mengyin,Méng Yīn,371328,Mengyin,Méng Yīn,371328,County,Linyi,Lín Yí,371300,Prefecture City,Shandong,Shān Dōng,370000,Province,2010,1549475,2201094,0.703956759684048,70.4
沁水县,140521,沁水县,140521,县,晋城市,140500,地级市,山西省,140000,省,,,Qinshui,Qìn Shuǐ,140521,Qinshui,QìnShuǐ,140521,County,Jincheng,Jìn Chéng,140500,Prefecture City,Shanxi,Shān Xī,140000,Province,2010,636725,3646764,0.174600001535608,17.46
华龙区,410902,华龙区,410902,市辖区,濮阳市,410900,地级市,河南省,410000,省,,,Hualong,Huá Lóng,410902,Hualong,Huá Lóng,410902,District,Puyang,Pú Yáng,410900,Prefecture City,Henan,Hé Nán,410000,Province,2010,285826,421385,0.6783013158987624,67.83
镇原县,621027,镇原县,621027,县,庆阳市,621000,地级市,甘肃省,620000,省,,,Zhenyuan,Zhèn Yuán,621027,Zhenyuan,ZhènYuán,621027,County,Qingyang,Qìng Yáng,621000,Prefecture City,Gansu,Gān Sù,620000,Province,2010,1928821,4812324,0.40080863217023627,40.08
淇滨区,410611,淇滨区,410611,市辖区,鹤壁市,410600,地级市,河南省,410000,省,郊区,2001年郊区更名为淇滨区,Qibin,Qí Bīn,410611,Qibin,QíBīn,410611,District,Hebi,Hè Bì,410600,Prefecture City,Henan,Hé Nán,410000,Province,2010,270198,476702,0.5668069359893603,56.68
梁山县,370832,梁山县,370832,县,济宁市,370800,地级市,山东省,370000,省,,,Liangshan,Liáng Shān,370832,Liangshan,LiángShān,370832,County,Jining,Jǐ Níng,370800,Prefecture City,Shandong,Shān Dōng,370000,Province,2010,1130313,1320088,0.8562406445630897,85.62
范县,410926,范县,410926,县,濮阳市,410900,地级市,河南省,410000,省,,,Fanxian,Fàn Xiàn,410926,Fanxian,FànXiàn,410926,County,Puyang,Pú Yáng,410900,Prefecture City,Henan,Hé Nán,410000,Province,2010,679807,846456,0.8031214853459601,80.31
高平市,140581,高平市,140581,县级市,晋城市,140500,地级市,山西省,140000,省,,,Gaoping,Gāo Píng,140581,Gaoping,GāoPíng,140581,County City,Jincheng,Jìn Chéng,140500,Prefecture City,Shanxi,Shān Xī,140000,Province,2010,860019,1345283,0.639284819625313,63.93
宁阳县,370921,宁阳县,370921,县,泰安市,370900,地级市,山东省,370000,省,,,Ningyang,Níng Yáng,370921,Ningyang,Níng Yáng,370921,County,Taian,Tài Ān,370900,Prefecture City,Shandong,Shān Dōng,370000,Province,2010,1272780,1543561,0.8245738263664345,82.46
胶南市,370284,胶南市,370284,县级市,青岛市,370200,地级市,山东省,370000,省,,,Jiaonan,Jiāo Nán,370284,Jiaonan,Jiāo Nán,370284,County City,Qingdao,Qīng Dǎo,370200,Prefecture City,Shandong,Shān Dōng,370000,Province,2010,1888890,2438432,0.7746330428734531,77.46
襄汾县,141023,襄汾县,141023,县,临汾市,141000,地级市,山西省,140000,省,,,Xiangfen,Xiāng Fén,141023,Xiangfen,XiāngFén,141023,County,Linfen,Lín Fén,141000,Prefecture City,Shanxi,Shān Xī,140000,Province,2010,1095683,1419123,0.7720845902715974,77.21
新泰市,370982,新泰市,370982,县级市,泰安市,370900,地级市,山东省,370000,省,,,Xintai,Xīn Tài,370982,Xintai,XīnTài,370982,County City,Taian,Tài Ān,370900,Prefecture City,Shandong,Shān Dōng,370000,Province,2010,1937620,2656041,0.7295143410813312,72.95
内黄县,410527,内黄县,410527,县,安阳市,410500,地级市,河南省,410000,省,,,Neihuang,Nèi Huáng,410527,Neihuang,NèiHuáng,410527,County,Anyang,Ān Yáng,410500,Prefecture City,Henan,Hé Nán,410000,Province,2010,1409131,1576123,0.8940488781649656,89.4
汤阴县,410523,汤阴县,410523,县,安阳市,410500,地级市,河南省,410000,省,,,Tangyin,Tāng Yīn,410523,Tangyin,Tāng Yīn,410523,County,Anyang,Ān Yáng,410500,Prefecture City,Henan,Hé Nán,410000,Province,2010,750825,870228,0.8627911306002565,86.28
沂水县,371323,沂水县,371323,县,临沂市,371300,地级市,山东省,370000,省,,,Yishui,Yí Shuǐ,371323,Yishui,YíShuǐ,371323,County,Linyi,Lín Yí,371300,Prefecture City,Shandong,Shān Dōng,370000,Province,2010,2623273,3313805,0.791619603446793,79.16
山城区,410603,山城区,410603,市辖区,鹤壁市,410600,地级市,河南省,410000,省,,,Shancheng,Shān Chéng,410603,Shancheng,ShānChéng,410603,District,Hebi,Hè Bì,410600,Prefecture City,Henan,Hé Nán,410000,Province,2010,126362,185571,0.6809361376508183,68.09
乡宁县,141029,乡宁县,141029,县,临汾市,141000,地级市,山西省,140000,省,,,Xiangning,Xiāng Níng,141029,Xiangning,Xiāng Níng,141029,County,Linfen,Lín Fén,141000,Prefecture City,Shanxi,Shān Xī,140000,Province,2010,589343,2784804,0.21162817921835791,21.16
清丰县,410922,清丰县,410922,县,濮阳市,410900,地级市,河南省,410000,省,,,Qingfeng,Qīng Fēng,410922,Qingfeng,QīngFēng,410922,County,Puyang,Pú Yáng,410900,Prefecture City,Henan,Hé Nán,410000,Province,2010,1001853,1137728,0.8805733883669911,88.06
西吉县,640422,西吉县,640422,县,固原市,640400,地级市,宁夏回族自治区,640000,自治区,,,Xiji,Xī Jí,640422,Xiji,XīJí,640422,County,Guyuan,Gù Yuán,640400,Prefecture City,Ningxia,Níng Xià Huí Zú,640000,Autonomous Region,2010,2607531,4288935,0.6079670127898884,60.8
浮山县,141027,浮山县,141027,县,临汾市,141000,地级市,山西省,140000,省,,,Fushan,Fú Shān,141027,Fushan,FúShān,141027,County,Linfen,Lín Fén,141000,Prefecture City,Shanxi,Shān Xī,140000,Province,2010,538032,1295444,0.41532632827046173,41.53
会宁县,620422,会宁县,620422,县,白银市,620400,地级市,甘肃省,620000,省,,,Huining,Huì Níng,620422,Huining,Huì Níng,620422,County,Baiyin,Bái Yín,620400,Prefecture City,Gansu,Gān Sù,620000,Province,2010,1933427,7778384,0.2485640976326188,24.86
台前县,410927,台前县,410927,县,濮阳市,410900,地级市,河南省,410000,省,,,Taiqian,Tái Qián,410927,Taiqian,Tái Qián,410927,County,Puyang,Pú Yáng,410900,Prefecture City,Henan,Hé Nán,410000,Province,2010,494649,614934,0.8043936422445336,80.44
彭阳县,640425,彭阳县,640425,县,固原市,640400,地级市,宁夏回族自治区,640000,自治区,,,Pengyang,Péng Yáng,640425,Pengyang,PéngYáng,640425,County,Guyuan,Gù Yuán,640400,Prefecture City,Ningxia,Níng Xià Huí Zú,640000,Autonomous Region,2010,1092486,3484991,0.31348316251031927,31.35
鹤山区,410602,鹤山区,410602,市辖区,鹤壁市,410600,地级市,河南省,410000,省,,,Heshan,Hè Shān,410602,Heshan,HèShān,410602,District,Hebi,Hè Bì,410600,Prefecture City,Henan,Hé Nán,410000,Province,2010,77660,182204,0.4262255493842067,42.62
东平县,370923,东平县,370923,县,泰安市,370900,地级市,山东省,370000,省,,,Dongping,Dōng Píng,370923,Dongping,DōngPíng,370923,County,Taian,Tài Ān,370900,Prefecture City,Shandong,Shān Dōng,370000,Province,2010,1266366,1841389,0.6877232350144374,68.77
壶关县,140427,壶关县,140427,县,长治市,140400,地级市,山西省,140000,省,,,Huguan,Hú Guān,140427,Huguan,HúGuān,140427,County,Changzhi,Cháng Zhì,140400,Prefecture City,Shanxi,Shān Xī,140000,Province,2010,476549,1389959,0.34285112006900925,34.29
榆中县,620123,榆中县,620123,县,兰州市,620100,地级市,甘肃省,620000,省,,,Yuzhong,Yú Zhōng,620123,Yuzhong,Yú Zhōng,620123,County,Lanzhou,Lán Zhōu,620100,Prefecture City,Gansu,Gān Sù,620000,Province,2010,804772,4534301,0.17748535000212823,17.75
诸城市,370782,诸城市,370782,县级市,潍坊市,370700,地级市,山东省,370000,省,,,Zhucheng,Zhū Chéng,370782,Zhucheng,ZhūChéng,370782,County City,Weifang,Wéi Fāng,370700,Prefecture City,Shandong,Shān Dōng,370000,Province,2010,2548329,2961063,0.8606128947611044,86.06
林州市,410581,林州市,410581,县级市,安阳市,410500,地级市,河南省,410000,省,,,Linzhou,Lín Zhōu,410581,Linzhou,LínZhōu,410581,County City,Anyang,Ān Yáng,410500,Prefecture City,Henan,Hé Nán,410000,Province,2010,1018916,2825191,0.36065384605854967,36.07
黄岛区,370211,黄岛区,370211,市辖区,青岛市,370200,地级市,山东省,370000,省,,,Huangdao,Huáng Dǎo,370211,Huangdao,HuángDǎo,370211,District,Qingdao,Qīng Dǎo,370200,Prefecture City,Shandong,Shān Dōng,370000,Province,2010,96292,364916,0.26387442589527454,26.39
长治县,140421,长治县,140421,县,长治市,140400,地级市,山西省,140000,省,,,Changzhi,Cháng Zhì,140421,Changzhi,Cháng Zhì,140421,County,Changzhi,Cháng Zhì,140400,Prefecture City,Shanxi,Shān Xī,140000,Province,2010,443205,666006,0.665466977774975,66.55
龙安区,410506,龙安区,410506,市辖区,安阳市,410500,地级市,河南省,410000,省,郊区,2002年撤销郊区，设立龙安区,Longan,Lóng Ān,410506,Longan,LóngĀn,410506,District,Anyang,Ān Yáng,410500,Prefecture City,Henan,Hé Nán,410000,Province,2010,302994,508661,0.5956698075928762,59.57
文峰区,410502,文峰区,410502,市辖区,安阳市,410500,地级市,河南省,410000,省,,,Wenfeng,Wén Fēng,410502,Wenfeng,WénFēng,410502,District,Anyang,Ān Yáng,410500,Prefecture City,Henan,Hé Nán,410000,Province,2010,83112,155380,0.5348950958939375,53.49
庆城县,621021,庆城县,621021,县,庆阳市,621000,地级市,甘肃省,620000,省,,,Qingcheng,Qìng Chéng,621021,Qingcheng,QìngChéng,621021,County,Qingyang,Qìng Yáng,621000,Prefecture City,Gansu,Gān Sù,620000,Province,2010,913911,3704079,0.24673096875093647,24.67
南乐县,410923,南乐县,410923,县,濮阳市,410900,地级市,河南省,410000,省,,,Nanle,Nán Lè,410923,Nanle,Nán Lè,410923,County,Puyang,Pú Yáng,410900,Prefecture City,Henan,Hé Nán,410000,Province,2010,756926,864866,0.8751945388071678,87.52
长子县,140428,长子县,140428,县,长治市,140400,地级市,山西省,140000,省,,,Zhangzi,Zhǎng Zǐ,140428,Zhangzi,Zhǎng Zǐ,140428,County,Changzhi,Cháng Zhì,140400,Prefecture City,Shanxi,Shān Xī,140000,Province,2010,820138,1424151,0.5758785409693213,57.59
肥城市,370983,肥城市,370983,县级市,泰安市,370900,地级市,山东省,370000,省,,,Feicheng,Féi Chéng,370983,Feicheng,FéiChéng,370983,County City,Taian,Tài Ān,370900,Prefecture City,Shandong,Shān Dōng,370000,Province,2010,1360000,1759430,0.7729776120675446,77.3
尧都区,141002,尧都区,141002,市辖区,临汾市,141000,地级市,山西省,140000,省,,,Yaodu,Yáo Dū,141002,Yaodu,Yáo Dū,141002,District,Linfen,Lín Fén,141000,Prefecture City,Shanxi,Shān Xī,140000,Province,2010,915656,1802569,0.5079727877268498,50.8
原州区,640402,原州区,640402,市辖区,固原市,640400,地级市,宁夏回族自治区,640000,自治区,,,Yuanzhou,Yuán Zhōu,640402,Yuanzhou,YuánZhōu,640402,District,Guyuan,Gù Yuán,640400,Prefecture City,Ningxia,Níng Xià Huí Zú,640000,Autonomous Region,2010,1611156,3806214,0.42329622033863573,42.33
沂源县,370323,沂源县,370323,县,淄博市,370300,地级市,山东省,370000,省,,,Yiyuan,Yí Yuán,370323,Yiyuan,YíYuán,370323,County,Zibo,Zī Bó,370300,Prefecture City,Shandong,Shān Dōng,370000,Province,2010,1151367,2258311,0.5098354478191888,50.98
钢城区,371203,钢城区,371203,市辖区,莱芜市,371200,地级市,山东省,370000,省,,,Gangcheng,Gāng Chéng,371203,Gangcheng,Gāng Chéng,371203,District,Laiwu,Lái Wú,371200,Prefecture City,Shandong,Shān Dōng,370000,Province,2010,359560,717844,0.5008887724909591,50.09
殷都区,410505,殷都区,410505,市辖区,安阳市,410500,地级市,河南省,410000,省,铁西区,2002年撤销铁西区，设立殷都区,Yindu,Yīn Dū,410505,Yindu,Yīn Dū,410505,District,Anyang,Ān Yáng,410500,Prefecture City,Henan,Hé Nán,410000,Province,2010,37862,90840,0.41679876706296787,41.68
莘县,371522,莘县,371522,县,聊城市,371500,地级市,山东省,370000,省,,,Shenxian,Shēn Xiàn,371522,Shenxian,Shēn Xiàn,371522,County,Liaocheng,Liáo Chéng,371500,Prefecture City,Shandong,Shān Dōng,370000,Province,2010,1576541,1911639,0.8247064430051908,82.47
民和回族土族自治县,630222,民和回族土族自治县,630222,自治县,海东市,630200,地级市,青海省,630000,省,,,Minhehuizuandtuzu,Mín Hé Huí Zú and Tǔ Zú,630222,Minhehuizuandtuzu,Mín Hé HuíZúandTǔZú,630222,Autonomous County,Haidong,Hǎi Dōng,630200,Prefecture City,Qinghai,Qīng Hǎi,630000,Province,2010,543369,2617820,0.20756545522610417,20.76
岱岳区,370911,岱岳区,370911,市辖区,泰安市,370900,地级市,山东省,370000,省,郊区,2000年撤销郊区，设立岱岳区,Daiyue,Dài Yuè,370911,Daiyue,DàiYuè,370911,District,Taian,Tài Ān,370900,Prefecture City,Shandong,Shān Dōng,370000,Province,2010,1572777,2409290,0.6527968820689912,65.28
安阳县,410522,安阳县,410522,县,安阳市,410500,地级市,河南省,410000,省,,,Anyang,Ān Yáng,410522,Anyang,ĀnYáng,410522,County,Anyang,Ān Yáng,410500,Prefecture City,Henan,Hé Nán,410000,Province,2010,1049748,1493180,0.7030284359554776,70.3
阳谷县,371521,阳谷县,371521,县,聊城市,371500,地级市,山东省,370000,省,,,Yanggu,Yáng Gǔ,371521,Yanggu,Yáng Gǔ,371521,County,Liaocheng,Liáo Chéng,371500,Prefecture City,Shandong,Shān Dōng,370000,Province,2010,1174551,1392361,0.8435678678158897,84.36
吉县,141028,吉县,141028,县,临汾市,141000,地级市,山西省,140000,省,,,Jixian,Jí Xiàn,141028,Jixian,JíXiàn,141028,County,Linfen,Lín Fén,141000,Prefecture City,Shanxi,Shān Xī,140000,Province,2010,382757,2455710,0.15586408818630865,15.59
安泽县,141026,安泽县,141026,县,临汾市,141000,地级市,山西省,140000,省,,,Anze,Ān Zé,141026,Anze,ĀnZé,141026,County,Linfen,Lín Fén,141000,Prefecture City,Shanxi,Shān Xī,140000,Province,2010,523764,2697130,0.19419308672551935,19.42
北关区,410503,北关区,410503,市辖区,安阳市,410500,地级市,河南省,410000,省,,,Beiguan,Běi Guān,410503,Beiguan,BěiGuān,410503,District,Anyang,Ān Yáng,410500,Prefecture City,Henan,Hé Nán,410000,Province,2010,82458,133081,0.6196076073969988,61.96
城区,140402,城区,140402,市辖区,长治市,140400,地级市,山西省,140000,省,,,Chengqu,"Chéng Qū
",140402,Chengqu,"Chéng Qū
",140402,District,Changzhi,Cháng Zhì,140400,Prefecture City,Shanxi,Shān Xī,140000,Province,2010,15775,74862,0.2107210600838877,21.07
崂山区,370212,崂山区,370212,市辖区,青岛市,370200,地级市,山东省,370000,省,,,Laoshan,Láo Shān,370212,Laoshan,LáoShān,370212,District,Qingdao,Qīng Dǎo,370200,Prefecture City,Shandong,Shān Dōng,370000,Province,2010,126975,534123,0.23772614173139894,23.77
平阴县,370124,平阴县,370124,县,济南市,370100,地级市,山东省,370000,省,,,Pingyin,Píng Yīn,370124,Pingyin,PíngYīn,370124,County,Jinan,Jǐ Nán,370100,Prefecture City,Shandong,Shān Dōng,370000,Province,2010,719038,986486,0.728888195068151,72.89
泰山区,370902,泰山区,370902,市辖区,泰安市,370900,地级市,山东省,370000,省,,,Taishan,Tài Shān,370902,Taishan,TàiShān,370902,District,Taian,Tài Ān,370900,Prefecture City,Shandong,Shān Dōng,370000,Province,2010,210172,468707,0.44840806730004035,44.84
胶州市,370281,胶州市,370281,县级市,青岛市,370200,地级市,山东省,370000,省,,,Jiaozhou,Jiāo Zhōu,370281,Jiaozhou,JiāoZhōu,370281,County City,Qingdao,Qīng Dǎo,370200,Prefecture City,Shandong,Shān Dōng,370000,Province,2010,1283741,1799562,0.7133630294482769,71.34
魏县,130434,魏县,130434,县,邯郸市,130400,地级市,河北省,130000,省,,,Weixian,Wèi Xiàn,130434,Weixian,WèiXiàn,130434,County,Handan,Hán Dān,130400,Prefecture City,Hebei,Hé Běi,130000,Province,2010,1008277,1190175,0.8471670132543534,84.72
临漳县,130423,临漳县,130423,县,邯郸市,130400,地级市,河北省,130000,省,,,Linzhang,Lín Zhāng,130423,Linzhang,LínZhāng,130423,County,Handan,Hán Dān,130400,Prefecture City,Hebei,Hé Běi,130000,Province,2010,886562,1030394,0.860410677857208,86.04
郊区,140411,郊区,140411,市辖区,长治市,140400,地级市,山西省,140000,省,,,"Jiaoqu
","Jiāo Qū
",140411,"Jiaoqu
","Jiāo Qū
",140411,District,Changzhi,Cháng Zhì,140400,Prefecture City,Shanxi,Shān Xī,140000,Province,2010,205420,400493,0.5129178287760335,51.29
城阳区,370214,城阳区,370214,市辖区,青岛市,370200,地级市,山东省,370000,省,,,Chengyang,Chéng Yáng,370214,Chengyang,ChéngYáng,370214,District,Qingdao,Qīng Dǎo,370200,Prefecture City,Shandong,Shān Dōng,370000,Province,2010,153179,719609,0.21286420820195412,21.29
古县,141025,古县,141025,县,临汾市,141000,地级市,山西省,140000,省,,,Guxian,Gǔ Xiàn,141025,Guxian,GǔXiàn,141025,County,Linfen,Lín Fén,141000,Prefecture City,Shanxi,Shān Xī,140000,Province,2010,465371,1654431,0.2812876451178683,28.13
安丘市,370784,安丘市,370784,县级市,潍坊市,370700,地级市,山东省,370000,省,,,Anqiu,Ān Qiū,370784,Anqiu,ĀnQiū,370784,County City,Weifang,Wéi Fāng,370700,Prefecture City,Shandong,Shān Dōng,370000,Province,2010,2009603,2359701,0.8516345926878024,85.16
大名县,130425,大名县,130425,县,邯郸市,130400,地级市,河北省,130000,省,,,Daming,Dà Míng,130425,Daming,Dà Míng,130425,County,Handan,Hán Dān,130400,Prefecture City,Hebei,Hé Běi,130000,Province,2010,1273131,1456636,0.8740213752783812,87.4
莱城区,371202,莱芜区,371202,市辖区,莱芜市,371200,地级市,山东省,370000,省,,,Laicheng,Lái Chéng,371202,Laicheng,Lái Chéng,371202,District,Laiwu,Lái Wú,371200,Prefecture City,Shandong,Shān Dōng,370000,Province,2010,1234106,2387332,0.5169394118622798,51.69
洪洞县,141024,洪洞县,141024,县,临汾市,141000,地级市,山西省,140000,省,,,Hongdong,Hóng Dòng,141024,Hongdong,HóngDòng,141024,County,Linfen,Lín Fén,141000,Prefecture City,Shanxi,Shān Xī,140000,Province,2010,1281248,2068289,0.6194724238247169,61.95
东阿县,371524,东阿县,371524,县,聊城市,371500,地级市,山东省,370000,省,,,Donge,Dōng Ē,371524,Donge,Dōng Ē,371524,County,Liaocheng,Liáo Chéng,371500,Prefecture City,Shandong,Shān Dōng,370000,Province,2010,839883,1001966,0.8382350299311554,83.82
屯留县,140424,屯留县,140424,县,长治市,140400,地级市,山西省,140000,省,,,Tunliu,Tún Liú,140424,Tunliu,Tún Liú,140424,County,Changzhi,Cháng Zhì,140400,Prefecture City,Shanxi,Shān Xī,140000,Province,2010,1054397,1639815,0.6429975332583249,64.3
临朐县,370724,临朐县,370724,县,潍坊市,370700,地级市,山东省,370000,省,,,Linqu,Lín Qú,370724,Linqu,LínQú,370724,County,Weifang,Wéi Fāng,370700,Prefecture City,Shandong,Shān Dōng,370000,Province,2010,1707622,2531058,0.674667273527513,67.47
潞城市,140481,潞城市,140481,县级市,长治市,140400,地级市,山西省,140000,省,,,Lucheng,Lù Chéng,140481,Lucheng,LùChéng,140481,County City,Changzhi,Cháng Zhì,140400,Prefecture City,Shanxi,Shān Xī,140000,Province,2010,505539,849039,0.5954249451438627,59.54
高密市,370785,高密市,370785,县级市,潍坊市,370700,地级市,山东省,370000,省,,,Gaomi,Gāo Mì,370785,Gaomi,GāoMì,370785,County City,Weifang,Wéi Fāng,370700,Prefecture City,Shandong,Shān Dōng,370000,Province,2010,1829207,2103500,0.8696016163536963,86.96
磁县,130427,磁县,130427,县,邯郸市,130400,地级市,河北省,130000,省,,,Cixian,Cí Xiàn,130427,Cixian,CíXiàn,130427,County,Handan,Hán Dān,130400,Prefecture City,Hebei,Hé Běi,130000,Province,2010,702257,1282658,0.5475013604561777,54.75
博山区,370304,博山区,370304,市辖区,淄博市,370300,地级市,山东省,370000,省,,,Boshan,Bó Shān,370304,Boshan,BóShān,370304,District,Zibo,Zī Bó,370300,Prefecture City,Shandong,Shān Dōng,370000,Province,2010,229711,963692,0.2383655773836454,23.84
长清区,370113,长清区,370113,市辖区,济南市,370100,地级市,山东省,370000,省,长清县,2001年撤销长清县，设立长清区,Changqing,Cháng Qīng,370113,Changqing,Cháng Qīng,370113,District,Jinan,Jǐ Nán,370100,Prefecture City,Shandong,Shān Dōng,370000,Province,2010,1029321,1669299,0.6166187124056266,61.66
成安县,130424,成安县,130424,县,邯郸市,130400,地级市,河北省,130000,省,,,Chengan,Chéng Ān,130424,Chengan,ChéngĀn,130424,County,Handan,Hán Dān,130400,Prefecture City,Hebei,Hé Běi,130000,Province,2010,561723,664827,0.8449160458284637,84.49
大宁县,141030,大宁县,141030,县,临汾市,141000,地级市,山西省,140000,省,,,Daning,Dà Níng,141030,Daning,Dà Níng,141030,County,Linfen,Lín Fén,141000,Prefecture City,Shanxi,Shān Xī,140000,Province,2010,213258,1328708,0.1605002754555553,16.05
东昌府区,371502,东昌府区,371502,市辖区,聊城市,371500,地级市,山东省,370000,省,,,Dongchangfu,Dōng Chāng Fǔ,371502,Dongchangfu,DōngChāngFǔ,371502,District,Liaocheng,Liáo Chéng,371500,Prefecture City,Shandong,Shān Dōng,370000,Province,2010,1511196,1993758,0.7579636044093616,75.8
峰峰矿区,130406,峰峰矿区,130406,市辖区,邯郸市,130400,地级市,河北省,130000,省,,,Fengfengkuang,Fēng Fēng Kuàng,130406,Fengfengkuang,FēngFēngKuàng,130406,District,Handan,Hán Dān,130400,Prefecture City,Hebei,Hé Běi,130000,Province,2010,203408,450589,0.45142691011098807,45.14
即墨市,370282,即墨市,370282,县级市,青岛市,370200,地级市,山东省,370000,省,,,Jimo,Jí Mò,370282,Jimo,JíMò,370282,County City,Qingdao,Qīng Dǎo,370200,Prefecture City,Shandong,Shān Dōng,370000,Province,2010,1779806,2538191,0.701210429002388,70.12
广平县,130432,广平县,130432,县,邯郸市,130400,地级市,河北省,130000,省,,,Guangping,Guǎng Píng,130432,Guangping,Guǎng Píng,130432,County,Handan,Hán Dān,130400,Prefecture City,Hebei,Hé Běi,130000,Province,2010,365260,434164,0.8412949945182004,84.13
海原县,640522,海原县,640522,县,中卫市,640500,地级市,宁夏回族自治区,640000,自治区,,,Haiyuan,Hǎi Yuán,640522,Haiyuan,HǎiYuán,640522,County,Zhongwei,Zhōng Wèi,640500,Prefecture City,Ningxia,Níng Xià Huí Zú,640000,Autonomous Region,2010,1511661,6913205,0.21866283438723427,21.87
坊子区,370704,坊子区,370704,市辖区,潍坊市,370700,地级市,山东省,370000,省,,,Fangzi,Fāng Zi,370704,Fangzi,Fāng Zi,370704,District,Weifang,Wéi Fāng,370700,Prefecture City,Shandong,Shān Dōng,370000,Province,2010,906101,1235498,0.7333892891773196,73.34
昌乐县,370725,昌乐县,370725,县,潍坊市,370700,地级市,山东省,370000,省,,,Changle,Chāng Lè,370725,Changle,Chāng Lè,370725,County,Weifang,Wéi Fāng,370700,Prefecture City,Shandong,Shān Dōng,370000,Province,2010,1290209,1525748,0.8456239169246822,84.56
冠县,371525,冠县,371525,县,聊城市,371500,地级市,山东省,370000,省,,,Guanxian,Guàn Xiàn,371525,Guanxian,Guàn Xiàn,371525,County,Liaocheng,Liáo Chéng,371500,Prefecture City,Shandong,Shān Dōng,370000,Province,2010,1351104,1605824,0.8413773863138178,84.14
邯山区,130402,邯山区,130402,市辖区,邯郸市,130400,地级市,河北省,130000,省,,,Hanshan,Hán Shān,130402,Hanshan,HánShān,130402,District,Handan,Hán Dān,130400,Prefecture City,Hebei,Hé Běi,130000,Province,2010,32562,108431,0.30030157427304,30.03
肥乡县,130428,肥乡县,130428,县,邯郸市,130400,地级市,河北省,130000,省,,,Feixiang,Féi Xiāng,130428,Feixiang,FéiXiāng,130428,County,Handan,Hán Dān,130400,Prefecture City,Hebei,Hé Běi,130000,Province,2010,605481,698097,0.8673307577600248,86.73
襄垣县,140423,襄垣县,140423,县,长治市,140400,地级市,山西省,140000,省,,,Xiangyuan,Xiāng Yuán,140423,Xiangyuan,XiāngYuán,140423,County,Changzhi,Cháng Zhì,140400,Prefecture City,Shanxi,Shān Xī,140000,Province,2010,957293,1634082,0.5858292301120751,58.58
淄川区,370302,淄川区,370302,市辖区,淄博市,370300,地级市,山东省,370000,省,,,Zichuan,Zī Chuān,370302,Zichuan,ZīChuān,370302,District,Zibo,Zī Bó,370300,Prefecture City,Shandong,Shān Dōng,370000,Province,2010,470510,1333542,0.352827282530284,35.28
复兴区,130404,复兴区,130404,市辖区,邯郸市,130400,地级市,河北省,130000,省,,,Fuxing,Fù Xīng,130404,Fuxing,Fù Xīng,130404,District,Handan,Hán Dān,130400,Prefecture City,Hebei,Hé Běi,130000,Province,2010,191923,342474,0.560401665527894,56.04
市中区,370103,市中区,370103,市辖区,济南市,370100,地级市,山东省,370000,省,,,Shizhong,Shì Zhōng,370103,Shizhong,Shì Zhōng,370103,District,Jinan,Jǐ Nán,370100,Prefecture City,Shandong,Shān Dōng,370000,Province,2010,154638,394234,0.3922492732742483,39.22
霍州市,141082,霍州市,141082,县级市,临汾市,141000,地级市,山西省,140000,省,,,Huozhou,Huò Zhōu,141082,Huozhou,HuòZhōu,141082,County City,Linfen,Lín Fén,141000,Prefecture City,Shanxi,Shān Xī,140000,Province,2010,390108,1065627,0.36608306658896594,36.61
茌平县,371523,茌平县,371523,县,聊城市,371500,地级市,山东省,370000,省,,,Chiping,Chí Píng,371523,Chiping,ChíPíng,371523,County,Liaocheng,Liáo Chéng,371500,Prefecture City,Shandong,Shān Dōng,370000,Province,2010,1146785,1391524,0.8241216105507343,82.41
历城区,370112,历城区,370112,市辖区,济南市,370100,地级市,山东省,370000,省,,,Licheng,Lì Chéng,370112,Licheng,LìChéng,370112,District,Jinan,Jǐ Nán,370100,Prefecture City,Shandong,Shān Dōng,370000,Province,2010,720038,1787394,0.40284235037154653,40.28
馆陶县,130433,馆陶县,130433,县,邯郸市,130400,地级市,河北省,130000,省,,,Guantao,Guǎn Táo,130433,Guantao,Guǎn Táo,130433,County,Handan,Hán Dān,130400,Prefecture City,Hebei,Hé Běi,130000,Province,2010,549052,631369,0.8696214099837021,86.96
邯郸县,130421,邯郸县,130421,县,邯郸市,130400,地级市,河北省,130000,省,,,Handan,Hán Dān,130421,Handan,Hán Dān,130421,County,Handan,Hán Dān,130400,Prefecture City,Hebei,Hé Běi,130000,Province,2010,298586,424629,0.7031691193959904,70.32
黎城县,140426,黎城县,140426,县,长治市,140400,地级市,山西省,140000,省,,,Licheng,Lí Chéng,140426,Licheng,LíChéng,140426,County,Changzhi,Cháng Zhì,140400,Prefecture City,Shanxi,Shān Xī,140000,Province,2010,408663,1542165,0.2649930454912412,26.5
汾西县,141034,汾西县,141034,县,临汾市,141000,地级市,山西省,140000,省,,,Fenxi,Fén Xī,141034,Fenxi,FénXī,141034,County,Linfen,Lín Fén,141000,Prefecture City,Shanxi,Shān Xī,140000,Province,2010,358997,1210603,0.29654395371562764,29.65
丛台区,130403,丛台区,130403,市辖区,邯郸市,130400,地级市,河北省,130000,省,,,Congtai,Cóng Tái,130403,Congtai,Cóng Tái,130403,District,Handan,Hán Dān,130400,Prefecture City,Hebei,Hé Běi,130000,Province,2010,58710,128113,0.45826731088960526,45.83
青州市,370781,青州市,370781,县级市,潍坊市,370700,地级市,山东省,370000,省,,,Qingzhou,Qīng Zhōu,370781,Qingzhou,QīngZhōu,370781,County City,Weifang,Wéi Fāng,370700,Prefecture City,Shandong,Shān Dōng,370000,Province,2010,1342145,2164055,0.6201991169355677,62.02
槐荫区,370104,槐荫区,370104,市辖区,济南市,370100,地级市,山东省,370000,省,,,Huaiyin,Huái Yīn,370104,Huaiyin,Huái Yīn,370104,District,Jinan,Jǐ Nán,370100,Prefecture City,Shandong,Shān Dōng,370000,Province,2010,75169,210849,0.3565063149457669,35.65
城北区,630105,城北区,630105,市辖区,西宁市,630100,地级市,青海省,630000,省,,,Chengbei,Chéng Běi,630105,Chengbei,ChéngBěi,630105,District,Xining,Xī Níng,630100,Prefecture City,Qinghai,Qīng Hǎi,630000,Province,2010,37543,179934,0.20864872675536586,20.86
奎文区,370705,奎文区,370705,市辖区,潍坊市,370700,地级市,山东省,370000,省,,,Kuiwen,Kuí Wén,370705,Kuiwen,KuíWén,370705,District,Weifang,Wéi Fāng,370700,Prefecture City,Shandong,Shān Dōng,370000,Province,2010,127688,264570,0.4826246362021393,48.26
潍城区,370702,潍城区,370702,市辖区,潍坊市,370700,地级市,山东省,370000,省,,,Weicheng,Wéi Chéng,370702,Weicheng,WéiChéng,370702,District,Weifang,Wéi Fāng,370700,Prefecture City,Shandong,Shān Dōng,370000,Province,2010,249974,399195,0.6261952178759754,62.62
沁县,140430,沁县,140430,县,长治市,140400,地级市,山西省,140000,省,,,Qinxian,Qìn Xiàn,140430,Qinxian,QìnXiàn,140430,County,Changzhi,Cháng Zhì,140400,Prefecture City,Shanxi,Shān Xī,140000,Province,2010,836570,1829702,0.4572165303420994,45.72
隰县,141031,隰县,141031,县,临汾市,141000,地级市,山西省,140000,省,,,Xixian,Xí Xiàn,141031,Xixian,XíXiàn,141031,County,Linfen,Lín Fén,141000,Prefecture City,Shanxi,Shān Xī,140000,Province,2010,453919,1971568,0.23023248500685747,23.02
齐河县,371425,齐河县,371425,县,德州市,371400,地级市,山东省,370000,省,,,Qihe,Qí Hé,371425,Qihe,QíHé,371425,County,Dezhou,Dé Zhōu,371400,Prefecture City,Shandong,Shān Dōng,370000,Province,2010,1647069,1960458,0.8401450069320536,84.01
永和县,141032,永和县,141032,县,临汾市,141000,地级市,山西省,140000,省,,,Yonghe,Yǒng Hé,141032,Yonghe,Yǒng Hé,141032,County,Linfen,Lín Fén,141000,Prefecture City,Shanxi,Shān Xī,140000,Province,2010,324059,1691514,0.1915792597637383,19.16
章丘市,370181,章丘市,370181,县级市,济南市,370100,地级市,山东省,370000,省,,,Zhangqiu,Zhāng Qiū,370181,Zhangqiu,ZhāngQiū,370181,County City,Jinan,Jǐ Nán,370100,Prefecture City,Shandong,Shān Dōng,370000,Province,2010,1386292,2384118,0.5814695413565939,58.15
武安市,130481,武安市,130481,县级市,邯郸市,130400,地级市,河北省,130000,省,,,Wuan,Wǔ Ān,130481,Wuan,WǔĀn,130481,County City,Handan,Hán Dān,130400,Prefecture City,Hebei,Hé Běi,130000,Province,2010,959943,2515207,0.381655664921416,38.17
曲周县,130435,曲周县,130435,县,邯郸市,130400,地级市,河北省,130000,省,,,Quzhou,Qū Zhōu,130435,Quzhou,Qū Zhōu,130435,County,Handan,Hán Dān,130400,Prefecture City,Hebei,Hé Běi,130000,Province,2010,825867,937620,0.8808120560568248,88.08
周村区,370306,周村区,370306,市辖区,淄博市,370300,地级市,山东省,370000,省,,,Zhoucun,Zhōu Cūn,370306,Zhoucun,ZhōuCūn,370306,District,Zibo,Zī Bó,370300,Prefecture City,Shandong,Shān Dōng,370000,Province,2010,269912,423429,0.637443349416313,63.74
永年县,130429,永年县,130429,县,邯郸市,130400,地级市,河北省,130000,省,,,Yongnian,Yǒng Nián,130429,Yongnian,YǒngNián,130429,County,Handan,Hán Dān,130400,Prefecture City,Hebei,Hé Běi,130000,Province,2010,984350,1256253,0.7835603178659076,78.36
天桥区,370105,天桥区,370105,市辖区,济南市,370100,地级市,山东省,370000,省,,,Tianqiao,Tiān Qiáo,370105,Tianqiao,TiānQiáo,370105,District,Jinan,Jǐ Nán,370100,Prefecture City,Shandong,Shān Dōng,370000,Province,2010,202702,359757,0.5634414340791145,56.34
临清市,371581,临清市,371581,县级市,聊城市,371500,地级市,山东省,370000,省,,,Linqing,Lín Qīng,371581,Linqing,LínQīng,371581,County City,Liaocheng,Liáo Chéng,371500,Prefecture City,Shandong,Shān Dōng,370000,Province,2010,1066620,1314623,0.8113504784261344,81.14
平度市,370283,平度市,370283,县级市,青岛市,370200,地级市,山东省,370000,省,,,Pingdu,Píng Dù,370283,Pingdu,Píng Dù,370283,County City,Qingdao,Qīng Dǎo,370200,Prefecture City,Shandong,Shān Dōng,370000,Province,2010,3708289,4412335,0.8404368661944299,84.04
邱县,130430,邱县,130430,县,邯郸市,130400,地级市,河北省,130000,省,,,Qiuxian,Qiū Xiàn,130430,Qiuxian,QiūXiàn,130430,County,Handan,Hán Dān,130400,Prefecture City,Hebei,Hé Běi,130000,Province,2010,561543,626978,0.8956342965781894,89.56
张店区,370303,张店区,370303,市辖区,淄博市,370300,地级市,山东省,370000,省,,,Zhangdian,Zhāng Diàn,370303,Zhangdian,ZhāngDiàn,370303,District,Zibo,Zī Bó,370300,Prefecture City,Shandong,Shān Dōng,370000,Province,2010,196498,501039,0.3921810477827075,39.22
灵石县,140729,灵石县,140729,县,晋中市,140700,地级市,山西省,140000,省,,,Lingshi,Líng Shí,140729,Lingshi,Líng Shí,140729,County,Jinzhong,Jìn Zhōng,140700,Prefecture City,Shanxi,Shān Xī,140000,Province,2010,273985,1662696,0.1647835804019496,16.48
高唐县,371526,高唐县,371526,县,聊城市,371500,地级市,山东省,370000,省,,,Gaotang,Gāo Táng,371526,Gaotang,GāoTáng,371526,County,Liaocheng,Liáo Chéng,371500,Prefecture City,Shandong,Shān Dōng,370000,Province,2010,1108949,1318974,0.8407663835678337,84.08
互助土族自治县,630223,互助土族自治县,630223,自治县,海东市,630200,地级市,青海省,630000,省,,,Huzhutuzu,Hù Zhù Tǔ Zú,630223,Huzhutuzu,HùZhùTǔZú,630223,Autonomous County,Haidong,Hǎi Dōng,630200,Prefecture City,Qinghai,Qīng Hǎi,630000,Province,2010,786719,4660571,0.16880313592476115,16.88
临淄区,370305,临淄区,370305,市辖区,淄博市,370300,地级市,山东省,370000,省,,,Linzi,Lín Zī,370305,Linzi,LínZī,370305,District,Zibo,Zī Bó,370300,Prefecture City,Shandong,Shān Dōng,370000,Province,2010,624230,926380,0.6738379498693841,67.38
海阳市,370687,海阳市,370687,县级市,烟台市,370600,地级市,山东省,370000,省,,,Haiyang,Hǎi Yáng,370687,Haiyang,HǎiYáng,370687,County City,Yantai,Yān Tái,370600,Prefecture City,Shandong,Shān Dōng,370000,Province,2010,1790528,2592349,0.6906971244998262,69.07
临西县,130535,临西县,130535,县,邢台市,130500,地级市,河北省,130000,省,,,Linxi,Lín Xī,130535,Linxi,LínXī,130535,County,Xingtai,Xíng Tái,130500,Prefecture City,Hebei,Hé Běi,130000,Province,2010,665988,764846,0.8707478368194381,87.07
莱西市,370285,莱西市,370285,县级市,青岛市,370200,地级市,山东省,370000,省,,,Laixi,Lái Xī,370285,Laixi,LáiXī,370285,County City,Qingdao,Qīng Dǎo,370200,Prefecture City,Shandong,Shān Dōng,370000,Province,2010,1761198,2191324,0.8037141016116284,80.37
昌邑市,370786,昌邑市,370786,县级市,潍坊市,370700,地级市,山东省,370000,省,,,Changyi,Chāng Yì,370786,Changyi,ChāngYì,370786,County City,Weifang,Wéi Fāng,370700,Prefecture City,Shandong,Shān Dōng,370000,Province,2010,1443355,2015504,0.7161260905460868,71.61
鸡泽县,130431,鸡泽县,130431,县,邯郸市,130400,地级市,河北省,130000,省,,,Jize,Jī Zé,130431,Jize,JīZé,130431,County,Handan,Hán Dān,130400,Prefecture City,Hebei,Hé Běi,130000,Province,2010,404448,468700,0.8629144442073822,86.29
延川县,610622,延川县,610622,县,延安市,610600,地级市,陕西省,610000,省,,,Yanchuan,Yán Chuān,610622,Yanchuan,YánChuān,610622,County,Yanan,Yán Ān,610600,Prefecture City,Shanxi,Shǎn Xī,610000,Province,2010,491628,2759337,0.1781688862215815,17.82
武乡县,140429,武乡县,140429,县,长治市,140400,地级市,山西省,140000,省,,,Wuxiang,Wǔ Xiāng,140429,Wuxiang,WǔXiāng,140429,County,Changzhi,Cháng Zhì,140400,Prefecture City,Shanxi,Shān Xī,140000,Province,2010,834132,2259100,0.3692319950422735,36.92
莱阳市,370682,莱阳市,370682,县级市,烟台市,370600,地级市,山东省,370000,省,,,Laiyang,Lái Yáng,370682,Laiyang,LáiYáng,370682,County City,Yantai,Yān Tái,370600,Prefecture City,Shandong,Shān Dōng,370000,Province,2010,1896425,2400857,0.7898950249848283,78.99
禹城市,371482,禹城市,371482,县级市,德州市,371400,地级市,山东省,370000,省,,,Yucheng,Yǔ Chéng,371482,Yucheng,YǔChéng,371482,County City,Dezhou,Dé Zhōu,371400,Prefecture City,Shandong,Shān Dōng,370000,Province,2010,1145623,1380609,0.829795401884241,82.98
沙河市,130582,沙河市,130582,县级市,邢台市,130500,地级市,河北省,130000,省,,,Shahe,Shā Hé,130582,Shahe,Shā Hé,130582,County City,Xingtai,Xíng Tái,130500,Prefecture City,Hebei,Hé Běi,130000,Province,2010,465887,1161785,0.40100965324909515,40.1
邹平县,371626,邹平县,371626,县,滨州市,371600,地级市,山东省,370000,省,,,Zouping,Zōu Píng,371626,Zouping,ZōuPíng,371626,County,Binzhou,Bīn Zhōu,371600,Prefecture City,Shandong,Shān Dōng,370000,Province,2010,1306212,1740492,0.7504843458056687,75.05
乳山市,371083,乳山市,371083,县级市,威海市,371000,地级市,山东省,370000,省,,,Rushan,Rǔ Shān,371083,Rushan,RǔShān,371083,County City,Weihai,Wēi Hǎi,371000,Prefecture City,Shandong,Shān Dōng,370000,Province,2010,1569535,2262706,0.6936539700694655,69.37
寒亭区,370703,寒亭区,370703,市辖区,潍坊市,370700,地级市,山东省,370000,省,,,Hanting,Hán Tíng,370703,Hanting,HánTíng,370703,District,Weifang,Wéi Fāng,370700,Prefecture City,Shandong,Shān Dōng,370000,Province,2010,794938,1613945,0.49254342620101677,49.25
桥东区,130502,桥东区,130502,市辖区,邢台市,130500,地级市,河北省,130000,省,,,Qiaodong,Qiáo Dōng,130502,Qiaodong,QiáoDōng,130502,District,Xingtai,Xíng Tái,130500,Prefecture City,Hebei,Hé Běi,130000,Province,2010,139989,225234,0.6215269453102107,62.15
桓台县,370321,桓台县,370321,县,淄博市,370300,地级市,山东省,370000,省,,,Huantai,Huán Tái,370321,Huantai,Huán Tái,370321,County,Zibo,Zī Bó,370300,Prefecture City,Shandong,Shān Dōng,370000,Province,2010,522626,701786,0.7447085008820352,74.47
寿光市,370783,寿光市,370783,县级市,潍坊市,370700,地级市,山东省,370000,省,,,Shouguang,Shòu Guāng,370783,Shouguang,ShòuGuāng,370783,County City,Weifang,Wéi Fāng,370700,Prefecture City,Shandong,Shān Dōng,370000,Province,2010,1791348,2703983,0.6624849342617909,66.25
夏津县,371427,夏津县,371427,县,德州市,371400,地级市,山东省,370000,省,,,Xiajin,Xià Jīn,371427,Xiajin,XiàJīn,371427,County,Dezhou,Dé Zhōu,371400,Prefecture City,Shandong,Shān Dōng,370000,Province,2010,1044996,1229109,0.8502061249246405,85.02
南和县,130527,南和县,130527,县,邢台市,130500,地级市,河北省,130000,省,,,Nanhe,Nán Hé,130527,Nanhe,Nán Hé,130527,County,Xingtai,Xíng Tái,130500,Prefecture City,Hebei,Hé Běi,130000,Province,2010,482535,566719,0.8514537186859802,85.15
介休市,140781,介休市,140781,县级市,晋中市,140700,地级市,山西省,140000,省,,,Jiexiu,Jiè Xiū,140781,Jiexiu,JièXiū,140781,County City,Jinzhong,Jìn Zhōng,140700,Prefecture City,Shanxi,Shān Xī,140000,Province,2010,456296,1028616,0.4436018883626154,44.36
济阳县,370125,济阳县,370125,县,济南市,370100,地级市,山东省,370000,省,,,Jiyang,Jǐ Yáng,370125,Jiyang,Jǐ Yáng,370125,County,Jinan,Jǐ Nán,370100,Prefecture City,Shandong,Shān Dōng,370000,Province,2010,1248111,1531635,0.8148880118304949,81.49
石楼县,141126,石楼县,141126,县,吕梁市,141100,地级市,山西省,140000,省,,,Shilou,Shí Lóu,141126,Shilou,Shí Lóu,141126,County,Lüliang,Lǚ Liáng,141100,Prefecture City,Shanxi,Shān Xī,140000,Province,2010,518947,2411931,0.21515831091353774,21.52
桥西区,130503,桥西区,130503,市辖区,邢台市,130500,地级市,河北省,130000,省,,,Qiaoxi,Qiáo Xī,130503,Qiaoxi,QiáoXī,130503,District,Xingtai,Xíng Tái,130500,Prefecture City,Hebei,Hé Běi,130000,Province,2010,78074,183181,0.426212325514109,42.62
清河县,130534,清河县,130534,县,邢台市,130500,地级市,河北省,130000,省,,,Qinghe,Qīng Hé,130534,Qinghe,QīngHé,130534,County,Xingtai,Xíng Tái,130500,Prefecture City,Hebei,Hé Běi,130000,Province,2010,552843,695395,0.7950057161756987,79.5
平乡县,130532,平乡县,130532,县,邢台市,130500,地级市,河北省,130000,省,,,Pingxiang,Píng Xiāng,130532,Pingxiang,PíngXiāng,130532,County,Xingtai,Xíng Tái,130500,Prefecture City,Hebei,Hé Běi,130000,Province,2010,467592,562515,0.8312524999333352,83.13
威县,130533,威县,130533,县,邢台市,130500,地级市,河北省,130000,省,,,Weixian,Wēi Xiàn,130533,Weixian,WēiXiàn,130533,County,Xingtai,Xíng Tái,130500,Prefecture City,Hebei,Hé Běi,130000,Province,2010,1234999,1412833,0.8741294972583454,87.41
广宗县,130531,广宗县,130531,县,邢台市,130500,地级市,河北省,130000,省,,,Guangzong,Guǎng Zōng,130531,Guangzong,Guǎng Zōng,130531,County,Xingtai,Xíng Tái,130500,Prefecture City,Hebei,Hé Běi,130000,Province,2010,590660,698889,0.8451413600729157,84.51
孝义市,141181,孝义市,141181,县级市,吕梁市,141100,地级市,山西省,140000,省,,,Xiaoyi,Xiào Yì,141181,Xiaoyi,XiàoYì,141181,County City,Lüliang,Lǚ Liáng,141100,Prefecture City,Shanxi,Shān Xī,140000,Province,2010,451200,1315495,0.342988760884686,34.3
荣成市,371082,荣成市,371082,县级市,威海市,371000,地级市,山东省,370000,省,,,Rongcheng,Róng Chéng,371082,Rongcheng,RóngChéng,371082,County City,Weihai,Wēi Hǎi,371000,Prefecture City,Shandong,Shān Dōng,370000,Province,2010,1326497,2037735,0.6509663916063668,65.1
文登市,371081,文登市,371081,县级市,威海市,371000,地级市,山东省,370000,省,,,Wendeng,Wén Dēng,371081,Wendeng,WénDēng,371081,County City,Weihai,Wēi Hǎi,371000,Prefecture City,Shandong,Shān Dōng,370000,Province,2010,1406629,2154827,0.6527804784328394,65.28
榆社县,140721,榆社县,140721,县,晋中市,140700,地级市,山西省,140000,省,,,Yushe,Yú Shè,140721,Yushe,YúShè,140721,County,Jinzhong,Jìn Zhōng,140700,Prefecture City,Shanxi,Shān Xī,140000,Province,2010,474994,2371173,0.20032026343079987,20.03
平遥县,140728,平遥县,140728,县,晋中市,140700,地级市,山西省,140000,省,,,Pingyao,Píng Yáo,140728,Pingyao,PíngYáo,140728,County,Jinzhong,Jìn Zhōng,140700,Prefecture City,Shanxi,Shān Xī,140000,Province,2010,864061,1741360,0.4961989479487297,49.62
平原县,371426,平原县,371426,县,德州市,371400,地级市,山东省,370000,省,,,Pingyuan,Píng Yuán,371426,Pingyuan,PíngYuán,371426,County,Dezhou,Dé Zhōu,371400,Prefecture City,Shandong,Shān Dōng,370000,Province,2010,1217207,1461708,0.8327292455127837,83.27
邢台县,130521,邢台县,130521,县,邢台市,130500,地级市,河北省,130000,省,,,Xingtai,Xíng Tái,130521,Xingtai,Xíng Tái,130521,County,Xingtai,Xíng Tái,130500,Prefecture City,Hebei,Hé Běi,130000,Province,2010,746369,2739275,0.2724695402980716,27.25
和田市,653201,和田市,653201,县级市,和田地区,653200,地区,新疆维吾尔自治区,650000,自治区,,,Hetian,Hé Tián,653201,Hetian,Hé Tián,653201,County City,Hetian,Hé Tián,653200,Prefecture,Xinjiang,Xīn Jiāng,650000,Autonomous Region,2010,296279,650128,0.4557241035611449,45.57
广饶县,370523,广饶县,370523,县,东营市,370500,地级市,山东省,370000,省,,,Guangrao,Guǎng Ráo,370523,Guangrao,Guǎng Ráo,370523,County,Dongying,Dōng Yíng,370500,Prefecture City,Shandong,Shān Dōng,370000,Province,2010,1219046,1603951,0.760026958429528,76.0
高青县,370322,高青县,370322,县,淄博市,370300,地级市,山东省,370000,省,,,Gaoqing,Gāo Qīng,370322,Gaoqing,GāoQīng,370322,County,Zibo,Zī Bó,370300,Prefecture City,Shandong,Shān Dōng,370000,Province,2010,1015936,1166814,0.870692329711505,87.07
任县,130526,任县,130526,县,邢台市,130500,地级市,河北省,130000,省,,,Renxian,Rén Xiàn,130526,Renxian,Rén Xiàn,130526,County,Xingtai,Xíng Tái,130500,Prefecture City,Hebei,Hé Běi,130000,Province,2010,519007,605088,0.8577380480194616,85.77
清涧县,610830,清涧县,610830,县,榆林市,610800,地级市,陕西省,610000,省,,,Qingjian,Qīng Jiàn,610830,Qingjian,QīngJiàn,610830,County,Yulin,Yú Lín,610800,Prefecture City,Shanxi,Shǎn Xī,610000,Province,2010,805294,2590834,0.31082423651997776,31.08
博兴县,371625,博兴县,371625,县,滨州市,371600,地级市,山东省,370000,省,,,Boxing,Bó Xīng,371625,Boxing,Bó Xīng,371625,County,Binzhou,Bīn Zhōu,371600,Prefecture City,Shandong,Shān Dōng,370000,Province,2010,1015675,1254321,0.8097408876994007,80.97
莱州市,370683,莱州市,370683,县级市,烟台市,370600,地级市,山东省,370000,省,,,Laizhou,Lái Zhōu,370683,Laizhou,LáiZhōu,370683,County City,Yantai,Yān Tái,370600,Prefecture City,Shandong,Shān Dōng,370000,Province,2010,1801269,2601728,0.6923356323182132,69.23
临邑县,371424,临邑县,371424,县,德州市,371400,地级市,山东省,370000,省,,,Linyi,Lín Yì,371424,Linyi,LínYì,371424,County,Dezhou,Dé Zhōu,371400,Prefecture City,Shandong,Shān Dōng,370000,Province,2010,1153766,1423421,0.8105585065837865,81.06
武城县,371428,武城县,371428,县,德州市,371400,地级市,山东省,370000,省,,,Wucheng,Wǔ Chéng,371428,Wucheng,WǔChéng,371428,County,Dezhou,Dé Zhōu,371400,Prefecture City,Shandong,Shān Dōng,370000,Province,2010,864332,1046226,0.8261427263325515,82.61
牟平区,370612,牟平区,370612,市辖区,烟台市,370600,地级市,山东省,370000,省,,,Muping,Mù Píng,370612,Muping,Mù Píng,370612,District,Yantai,Yān Tái,370600,Prefecture City,Shandong,Shān Dōng,370000,Province,2010,1204949,2107301,0.5717972895186781,57.18
巨鹿县,130529,巨鹿县,130529,县,邢台市,130500,地级市,河北省,130000,省,,,Julu,Jù Lù,130529,Julu,JùLù,130529,County,Xingtai,Xíng Tái,130500,Prefecture City,Hebei,Hé Běi,130000,Province,2010,744295,886637,0.8394585382744009,83.95
南宫市,130581,南宫市,130581,县级市,邢台市,130500,地级市,河北省,130000,省,,,Nangong,Nán Gōng,130581,Nangong,Nán Gōng,130581,County City,Xingtai,Xíng Tái,130500,Prefecture City,Hebei,Hé Běi,130000,Province,2010,1041950,1209730,0.8613078951501575,86.13
祁县,140727,祁县,140727,县,晋中市,140700,地级市,山西省,140000,省,,,Qixian,Qí Xiàn,140727,Qixian,QíXiàn,140727,County,Jinzhong,Jìn Zhōng,140700,Prefecture City,Shanxi,Shān Xī,140000,Province,2010,529881,1194057,0.4437652473876875,44.38
栖霞市,370686,栖霞市,370686,县级市,烟台市,370600,地级市,山东省,370000,省,,,Qixia,Qī Xiá,370686,Qixia,Qī Xiá,370686,County City,Yantai,Yān Tái,370600,Prefecture City,Shandong,Shān Dōng,370000,Province,2010,1759914,2822973,0.6234257288326881,62.34
汾阳市,141182,汾阳市,141182,县级市,吕梁市,141100,地级市,山西省,140000,省,,,Fenyang,Fén Yáng,141182,Fenyang,FénYáng,141182,County City,Lüliang,Lǚ Liáng,141100,Prefecture City,Shanxi,Shān Xī,140000,Province,2010,855781,1639637,0.5219332083869783,52.19
内丘县,130523,内丘县,130523,县,邢台市,130500,地级市,河北省,130000,省,,,Neiqiu,Nèi Qiū,130523,Neiqiu,NèiQiū,130523,County,Xingtai,Xíng Tái,130500,Prefecture City,Hebei,Hé Běi,130000,Province,2010,562233,1103458,0.5095191661123486,50.95
中宁县,640521,中宁县,640521,县,中卫市,640500,地级市,宁夏回族自治区,640000,自治区,,,Zhongning,Zhōng Níng,640521,Zhongning,Zhōng Níng,640521,County,Zhongwei,Zhōng Wèi,640500,Prefecture City,Ningxia,Níng Xià Huí Zú,640000,Autonomous Region,2010,884348,4591042,0.19262468084587334,19.26
商河县,370126,商河县,370126,县,济南市,370100,地级市,山东省,370000,省,,,Shanghe,Shāng Hé,370126,Shanghe,ShāngHé,370126,County,Jinan,Jǐ Nán,370100,Prefecture City,Shandong,Shān Dōng,370000,Province,2010,1351813,1626630,0.8310513146812736,83.11
招远市,370685,招远市,370685,县级市,烟台市,370600,地级市,山东省,370000,省,,,Zhaoyuan,Zhāo Yuǎn,370685,Zhaoyuan,ZhāoYuǎn,370685,County City,Yantai,Yān Tái,370600,Prefecture City,Shandong,Shān Dōng,370000,Province,2010,1563022,2004649,0.7796985906260897,77.97
故城县,131126,故城县,131126,县,衡水市,131100,地级市,河北省,130000,省,,,Gucheng,Gù Chéng,131126,Gucheng,GùChéng,131126,County,Hengshui,Héng Shuǐ,131100,Prefecture City,Hebei,Hé Běi,130000,Province,2010,1108551,1314417,0.8433784712157557,84.34
隆尧县,130525,隆尧县,130525,县,邢台市,130500,地级市,河北省,130000,省,,,Longyao,Lóng Yáo,130525,Longyao,Lóng Yáo,130525,County,Xingtai,Xíng Tái,130500,Prefecture City,Hebei,Hé Běi,130000,Province,2010,889601,1044390,0.8517900401191126,85.18
惠民县,371621,惠民县,371621,县,滨州市,371600,地级市,山东省,370000,省,,,Huimin,Huì Mín,371621,Huimin,HuìMín,371621,County,Binzhou,Bīn Zhōu,371600,Prefecture City,Shandong,Shān Dōng,370000,Province,2010,1667848,1910173,0.8731397627335326,87.31
环翠区,371002,环翠区,371002,市辖区,威海市,371000,地级市,山东省,370000,省,,,Huancui,Huán Cuì,371002,Huancui,HuánCuì,371002,District,Weihai,Wēi Hǎi,371000,Prefecture City,Shandong,Shān Dōng,370000,Province,2010,711472,1363245,0.5218959174616449,52.19
定边县,610825,定边县,610825,县,榆林市,610800,地级市,陕西省,610000,省,,,Dingbian,Dìng Biān,610825,Dingbian,Dìng Biān,610825,County,Yulin,Yú Lín,610800,Prefecture City,Shanxi,Shǎn Xī,610000,Province,2010,3208378,9559253,0.3356306188360116,33.56
莱山区,370613,莱山区,370613,市辖区,烟台市,370600,地级市,山东省,370000,省,,,Laishan,Lái Shān,370613,Laishan,LáiShān,370613,District,Yantai,Yān Tái,370600,Prefecture City,Shandong,Shān Dōng,370000,Province,2010,242037,455622,0.5312232508526805,53.12
柳林县,141125,柳林县,141125,县,吕梁市,141100,地级市,山西省,140000,省,,,Liulin,Liǔ Lín,141125,Liulin,LiǔLín,141125,County,Lüliang,Lǚ Liáng,141100,Prefecture City,Shanxi,Shān Xī,140000,Province,2010,525797,1804253,0.2914208816612748,29.14
太谷县,140726,太谷县,140726,县,晋中市,140700,地级市,山西省,140000,省,,,Taigu,Tài Gǔ,140726,Taigu,Tài Gǔ,140726,County,Jinzhong,Jìn Zhōng,140700,Prefecture City,Shanxi,Shān Xī,140000,Province,2010,527013,1465051,0.35972331338635993,35.97
东营区,370502,东营区,370502,市辖区,东营市,370500,地级市,山东省,370000,省,,,Dongying,Dōng Yíng,370502,Dongying,DōngYíng,370502,District,Dongying,Dōng Yíng,370500,Prefecture City,Shandong,Shān Dōng,370000,Province,2010,763287,1528114,0.4994961108922502,49.95
陵县,371421,陵县,371421,县,德州市,371400,地级市,山东省,370000,省,,,Lingxian,LíngXiàn,371421,Lingxian,LíngXiàn,371421,County,Dezhou,Dé Zhōu,371400,Prefecture City,Shandong,Shān Dōng,370000,Province,2010,1423587,1696144,0.8393078653699214,83.93
滨城区,371602,滨城区,371602,市辖区,滨州市,371600,地级市,山东省,370000,省,,,Bincheng,Bīn Chéng,371602,Bincheng,BīnChéng,371602,District,Binzhou,Bīn Zhōu,371600,Prefecture City,Shandong,Shān Dōng,370000,Province,2010,1147914,1462312,0.7849993708592968,78.5
德城区,371402,德城区,371402,市辖区,德州市,371400,地级市,山东省,370000,省,,,Decheng,Dé Chéng,371402,Decheng,DéChéng,371402,District,Dezhou,Dé Zhōu,371400,Prefecture City,Shandong,Shān Dōng,370000,Province,2010,499175,756607,0.6597546678790971,65.98
文水县,141121,文水县,141121,县,吕梁市,141100,地级市,山西省,140000,省,,,Wenshui,Wén Shuǐ,141121,Wenshui,WénShuǐ,141121,County,Lüliang,Lǚ Liáng,141100,Prefecture City,Shanxi,Shān Xī,140000,Province,2010,657563,1503548,0.43734087638040153,43.73
枣强县,131121,枣强县,131121,县,衡水市,131100,地级市,河北省,130000,省,,,Zaoqiang,Zǎo Qiáng,131121,Zaoqiang,Zǎo Qiáng,131121,County,Hengshui,Héng Shuǐ,131100,Prefecture City,Hebei,Hé Běi,130000,Province,2010,1083235,1281885,0.8450329007672295,84.5
临城县,130522,临城县,130522,县,邢台市,130500,地级市,河北省,130000,省,,,Lincheng,Lín Chéng,130522,Lincheng,LínChéng,130522,County,Xingtai,Xíng Tái,130500,Prefecture City,Hebei,Hé Běi,130000,Province,2010,676753,1098155,0.6162636421998716,61.63
福山区,370611,福山区,370611,市辖区,烟台市,370600,地级市,山东省,370000,省,,,Fushan,Fú Shān,370611,Fushan,FúShān,370611,District,Yantai,Yān Tái,370600,Prefecture City,Shandong,Shān Dōng,370000,Province,2010,514275,987789,0.5206324427585244,52.06
靖边县,610824,靖边县,610824,县,榆林市,610800,地级市,陕西省,610000,省,,,Jingbian,Jìng Biān,610824,Jingbian,Jìng Biān,610824,County,Yulin,Yú Lín,610800,Prefecture City,Shanxi,Shǎn Xī,610000,Province,2010,1625777,6926739,0.2347103016296702,23.47
新河县,130530,新河县,130530,县,邢台市,130500,地级市,河北省,130000,省,,,Xinhe,Xīn Hé,130530,Xinhe,XīnHé,130530,County,Xingtai,Xíng Tái,130500,Prefecture City,Hebei,Hé Běi,130000,Province,2010,436183,506086,0.8618752544034018,86.19
柏乡县,130524,柏乡县,130524,县,邢台市,130500,地级市,河北省,130000,省,,,Baixiang,Bǎi Xiāng,130524,Baixiang,Bǎi Xiāng,130524,County,Xingtai,Xíng Tái,130500,Prefecture City,Hebei,Hé Běi,130000,Province,2010,312500,365084,0.8559673938052612,85.6
绥德县,610826,绥德县,610826,县,榆林市,610800,地级市,陕西省,610000,省,,,Suide,Suí Dé,610826,Suide,SuíDé,610826,County,Yulin,Yú Lín,610800,Prefecture City,Shanxi,Shǎn Xī,610000,Province,2010,1160241,2599783,0.44628378599290786,44.63
芝罘区,370602,芝罘区,370602,市辖区,烟台市,370600,地级市,山东省,370000,省,,,Zhifu,Zhī Fú,370602,Zhifu,ZhīFú,370602,District,Yantai,Yān Tái,370600,Prefecture City,Shandong,Shān Dōng,370000,Province,2010,53530,242136,0.2210741071133578,22.11
子洲县,610831,子洲县,610831,县,榆林市,610800,地级市,陕西省,610000,省,,,Zizhou,Zǐ Zhōu,610831,Zizhou,Zǐ Zhōu,610831,County,Yulin,Yú Lín,610800,Prefecture City,Shanxi,Shǎn Xī,610000,Province,2010,980233,2845646,0.34446765339047797,34.45
离石区,141102,离石区,141102,市辖区,吕梁市,141100,地级市,山西省,140000,省,离石市,2003年撤销离石市，设立离石区,Lishi,Lí Shí,141102,Lishi,Lí Shí,141102,District,Lüliang,Lǚ Liáng,141100,Prefecture City,Shanxi,Shān Xī,140000,Province,2010,283812,1855632,0.15294627383015597,15.29
冀州市,131181,冀州市,131181,县级市,衡水市,131100,地级市,河北省,130000,省,,,Jizhou,Jì Zhōu,131181,Jizhou,JìZhōu,131181,County City,Hengshui,Héng Shuǐ,131100,Prefecture City,Hebei,Hé Běi,130000,Province,2010,1081372,1287397,0.8399677799466676,84.0
昔阳县,140724,昔阳县,140724,县,晋中市,140700,地级市,山西省,140000,省,,,Xiyang,Xī Yáng,140724,Xiyang,XīYáng,140724,County,Jinzhong,Jìn Zhōng,140700,Prefecture City,Shanxi,Shān Xī,140000,Province,2010,418751,2729720,0.15340437847105198,15.34
清徐县,140121,清徐县,140121,县,太原市,140100,地级市,山西省,140000,省,,,Qingxu,Qīng Xú,140121,Qingxu,QīngXú,140121,County,Taiyuan,Tài Yuán,140100,Prefecture City,Shanxi,Shān Xī,140000,Province,2010,453268,852029,0.5319865873109952,53.2
吴堡县,610829,吴堡县,610829,县,榆林市,610800,地级市,陕西省,610000,省,,,Wubu,Wú Bǔ,610829,Wubu,Wú Bǔ,610829,County,Yulin,Yú Lín,610800,Prefecture City,Shanxi,Shǎn Xī,610000,Province,2010,252812,589044,0.42919034910804627,42.92
阳信县,371622,阳信县,371622,县,滨州市,371600,地级市,山东省,370000,省,,,Yangxin,Yáng Xìn,371622,Yangxin,YángXìn,371622,County,Binzhou,Bīn Zhōu,371600,Prefecture City,Shandong,Shān Dōng,370000,Province,2010,967586,1122615,0.8619036802465672,86.19
龙口市,370681,龙口市,370681,县级市,烟台市,370600,地级市,山东省,370000,省,,,Longkou,Lóng Kǒu,370681,Longkou,LóngKǒu,370681,County City,Yantai,Yān Tái,370600,Prefecture City,Shandong,Shān Dōng,370000,Province,2010,732478,1317175,0.5560977091123047,55.61
宁晋县,130528,宁晋县,130528,县,邢台市,130500,地级市,河北省,130000,省,,,Ningjin,Níng Jìn,130528,Ningjin,Níng Jìn,130528,County,Xingtai,Xíng Tái,130500,Prefecture City,Hebei,Hé Běi,130000,Province,2010,1345266,1560805,0.8619052347987096,86.19
高邑县,130127,高邑县,130127,县,石家庄市,130100,地级市,河北省,130000,省,,,Gaoyi,Gāo Yì,130127,Gaoyi,GāoYì,130127,County,Shijiazhuang,Shí Jiā Zhuāng,130100,Prefecture City,Hebei,Hé Běi,130000,Province,2010,246361,311968,0.7896995845727767,78.97
赞皇县,130129,赞皇县,130129,县,石家庄市,130100,地级市,河北省,130000,省,,,Zanhuang,Zàn Huáng,130129,Zanhuang,ZànHuáng,130129,County,Shijiazhuang,Shí Jiā Zhuāng,130100,Prefecture City,Hebei,Hé Běi,130000,Province,2010,543365,1176570,0.46182122610639403,46.18
榆次区,140702,榆次区,140702,市辖区,晋中市,140700,地级市,山西省,140000,省,,,Yuci,Yú Cì,140702,Yuci,YúCì,140702,District,Jinzhong,Jìn Zhōng,140700,Prefecture City,Shanxi,Shān Xī,140000,Province,2010,824967,1856758,0.4443050736821923,44.43
蓬莱市,370684,蓬莱市,370684,县级市,烟台市,370600,地级市,山东省,370000,省,,,Penglai,Péng Lái,370684,Penglai,PéngLái,370684,County City,Yantai,Yān Tái,370600,Prefecture City,Shandong,Shān Dōng,370000,Province,2010,1100428,1583290,0.6950261796638645,69.5
吴桥县,130928,吴桥县,130928,县,沧州市,130900,地级市,河北省,130000,省,,,Wuqiao,Wú Qiáo,130928,Wuqiao,WúQiáo,130928,County,Cangzhou,Cāng Zhōu,130900,Prefecture City,Hebei,Hé Běi,130000,Province,2010,725114,818872,0.8855034730702723,88.55
景县,131127,景县,131127,县,衡水市,131100,地级市,河北省,130000,省,,,Jingxian,Jǐng Xiàn,131127,Jingxian,JǐngXiàn,131127,County,Hengshui,Héng Shuǐ,131100,Prefecture City,Hebei,Hé Běi,130000,Province,2010,1436038,1667577,0.8611524385380706,86.12
垦利县,370521,垦利县,370521,县,东营市,370500,地级市,山东省,370000,省,,,Kenli,Kěn Lì,370521,Kenli,KěnLì,370521,County,Dongying,Dōng Yíng,370500,Prefecture City,Shandong,Shān Dōng,370000,Province,2010,1715755,2638919,0.6501734232843069,65.02
乐陵市,371481,乐陵市,371481,县级市,德州市,371400,地级市,山东省,370000,省,,,Leling,Lè Líng,371481,Leling,Lè Líng,371481,County City,Dezhou,Dé Zhōu,371400,Prefecture City,Shandong,Shān Dōng,370000,Province,2010,1375748,1649514,0.8340323270975573,83.4
宁津县,371422,宁津县,371422,县,德州市,371400,地级市,山东省,370000,省,,,Ningjin,Níng Jīn,371422,Ningjin,Níng Jīn,371422,County,Dezhou,Dé Zhōu,371400,Prefecture City,Shandong,Shān Dōng,370000,Province,2010,1007232,1171507,0.8597746321618224,85.98
利津县,370522,利津县,370522,县,东营市,370500,地级市,山东省,370000,省,,,Lijin,Lì Jīn,370522,Lijin,LìJīn,370522,County,Dongying,Dōng Yíng,370500,Prefecture City,Shandong,Shān Dōng,370000,Province,2010,1318378,1641643,0.8030844708624226,80.31
小店区,140105,小店区,140105,市辖区,太原市,140100,地级市,山西省,140000,省,,,Xiaodian,Xiǎo Diàn,140105,Xiaodian,XiǎoDiàn,140105,District,Taiyuan,Tài Yuán,140100,Prefecture City,Shanxi,Shān Xī,140000,Province,2010,211471,408131,0.5181449093550845,51.81
桃城区,131102,桃城区,131102,市辖区,衡水市,131100,地级市,河北省,130000,省,,,Taocheng,Táo Chéng,131102,Taocheng,TáoChéng,131102,District,Hengshui,Héng Shuǐ,131100,Prefecture City,Hebei,Hé Běi,130000,Province,2010,591933,831110,0.712219802432891,71.22
晋源区,140110,晋源区,140110,市辖区,太原市,140100,地级市,山西省,140000,省,,,Jinyuan,Jìn Yuán,140110,Jinyuan,JìnYuán,140110,District,Taiyuan,Tài Yuán,140100,Prefecture City,Shanxi,Shān Xī,140000,Province,2010,77325,407956,0.18954249968133818,18.95
赵县,130133,赵县,130133,县,石家庄市,130100,地级市,河北省,130000,省,,,Zhaoxian,Zhào Xiàn,130133,Zhaoxian,ZhàoXiàn,130133,County,Shijiazhuang,Shí Jiā Zhuāng,130100,Prefecture City,Hebei,Hé Běi,130000,Province,2010,810963,949375,0.85420724160632,85.42
利通区,640302,利通区,640302,市辖区,吴忠市,640300,地级市,宁夏回族自治区,640000,自治区,,,Litong,Lì Tōng,640302,Litong,Lì Tōng,640302,District,Wuzhong,Wú Zhōng,640300,Prefecture City,Ningxia,Níng Xià Huí Zú,640000,Autonomous Region,2010,607937,1550179,0.39217212979920385,39.22
庆云县,371423,庆云县,371423,县,德州市,371400,地级市,山东省,370000,省,,,Qingyun,Qìng Yún,371423,Qingyun,QìngYún,371423,County,Dezhou,Dé Zhōu,371400,Prefecture City,Shandong,Shān Dōng,370000,Province,2010,584906,705650,0.8288896761850776,82.89
元氏县,130132,元氏县,130132,县,石家庄市,130100,地级市,河北省,130000,省,,,Yuanshi,Yuán Shì,130132,Yuanshi,Yuán Shì,130132,County,Shijiazhuang,Shí Jiā Zhuāng,130100,Prefecture City,Hebei,Hé Běi,130000,Province,2010,656159,949817,0.6908267592599416,69.08
沾化县,371624,沾化区,371624,县,滨州市,371600,地级市,山东省,370000,省,,,Zhanhua,Zhān Huà,371624,Zhanhua,Zhān Huà,371624,County,Binzhou,Bīn Zhōu,371600,Prefecture City,Shandong,Shān Dōng,370000,Province,2010,1609243,2417748,0.6655958354634147,66.56
寿阳县,140725,寿阳县,140725,县,晋中市,140700,地级市,山西省,140000,省,,,Shouyang,Shòu Yáng,140725,Shouyang,ShòuYáng,140725,County,Jinzhong,Jìn Zhōng,140700,Prefecture City,Shanxi,Shān Xī,140000,Province,2010,982494,2978771,0.32983200118438105,32.98
武邑县,131122,武邑县,131122,县,衡水市,131100,地级市,河北省,130000,省,,,Wuyi,Wǔ Yì,131122,Wuyi,WǔYì,131122,County,Hengshui,Héng Shuǐ,131100,Prefecture City,Hebei,Hé Běi,130000,Province,2010,982605,1171983,0.8384123319194903,83.84
米脂县,610827,米脂县,610827,县,榆林市,610800,地级市,陕西省,610000,省,,,Mizhi,Mǐ Zhī,610827,Mizhi,MǐZhī,610827,County,Yulin,Yú Lín,610800,Prefecture City,Shanxi,Shǎn Xī,610000,Province,2010,762264,1643876,0.4636992084561123,46.37
平定县,140321,平定县,140321,县,阳泉市,140300,地级市,山西省,140000,省,,,Pingding,Píng Dìng,140321,Pingding,PíngDìng,140321,County,Yangquan,Yáng Quán,140300,Prefecture City,Shanxi,Shān Xī,140000,Province,2010,338070,1969190,0.1716797261818311,17.17
横山县,610823,横山县,610823,县,榆林市,610800,地级市,陕西省,610000,省,,,Hengshan,Héng Shān,610823,Hengshan,Héng Shān,610823,County,Yulin,Yú Lín,610800,Prefecture City,Shanxi,Shǎn Xī,610000,Province,2010,1550936,6075200,0.2552897023966289,25.53
方山县,141128,方山县,141128,县,吕梁市,141100,地级市,山西省,140000,省,,,Fangshan,Fāng Shān,141128,Fangshan,FāngShān,141128,County,Lüliang,Lǚ Liáng,141100,Prefecture City,Shanxi,Shān Xī,140000,Province,2010,342046,2014765,0.1697696753715694,16.98
东光县,130923,东光县,130923,县,沧州市,130900,地级市,河北省,130000,省,,,Dongguang,Dōng Guāng,130923,Dongguang,DōngGuāng,130923,County,Cangzhou,Cāng Zhōu,130900,Prefecture City,Hebei,Hé Běi,130000,Province,2010,854422,1001203,0.8533953653754534,85.34
栾城县,130124,栾城县,130124,县,石家庄市,130100,地级市,河北省,130000,省,,,Luancheng,Luán Chéng,130124,Luancheng,LuánChéng,130124,County,Shijiazhuang,Shí Jiā Zhuāng,130100,Prefecture City,Hebei,Hé Běi,130000,Province,2010,373893,494031,0.7568209282413452,75.68
阜城县,131128,阜城县,131128,县,衡水市,131100,地级市,河北省,130000,省,,,Fucheng,Fù Chéng,131128,Fucheng,FùChéng,131128,County,Hengshui,Héng Shuǐ,131100,Prefecture City,Hebei,Hé Běi,130000,Province,2010,839467,976699,0.8594940713566821,85.95
凉州区,620602,凉州区,620602,市辖区,武威市,620600,地级市,甘肃省,620000,省,,,Liangzhou,Liáng Zhōu,620602,Liangzhou,Liáng Zhōu,620602,District,Wuwei,Wǔ Wēi,620600,Prefecture City,Gansu,Gān Sù,620000,Province,2010,2343857,6918348,0.33878853737915465,33.88
辛集市,130181,辛集市,130181,县级市,石家庄市,130100,地级市,河北省,130000,省,,,Xinji,Xīn Jí,130181,Xinji,XīnJí,130181,County City,Shijiazhuang,Shí Jiā Zhuāng,130100,Prefecture City,Hebei,Hé Běi,130000,Province,2010,1137288,1342793,0.8469570514591601,84.7
青铜峡市,640381,青铜峡市,640381,县级市,吴忠市,640300,地级市,宁夏回族自治区,640000,自治区,,,Qingtongxia,Qīng Tóng Xiá,640381,Qingtongxia,QīngTóngXiá,640381,County City,Wuzhong,Wú Zhōng,640300,Prefecture City,Ningxia,Níng Xià Huí Zú,640000,Autonomous Region,2010,939218,2695364,0.3484568318045355,34.85
深州市,131182,深州市,131182,县级市,衡水市,131100,地级市,河北省,130000,省,,,Shenzhou,Shēn Zhōu,131182,Shenzhou,ShēnZhōu,131182,County City,Hengshui,Héng Shuǐ,131100,Prefecture City,Hebei,Hé Běi,130000,Province,2010,1505161,1767026,0.8518046706726443,85.18
临县,141124,临县,141124,县,吕梁市,141100,地级市,山西省,140000,省,,,Linxian,Lín Xiàn,141124,Linxian,LínXiàn,141124,County,Lüliang,Lǚ Liáng,141100,Prefecture City,Shanxi,Shān Xī,140000,Province,2010,2053934,4201948,0.48880519225844776,48.88
盐山县,130925,盐山县,130925,县,沧州市,130900,地级市,河北省,130000,省,,,Yanshan,Yán Shān,130925,Yanshan,YánShān,130925,County,Cangzhou,Cāng Zhōu,130900,Prefecture City,Hebei,Hé Běi,130000,Province,2010,962088,1123112,0.8566269437064158,85.66
河口区,370503,河口区,370503,市辖区,东营市,370500,地级市,山东省,370000,省,,,Hekou,Hé Kǒu,370503,Hekou,HéKǒu,370503,District,Dongying,Dōng Yíng,370500,Prefecture City,Shandong,Shān Dōng,370000,Province,2010,1485192,2555289,0.5812227110123356,58.12
无棣县,371623,无棣县,371623,县,滨州市,371600,地级市,山东省,370000,省,,,Wudi,Wú Dì,371623,Wudi,Wú Dì,371623,County,Binzhou,Bīn Zhōu,371600,Prefecture City,Shandong,Shān Dōng,370000,Province,2010,1668783,2748748,0.6071065808870074,60.71
尖草坪区,140108,尖草坪区,140108,市辖区,太原市,140100,地级市,山西省,140000,省,,,Jiancaoping,Jiān Cǎo Píng,140108,Jiancaoping,JiānCǎoPíng,140108,District,Taiyuan,Tài Yuán,140100,Prefecture City,Shanxi,Shān Xī,140000,Province,2010,115264,411980,0.279780571872421,27.98
晋州市,130183,晋州市,130183,县级市,石家庄市,130100,地级市,河北省,130000,省,,,Jinzhou,Jìn Zhōu,130183,Jinzhou,JìnZhōu,130183,County City,Shijiazhuang,Shí Jiā Zhuāng,130100,Prefecture City,Hebei,Hé Běi,130000,Province,2010,669719,850504,0.7874378015858832,78.74
井陉县,130121,井陉县,130121,县,石家庄市,130100,地级市,河北省,130000,省,,,Jingxing,Jǐng Xíng,130121,Jingxing,JǐngXíng,130121,County,Shijiazhuang,Shí Jiā Zhuāng,130100,Prefecture City,Hebei,Hé Běi,130000,Province,2010,398626,1942578,0.20520463013582982,20.52
裕华区,130108,裕华区,130108,市辖区,石家庄市,130100,地级市,河北省,130000,省,郊区,2001年撤销郊区，设立裕华区,Yuhua,Yù Huá,130108,Yuhua,Yù Huá,130108,District,Shijiazhuang,Shí Jiā Zhuāng,130100,Prefecture City,Hebei,Hé Běi,130000,Province,2010,42297,151324,0.27951283339060556,27.95
南皮县,130927,南皮县,130927,县,沧州市,130900,地级市,河北省,130000,省,,,Nanpi,Nán Pí,130927,Nanpi,Nán Pí,130927,County,Cangzhou,Cāng Zhōu,130900,Prefecture City,Hebei,Hé Běi,130000,Province,2010,957510,1117992,0.856455144580641,85.65
武强县,131123,武强县,131123,县,衡水市,131100,地级市,河北省,130000,省,,,Wuqiang,Wǔ Qiáng,131123,Wuqiang,Wǔ Qiáng,131123,County,Hengshui,Héng Shuǐ,131100,Prefecture City,Hebei,Hé Běi,130000,Province,2010,518409,627332,0.8263710443592867,82.64
藁城市,130182,藁城市,130182,县级市,石家庄市,130100,地级市,河北省,130000,省,,,Gaocheng,Gǎo Chéng,130182,Gaocheng,GǎoChéng,130182,County City,Shijiazhuang,Shí Jiā Zhuāng,130100,Prefecture City,Hebei,Hé Běi,130000,Province,2010,883086,1148905,0.76863274161049,76.86
桥东区,130103,桥东区,130103,市辖区,石家庄市,130100,地级市,河北省,130000,省,,,Qiaodong,Qiáo Dōng,130103,Qiaodong,Qiáo Dōng,130103,District,Shijiazhuang,Shí Jiā Zhuāng,130100,Prefecture City,Hebei,Hé Běi,130000,Province,2010,8637,51619,0.1673221100757473,16.73
长岛县,370634,长岛县,370634,县,烟台市,370600,地级市,山东省,370000,省,蓬莱市、长岛县,,Changdao,Cháng Dǎo,370634,Changdao,Cháng Dǎo,370634,County,Yantai,Yān Tái,370600,Prefecture City,Shandong,Shān Dōng,370000,Province,2010,13135,70353,0.18670134891191562,18.67
佳县,610828,佳县,610828,县,榆林市,610800,地级市,陕西省,610000,省,,,Jiaxian,Jiā Xiàn,610828,Jiaxian,JiāXiàn,610828,County,Yulin,Yú Lín,610800,Prefecture City,Shanxi,Shǎn Xī,610000,Province,2010,1281693,2885777,0.44414138722430735,44.41
井陉矿区,130107,井陉矿区,130107,市辖区,石家庄市,130100,地级市,河北省,130000,省,,,Jingxingkuang,Jǐng Xíng Kuàng,130107,Jingxingkuang,JǐngXíngKuàng,130107,District,Shijiazhuang,Shí Jiā Zhuāng,130100,Prefecture City,Hebei,Hé Běi,130000,Province,2010,26098,100119,0.2606698029345079,26.07
鹿泉市,130185,鹿泉市,130185,县级市,石家庄市,130100,地级市,河北省,130000,省,,,Luquan,Lù Quán,130185,Luquan,LùQuán,130185,County City,Shijiazhuang,Shí Jiā Zhuāng,130100,Prefecture City,Hebei,Hé Běi,130000,Province,2010,473729,872296,0.5430828526096646,54.31
长安区,130102,长安区,130102,市辖区,石家庄市,130100,地级市,河北省,130000,省,,,Changan,Cháng Ān,130102,Changan,Cháng Ān,130102,District,Shijiazhuang,Shí Jiā Zhuāng,130100,Prefecture City,Hebei,Hé Běi,130000,Province,2010,68340,168648,0.40522271239504765,40.52
泊头市,130981,泊头市,130981,县级市,沧州市,130900,地级市,河北省,130000,省,,,Botou,Bó Tóu,130981,Botou,Bó Tóu,130981,County City,Cangzhou,Cāng Zhōu,130900,Prefecture City,Hebei,Hé Běi,130000,Province,2010,1181316,1430696,0.8256932290297869,82.57
孟村回族自治县,130930,孟村回族自治县,130930,自治县,沧州市,130900,地级市,河北省,130000,省,,,Mengcunhuizu,Mèng Cūn Huí Zú,130930,Mengcunhuizu,MèngCūnHuíZú,130930,Autonomous County,Cangzhou,Cāng Zhōu,130900,Prefecture City,Hebei,Hé Běi,130000,Province,2010,453825,548759,0.8270023817377027,82.7
新华区,130105,新华区,130105,市辖区,石家庄市,130100,地级市,河北省,130000,省,,,Xinhua,Xīn Huá,130105,Xinhua,Xīn Huá,130105,District,Shijiazhuang,Shí Jiā Zhuāng,130100,Prefecture City,Hebei,Hé Běi,130000,Province,2010,38757,128137,0.3024653300764026,30.25
泽普县,653124,泽普县,653124,县,喀什地区,653100,地区,新疆维吾尔自治区,650000,自治区,,,Zepu,Zé Pǔ,653124,Zepu,ZéPǔ,653124,County,Kashi,Kā Shí,653100,Prefecture,Xinjiang,Xīn Jiāng,650000,Autonomous Region,2010,877823,1422815,0.6169621489793121,61.7
海兴县,130924,海兴县,130924,县,沧州市,130900,地级市,河北省,130000,省,,,Haixing,Hǎi Xīng,130924,Haixing,Hǎi Xīng,130924,County,Cangzhou,Cāng Zhōu,130900,Prefecture City,Hebei,Hé Běi,130000,Province,2010,804284,1226124,0.6559564937967123,65.6
阳曲县,140122,阳曲县,140122,县,太原市,140100,地级市,山西省,140000,省,,,Yangqu,Yáng Qū,140122,Yangqu,Yáng Qū,140122,County,Taiyuan,Tài Yuán,140100,Prefecture City,Shanxi,Shān Xī,140000,Province,2010,559272,2950240,0.18956830630728347,18.96
无极县,130130,无极县,130130,县,石家庄市,130100,地级市,河北省,130000,省,,,Wuji,Wú Jí,130130,Wuji,Wú Jí,130130,County,Shijiazhuang,Shí Jiā Zhuāng,130100,Prefecture City,Hebei,Hé Běi,130000,Province,2010,572711,708896,0.8078914255405588,80.79
深泽县,130128,深泽县,130128,县,石家庄市,130100,地级市,河北省,130000,省,,,Shenze,Shēn Zé,130128,Shenze,ShēnZé,130128,County,Shijiazhuang,Shí Jiā Zhuāng,130100,Prefecture City,Hebei,Hé Běi,130000,Province,2010,334918,419294,0.7987664979703979,79.88
饶阳县,131124,饶阳县,131124,县,衡水市,131100,地级市,河北省,130000,省,,,Raoyang,Ráo Yáng,131124,Raoyang,RáoYáng,131124,County,Hengshui,Héng Shuǐ,131100,Prefecture City,Hebei,Hé Běi,130000,Province,2010,696883,810402,0.8599226063114356,85.99
正定县,130123,正定县,130123,县,石家庄市,130100,地级市,河北省,130000,省,,,Zhengding,Zhèng Dìng,130123,Zhengding,Zhèng Dìng,130123,County,Shijiazhuang,Shí Jiā Zhuāng,130100,Prefecture City,Hebei,Hé Běi,130000,Province,2010,481091,682219,0.7051855782380732,70.52
献县,130929,献县,130929,县,沧州市,130900,地级市,河北省,130000,省,,,Xianxian,Xiàn Xiàn,130929,Xianxian,XiànXiàn,130929,County,Cangzhou,Cāng Zhōu,130900,Prefecture City,Hebei,Hé Běi,130000,Province,2010,1365098,1658280,0.8232011481776298,82.32
安平县,131125,安平县,131125,县,衡水市,131100,地级市,河北省,130000,省,,,Anping,Ān Píng,131125,Anping,ĀnPíng,131125,County,Hengshui,Héng Shuǐ,131100,Prefecture City,Hebei,Hé Běi,130000,Province,2010,587464,700795,0.8382822366027155,83.83
永昌县,620321,永昌县,620321,县,金昌市,620300,地级市,甘肃省,620000,省,,,Yongchang,Yǒng Chāng,620321,Yongchang,YǒngChāng,620321,County,Jinchang,Jīn Chāng,620300,Prefecture City,Gansu,Gān Sù,620000,Province,2010,1388383,6463010,0.21481987494990723,21.48
沧县,130921,沧县,130921,县,沧州市,130900,地级市,河北省,130000,省,,,Cangxian,Cāng Xiàn,130921,Cangxian,CāngXiàn,130921,County,Cangzhou,Cāng Zhōu,130900,Prefecture City,Hebei,Hé Běi,130000,Province,2010,1823798,2180018,0.8365976794687017,83.66
永宁县,640121,永宁县,640121,县,银川市,640100,地级市,宁夏回族自治区,640000,自治区,,,Yongning,Yǒng Níng,640121,Yongning,Yǒng Níng,640121,County,Yinchuan,Yín Chuān,640100,Prefecture City,Ningxia,Níng Xià Huí Zú,640000,Autonomous Region,2010,711387,1310950,0.542649986650902,54.26
新华区,130902,新华区,130902,市辖区,沧州市,130900,地级市,河北省,130000,省,,,Xinhua,Xīn Huá,130902,Xinhua,Xīn Huá,130902,District,Cangzhou,Cāng Zhōu,130900,Prefecture City,Hebei,Hé Běi,130000,Province,2010,47201,105063,0.44926377506829235,44.93
运河区,130903,运河区,130903,市辖区,沧州市,130900,地级市,河北省,130000,省,,,Yunhe,Yùn Hé,130903,Yunhe,YùnHé,130903,District,Cangzhou,Cāng Zhōu,130900,Prefecture City,Hebei,Hé Běi,130000,Province,2010,101103,169328,0.5970837664178399,59.71
莎车县,653125,莎车县,653125,县,喀什地区,653100,地区,新疆维吾尔自治区,650000,自治区,,,Shache,Shā Chē,653125,Shache,Shā Chē,653125,County,Kashi,Kā Shí,653100,Prefecture,Xinjiang,Xīn Jiāng,650000,Autonomous Region,2010,2757246,12673168,0.21756564735826117,21.76
岚县,141127,岚县,141127,县,吕梁市,141100,地级市,山西省,140000,省,,,Lanxian,Lán Xiàn,141127,Lanxian,LánXiàn,141127,County,Lüliang,Lǚ Liáng,141100,Prefecture City,Shanxi,Shān Xī,140000,Province,2010,493573,2150178,0.22954983261850878,22.95
新乐市,130184,新乐市,130184,县级市,石家庄市,130100,地级市,河北省,130000,省,,,Xinle,Xīn Lè,130184,Xinle,Xīn Lè,130184,County City,Shijiazhuang,Shí Jiā Zhuāng,130100,Prefecture City,Hebei,Hé Běi,130000,Province,2010,565257,737983,0.7659485381099564,76.59
安国市,130683,安国市,130683,县级市,保定市,130600,地级市,河北省,130000,省,,,Anguo,Ān Guó,130683,Anguo,ĀnGuó,130683,County City,Baoding,Bǎo Dìng,130600,Prefecture City,Hebei,Hé Běi,130000,Province,2010,581501,690530,0.8421082357030107,84.21
兴县,141123,兴县,141123,县,吕梁市,141100,地级市,山西省,140000,省,,,Xingxian,Xīng Xiàn,141123,Xingxian,Xīng Xiàn,141123,County,Lüliang,Lǚ Liáng,141100,Prefecture City,Shanxi,Shān Xī,140000,Province,2010,798815,4489301,0.17793750073786543,17.79
黄骅市,130983,黄骅市,130983,县级市,沧州市,130900,地级市,河北省,130000,省,,,Huanghua,Huáng Huá,130983,Huanghua,HuángHuá,130983,County City,Cangzhou,Cāng Zhōu,130900,Prefecture City,Hebei,Hé Běi,130000,Province,2010,1991666,3097459,0.6429999557701974,64.3
平山县,130131,平山县,130131,县,石家庄市,130100,地级市,河北省,130000,省,,,Pingshan,Píng Shān,130131,Pingshan,PíngShān,130131,County,Shijiazhuang,Shí Jiā Zhuāng,130100,Prefecture City,Hebei,Hé Běi,130000,Province,2010,623205,3758864,0.16579610222663016,16.58
肃宁县,130926,肃宁县,130926,县,沧州市,130900,地级市,河北省,130000,省,,,Suning,Sù Níng,130926,Suning,Sù Níng,130926,County,Cangzhou,Cāng Zhōu,130900,Prefecture City,Hebei,Hé Běi,130000,Province,2010,602505,733007,0.8219635010306859,82.2
忻府区,140902,忻府区,140902,市辖区,忻州市,140900,地级市,山西省,140000,省,,,Xinfu,Xīn Fǔ,140902,Xinfu,XīnFǔ,140902,District,Xinzhou,Xīn Zhōu,140900,Prefecture City,Shanxi,Shān Xī,140000,Province,2010,1098878,2825959,0.38885135983926167,38.89
博野县,130637,博野县,130637,县,保定市,130600,地级市,河北省,130000,省,,,Boye,Bó Yě,130637,Boye,BóYě,130637,County,Baoding,Bǎo Dìng,130600,Prefecture City,Hebei,Hé Běi,130000,Province,2010,388191,469347,0.8270874214600286,82.71
定州市,130682,定州市,130682,县级市,保定市,130600,地级市,河北省,130000,省,,,Dingzhou,Dìng Zhōu,130682,Dingzhou,DìngZhōu,130682,County City,Baoding,Bǎo Dìng,130600,Prefecture City,Hebei,Hé Běi,130000,Province,2010,1457525,1818803,0.8013649636601655,80.14
金凤区,640106,金凤区,640106,市辖区,银川市,640100,地级市,宁夏回族自治区,640000,自治区,新城区,2002年撤销新城区，设立金凤区,Jinfeng,Jīn Fèng,640106,Jinfeng,JīnFèng,640106,District,Yinchuan,Yín Chuān,640100,Prefecture City,Ningxia,Níng Xià Huí Zú,640000,Autonomous Region,2010,207666,382597,0.5427800008886635,54.28
兴庆区,640104,兴庆区,640104,市辖区,银川市,640100,地级市,宁夏回族自治区,640000,自治区,郊区,2002年撤销郊区，设立兴庆区,Xingqing,Xīng Qìng,640104,Xingqing,Xīng Qìng,640104,District,Yinchuan,Yín Chuān,640100,Prefecture City,Ningxia,Níng Xià Huí Zú,640000,Autonomous Region,2010,348425,918254,0.37944294280231833,37.94
民乐县,620722,民乐县,620722,县,张掖市,620700,地级市,甘肃省,620000,省,,,Minyue,Mín Yuè,620722,Minyue,Mín Yuè,620722,County,Zhangye,Zhāng Yè,620700,Prefecture City,Gansu,Gān Sù,620000,Province,2010,1207253,3461575,0.34875829644020423,34.88
河间市,130984,河间市,130984,县级市,沧州市,130900,地级市,河北省,130000,省,,,Hejian,Hé Jiān,130984,Hejian,Hé Jiān,130984,County City,Cangzhou,Cāng Zhōu,130900,Prefecture City,Hebei,Hé Běi,130000,Province,2010,1561819,1883800,0.8290789892769933,82.91
灵寿县,130126,灵寿县,130126,县,石家庄市,130100,地级市,河北省,130000,省,,,Lingshou,Líng Shòu,130126,Lingshou,LíngShòu,130126,County,Shijiazhuang,Shí Jiā Zhuāng,130100,Prefecture City,Hebei,Hé Běi,130000,Province,2010,623139,1499394,0.415593899935574,41.56
定襄县,140921,定襄县,140921,县,忻州市,140900,地级市,山西省,140000,省,,,Dingxiang,Dìng Xiāng,140921,Dingxiang,DìngXiāng,140921,County,Xinzhou,Xīn Zhōu,140900,Prefecture City,Shanxi,Shān Xī,140000,Province,2010,583708,1210468,0.48221679548736524,48.22
山丹县,620725,山丹县,620725,县,张掖市,620700,地级市,甘肃省,620000,省,,,Shandan,Shān Dān,620725,Shandan,ShānDān,620725,County,Zhangye,Zhāng Yè,620700,Prefecture City,Gansu,Gān Sù,620000,Province,2010,1132653,6673188,0.16973191823758,16.97
蠡县,130635,蠡县,130635,县,保定市,130600,地级市,河北省,130000,省,,,Lixian,Lǐ Xiàn,130635,Lixian,Lǐ Xiàn,130635,County,Baoding,Bǎo Dìng,130600,Prefecture City,Hebei,Hé Běi,130000,Province,2010,723830,925582,0.7820268760628448,78.2
行唐县,130125,行唐县,130125,县,石家庄市,130100,地级市,河北省,130000,省,,,Xingtang,Xíng Táng,130125,Xingtang,Xíng Táng,130125,County,Shijiazhuang,Shí Jiā Zhuāng,130100,Prefecture City,Hebei,Hé Běi,130000,Province,2010,815781,1366767,0.5968691079020784,59.69
西夏区,640105,西夏区,640105,市辖区,银川市,640100,地级市,宁夏回族自治区,640000,自治区,城区,2002年撤销城区，设立西夏区,Xixia,Xī Xià,640105,Xixia,XīXià,640105,District,Yinchuan,Yín Chuān,640100,Prefecture City,Ningxia,Níng Xià Huí Zú,640000,Autonomous Region,2010,455242,1256738,0.3622409762416669,36.22
青县,130922,青县,130922,县,沧州市,130900,地级市,河北省,130000,省,,,Qingxian,Qīng Xiàn,130922,Qingxian,QīngXiàn,130922,County,Cangzhou,Cāng Zhōu,130900,Prefecture City,Hebei,Hé Běi,130000,Province,2010,1177104,1410042,0.8348006655120911,83.48
大城县,131025,大城县,131025,县,廊坊市,131000,地级市,河北省,130000,省,,,Dacheng,Dà Chéng,131025,Dacheng,Dà Chéng,131025,County,Langfang,Láng Fáng,131000,Prefecture City,Hebei,Hé Běi,130000,Province,2010,1059672,1276735,0.8299858623755125,83.0
高阳县,130628,高阳县,130628,县,保定市,130600,地级市,河北省,130000,省,,,Gaoyang,Gāo Yáng,130628,Gaoyang,GāoYáng,130628,County,Baoding,Bǎo Dìng,130600,Prefecture City,Hebei,Hé Běi,130000,Province,2010,574864,709986,0.8096835712253481,80.97
望都县,130631,望都县,130631,县,保定市,130600,地级市,河北省,130000,省,,,Wangdu,Wàng Dū,130631,Wangdu,Wàng Dū,130631,County,Baoding,Bǎo Dìng,130600,Prefecture City,Hebei,Hé Běi,130000,Province,2010,432081,515376,0.8383801341156748,83.84
贺兰县,640122,贺兰县,640122,县,银川市,640100,地级市,宁夏回族自治区,640000,自治区,,,Helan,Hè Lán,640122,Helan,HèLán,640122,County,Yinchuan,Yín Chuān,640100,Prefecture City,Ningxia,Níng Xià Huí Zú,640000,Autonomous Region,2010,923643,1717635,0.5377411382511418,53.77
曲阳县,130634,曲阳县,130634,县,保定市,130600,地级市,河北省,130000,省,,,Quyang,Qū Yáng,130634,Quyang,Qū Yáng,130634,County,Baoding,Bǎo Dìng,130600,Prefecture City,Hebei,Hé Běi,130000,Province,2010,658326,1532241,0.42964912177653514,42.96
清苑县,130622,清苑县,130622,县,保定市,130600,地级市,河北省,130000,省,,,Qingyuan,Qīng Yuàn,130622,Qingyuan,QīngYuàn,130622,County,Baoding,Bǎo Dìng,130600,Prefecture City,Hebei,Hé Běi,130000,Province,2010,970650,1227724,0.7906092900358712,79.06
任丘市,130982,任丘市,130982,县级市,沧州市,130900,地级市,河北省,130000,省,,,Renqiu,Rén Qiū,130982,Renqiu,Rén Qiū,130982,County City,Cangzhou,Cāng Zhōu,130900,Prefecture City,Hebei,Hé Běi,130000,Province,2010,1114431,1483001,0.7514701608427776,75.15
南市区,130604,南市区,130604,市辖区,保定市,130600,地级市,河北省,130000,省,,,Nanshi,Nán Shì,130604,Nanshi,Nán Shì,130604,District,Baoding,Bǎo Dìng,130600,Prefecture City,Hebei,Hé Běi,130000,Province,2010,53861,137791,0.39088910015893635,39.09
原平市,140981,原平市,140981,县级市,忻州市,140900,地级市,山西省,140000,省,,,Yuanping,Yuán Píng,140981,Yuanping,YuánPíng,140981,County City,Xinzhou,Xīn Zhōu,140900,Prefecture City,Shanxi,Shān Xī,140000,Province,2010,1281925,3645386,0.351656861577896,35.17
静海县,120223,静海县,120223,县,不统计,0,不统计,天津市,120000,直辖市,,,Jinghai,Jìng Hǎi,120223,Jinghai,JìngHǎi,120223,County,NULL,NULL,0,NULL,Tianjin,Tiān Jīn,120000,Municipality,2010,1521334,2105665,0.7224957436249356,72.25
安新县,130632,安新县,130632,县,保定市,130600,地级市,河北省,130000,省,,,Anxin,Ān Xīn,130632,Anxin,ĀnXīn,130632,County,Baoding,Bǎo Dìng,130600,Prefecture City,Hebei,Hé Běi,130000,Province,2010,726710,1037625,0.7003589928924226,70.04
平罗县,640221,平罗县,640221,县,石嘴山市,640200,地级市,宁夏回族自治区,640000,自治区,,,Pingluo,Píng Luó,640221,Pingluo,PíngLuó,640221,County,Shizuishan,Shí Zuǐ Shān,640200,Prefecture City,Ningxia,Níng Xià Huí Zú,640000,Autonomous Region,2010,1454933,2951250,0.4929887335874629,49.3
新市区,130602,新市区,130602,市辖区,保定市,130600,地级市,河北省,130000,省,,,Xinshi,Xīn Shì,130602,Xinshi,Xīn Shì,130602,District,Baoding,Bǎo Dìng,130600,Prefecture City,Hebei,Hé Běi,130000,Province,2010,103372,216423,0.47763869828992295,47.76
北市区,130603,北市区,130603,市辖区,保定市,130600,地级市,河北省,130000,省,,,Beishi,Běi Shì,130603,Beishi,Běi Shì,130603,District,Baoding,Bǎo Dìng,130600,Prefecture City,Hebei,Hé Běi,130000,Province,2010,48789,116187,0.4199178909860828,41.99
唐县,130627,唐县,130627,县,保定市,130600,地级市,河北省,130000,省,,,Tangxian,Táng Xiàn,130627,Tangxian,TángXiàn,130627,County,Baoding,Bǎo Dìng,130600,Prefecture City,Hebei,Hé Běi,130000,Province,2010,545517,2024203,0.2694971798777099,26.95
文安县,131026,文安县,131026,县,廊坊市,131000,地级市,河北省,130000,省,,,Wenan,Wén Ān,131026,Wenan,WénĀn,131026,County,Langfang,Láng Fáng,131000,Prefecture City,Hebei,Hé Běi,130000,Province,2010,1162373,1475322,0.7878774938623568,78.79
滨海新区,120116,滨海新区,120116,市辖区,不统计,0,不统计,天津市,120000,直辖市,塘沽区、汉沽区、大港区,2009年塘沽区、汉沽区、大港区合并为 滨海新区,Binhaixin,Bīn Hǎi Xīn,120116,Binhaixin,BīnHǎiXīn,120116,District,NULL,NULL,0,NULL,Tianjin,Tiān Jīn,120000,Municipality,2010,778179,3357348,0.23178383652811685,23.18
顺平县,130636,顺平县,130636,县,保定市,130600,地级市,河北省,130000,省,,,Shunping,Shùn Píng,130636,Shunping,ShùnPíng,130636,County,Baoding,Bǎo Dìng,130600,Prefecture City,Hebei,Hé Běi,130000,Province,2010,456527,1014029,0.45021099002099546,45.02
津南区,120112,津南区,120112,市辖区,不统计,0,不统计,天津市,120000,直辖市,,,Jinnan,Jīn Nán,120112,Jinnan,Jīn Nán,120112,District,NULL,NULL,0,NULL,Tianjin,Tiān Jīn,120000,Municipality,2010,185531,554578,0.334544464439628,33.45
满城县,130621,满城县,130621,县,保定市,130600,地级市,河北省,130000,省,,,Mancheng,Mǎn Chéng,130621,Mancheng,MǎnChéng,130621,County,Baoding,Bǎo Dìng,130600,Prefecture City,Hebei,Hé Běi,130000,Province,2010,481198,944186,0.509643227076021,50.96
五寨县,140928,五寨县,140928,县,忻州市,140900,地级市,山西省,140000,省,,,Wuzhai,Wǔ Zhài,140928,Wuzhai,WǔZhài,140928,County,Xinzhou,Xīn Zhōu,140900,Prefecture City,Shanxi,Shān Xī,140000,Province,2010,748575,1979215,0.3782181319361464,37.82
甘州区,620702,甘州区,620702,市辖区,张掖市,620700,地级市,甘肃省,620000,省,张掖市,2002年撤销张掖市，设立甘州区,Ganzhou,Gān Zhōu,620702,Ganzhou,GānZhōu,620702,District,Zhangye,Zhāng Yè,620700,Prefecture City,Gansu,Gān Sù,620000,Province,2010,1506688,5242444,0.28740183013876736,28.74
西青区,120111,西青区,120111,市辖区,不统计,0,不统计,天津市,120000,直辖市,,,Xiqing,Xī Qīng,120111,Xiqing,XīQīng,120111,District,NULL,NULL,0,NULL,Tianjin,Tiān Jīn,120000,Municipality,2010,285233,811580,0.35145395401562385,35.15
徐水县,130625,徐水县,130625,县,保定市,130600,地级市,河北省,130000,省,,,Xushui,Xú Shuǐ,130625,Xushui,XúShuǐ,130625,County,Baoding,Bǎo Dìng,130600,Prefecture City,Hebei,Hé Běi,130000,Province,2010,775441,1035680,0.748726440599413,74.87
雄县,130638,雄县,130638,县,保定市,130600,地级市,河北省,130000,省,,,Xiongxian,Xióng Xiàn,130638,Xiongxian,XióngXiàn,130638,County,Baoding,Bǎo Dìng,130600,Prefecture City,Hebei,Hé Běi,130000,Province,2010,601938,741359,0.8119386154346275,81.19
容城县,130629,容城县,130629,县,保定市,130600,地级市,河北省,130000,省,,,Rongcheng,Róng Chéng,130629,Rongcheng,RóngChéng,130629,County,Baoding,Bǎo Dìng,130600,Prefecture City,Hebei,Hé Běi,130000,Province,2010,340318,443885,0.7666805591538349,76.67
代县,140923,代县,140923,县,忻州市,140900,地级市,山西省,140000,省,,,Daixian,Dài Xiàn,140923,Daixian,DàiXiàn,140923,County,Xinzhou,Xīn Zhōu,140900,Prefecture City,Shanxi,Shān Xī,140000,Province,2010,560564,2475786,0.22641859999208333,22.64
霸州市,131081,霸州市,131081,县级市,廊坊市,131000,地级市,河北省,130000,省,,,Bazhou,Bà Zhōu,131081,Bazhou,BàZhōu,131081,County City,Langfang,Láng Fáng,131000,Prefecture City,Hebei,Hé Běi,130000,Province,2010,837594,1150059,0.7283052434701176,72.83
岳普湖县,653128,岳普湖县,653128,县,喀什地区,653100,地区,新疆维吾尔自治区,650000,自治区,,,Yuepuhu,Yuè Pǔ Hú,653128,Yuepuhu,YuèPǔHú,653128,County,Kashi,Kā Shí,653100,Prefecture,Xinjiang,Xīn Jiāng,650000,Autonomous Region,2010,749734,4485034,0.1671635042231564,16.72
东丽区,120110,东丽区,120110,市辖区,不统计,0,不统计,天津市,120000,直辖市,,,Dongli,Dōng Lì,120110,Dongli,Dōng Lì,120110,District,NULL,NULL,0,NULL,Tianjin,Tiān Jīn,120000,Municipality,2010,209280,685563,0.3052673496090075,30.53
神池县,140927,神池县,140927,县,忻州市,140900,地级市,山西省,140000,省,,,Shenchi,Shén Chí,140927,Shenchi,ShénChí,140927,County,Xinzhou,Xīn Zhōu,140900,Prefecture City,Shanxi,Shān Xī,140000,Province,2010,776989,2118287,0.3668006271104907,36.68
金州区,210213,金州区,210213,市辖区,大连市,210200,地级市,辽宁省,210000,省,,,Jinzhou,Jīn Zhōu,210213,Jinzhou,JīnZhōu,210213,District,Dalian,Dà Lián,210200,Prefecture City,Liaoning,Liáo Níng,210000,Province,2010,770833,1671410,0.4611872610550374,46.12
长海县,210224,长海县,210224,县,大连市,210200,地级市,辽宁省,210000,省,,,Changhai,Cháng Hǎi,210224,Changhai,Cháng Hǎi,210224,County,Dalian,Dà Lián,210200,Prefecture City,Liaoning,Liáo Níng,210000,Province,2010,48480,154177,0.3144437886325457,31.44
惠农区,640205,惠农区,640205,市辖区,石嘴山市,640200,地级市,宁夏回族自治区,640000,自治区,惠农县和石嘴山区,2003年撤销惠农县和石嘴山区，设立惠农区,Huinong,Huì Nóng,640205,Huinong,HuìNóng,640205,District,Shizuishan,Shí Zuǐ Shān,640200,Prefecture City,Ningxia,Níng Xià Huí Zú,640000,Autonomous Region,2010,512958,1539671,0.33316078564836255,33.32
唐海县,130230,唐海县,130230,县,唐山市,130200,地级市,河北省,130000,省,,,Tanghai,Táng Hǎi,130230,Tanghai,Táng Hǎi,130230,County,Tangshan,Táng Shān,130200,Prefecture City,Hebei,Hé Běi,130000,Province,2010,581700,1905116,0.3053357380862898,30.53
疏勒县,653122,疏勒县,653122,县,喀什地区,653100,地区,新疆维吾尔自治区,650000,自治区,,,Shule,Shū Lè,653122,Shule,Shū Lè,653122,County,Kashi,Kā Shí,653100,Prefecture,Xinjiang,Xīn Jiāng,650000,Autonomous Region,2010,1588654,3105264,0.5116003019389012,51.16
繁峙县,140924,繁峙县,140924,县,忻州市,140900,地级市,山西省,140000,省,,,Fanshi,Fán Shì,140924,Fanshi,Fán Shì,140924,County,Xinzhou,Xīn Zhōu,140900,Prefecture City,Shanxi,Shān Xī,140000,Province,2010,851487,3398311,0.25056182321158954,25.06
河曲县,140930,河曲县,140930,县,忻州市,140900,地级市,山西省,140000,省,,,Hequ,Hé Qū,140930,Hequ,Hé Qū,140930,County,Xinzhou,Xīn Zhōu,140900,Prefecture City,Shanxi,Shān Xī,140000,Province,2010,427770,1891169,0.2261934285090333,22.62
定兴县,130626,定兴县,130626,县,保定市,130600,地级市,河北省,130000,省,,,Dingxing,Dìng Xīng,130626,Dingxing,Dìng Xīng,130626,County,Baoding,Bǎo Dìng,130600,Prefecture City,Hebei,Hé Běi,130000,Province,2010,822784,1027092,0.8010811105529008,80.11
北辰区,120113,北辰区,120113,市辖区,不统计,0,不统计,天津市,120000,直辖市,,,Beichen,Běi Chén,120113,Beichen,BěiChén,120113,District,NULL,NULL,0,NULL,Tianjin,Tiān Jīn,120000,Municipality,2010,338903,683887,0.49555409007628454,49.56
高碑店市,130684,高碑店市,130684,县级市,保定市,130600,地级市,河北省,130000,省,,,Gaobeidian,Gāo Bēi Diàn,130684,Gaobeidian,GāoBēiDiàn,130684,County City,Baoding,Bǎo Dìng,130600,Prefecture City,Hebei,Hé Běi,130000,Province,2010,763114,969713,0.7869483032608617,78.69
朔城区,140602,朔城区,140602,市辖区,朔州市,140600,地级市,山西省,140000,省,,,Shuocheng,Shuò Chéng,140602,Shuocheng,ShuòChéng,140602,District,Shuozhou,Shuò Zhōu,140600,Prefecture City,Shanxi,Shān Xī,140000,Province,2010,1276857,2560392,0.49869590281488146,49.87
永清县,131023,永清县,131023,县,廊坊市,131000,地级市,河北省,130000,省,,,Yongqing,Yǒng Qīng,131023,Yongqing,YǒngQīng,131023,County,Langfang,Láng Fáng,131000,Prefecture City,Hebei,Hé Běi,130000,Province,2010,933267,1093627,0.8533686531148189,85.34
易县,130633,易县,130633,县,保定市,130600,地级市,河北省,130000,省,,,Yixian,Yì Xiàn,130633,Yixian,YìXiàn,130633,County,Baoding,Bǎo Dìng,130600,Prefecture City,Hebei,Hé Běi,130000,Province,2010,820631,3648489,0.2249235231351938,22.49
乐亭县,130225,乐亭县,130225,县,唐山市,130200,地级市,河北省,130000,省,,,Leting,Lè Tíng,130225,Leting,Lè Tíng,130225,County,Tangshan,Táng Shān,130200,Prefecture City,Hebei,Hé Běi,130000,Province,2010,1356465,2091974,0.6484138904212002,64.84
安次区,131002,安次区,131002,市辖区,廊坊市,131000,地级市,河北省,130000,省,,,Anci,Ān Cì,131002,Anci,ĀnCì,131002,District,Langfang,Láng Fáng,131000,Prefecture City,Hebei,Hé Běi,130000,Province,2010,691120,833938,0.8287426643227674,82.87
临泽县,620723,临泽县,620723,县,张掖市,620700,地级市,甘肃省,620000,省,,,Linze,Lín Zé,620723,Linze,LínZé,620723,County,Zhangye,Zhāng Yè,620700,Prefecture City,Gansu,Gān Sù,620000,Province,2010,709163,3928872,0.1805004082596735,18.05
固安县,131022,固安县,131022,县,廊坊市,131000,地级市,河北省,130000,省,,,Guan,Gù Ān,131022,Guan,GùĀn,131022,County,Langfang,Láng Fáng,131000,Prefecture City,Hebei,Hé Běi,130000,Province,2010,844826,1011315,0.8353737460632938,83.54
疏附县,653121,疏附县,653121,县,喀什地区,653100,地区,新疆维吾尔自治区,650000,自治区,,,Shufu,Shū Fù,653121,Shufu,ShūFù,653121,County,Kashi,Kā Shí,653100,Prefecture,Xinjiang,Xīn Jiāng,650000,Autonomous Region,2010,1060472,3903065,0.2717023672421546,27.17
宁河县,120221,宁河县,120221,县,不统计,0,不统计,天津市,120000,直辖市,,,Ninghe,Níng Hé,120221,Ninghe,Níng Hé,120221,County,NULL,NULL,0,NULL,Tianjin,Tiān Jīn,120000,Municipality,2010,1452774,1865440,0.7787835577665323,77.88
丰南区,130207,丰南区,130207,市辖区,唐山市,130200,地级市,河北省,130000,省,丰南市,2002年撤销丰南市，设立丰南区,Fengnan,Fēng Nán,130207,Fengnan,Fēng Nán,130207,District,Tangshan,Táng Shān,130200,Prefecture City,Hebei,Hé Běi,130000,Province,2010,1560038,2131682,0.731834297986285,73.18
武清区,120114,武清区,120114,市辖区,不统计,0,不统计,天津市,120000,直辖市,武清县,2000年撤销武清县，设立武清区,Wuqing,Wǔ Qīng,120114,Wuqing,WǔQīng,120114,District,NULL,NULL,0,NULL,Tianjin,Tiān Jīn,120000,Municipality,2010,1664619,2269363,0.7335181722800628,73.35
滦南县,130224,滦南县,130224,县,唐山市,130200,地级市,河北省,130000,省,,,Luannan,Luán Nán,130224,Luannan,Luán Nán,130224,County,Tangshan,Táng Shān,130200,Prefecture City,Hebei,Hé Běi,130000,Province,2010,1342446,1644533,0.8163083379901771,81.63
偏关县,140932,偏关县,140932,县,忻州市,140900,地级市,山西省,140000,省,,,Pianguan,Piān Guān,140932,Pianguan,PiānGuān,140932,County,Xinzhou,Xīn Zhōu,140900,Prefecture City,Shanxi,Shān Xī,140000,Province,2010,395436,2408647,0.16417349657297228,16.42
涿州市,130681,涿州市,130681,县级市,保定市,130600,地级市,河北省,130000,省,,,Zhuozhou,Zhuō Zhōu,130681,Zhuozhou,ZhuōZhōu,130681,County City,Baoding,Bǎo Dìng,130600,Prefecture City,Hebei,Hé Běi,130000,Province,2010,804355,1080930,0.7441323674983579,74.41
应县,140622,应县,140622,县,朔州市,140600,地级市,山西省,140000,省,,,Yingxian,Yìng Xiàn,140622,Yingxian,Yìng Xiàn,140622,County,Shuozhou,Shuò Zhōu,140600,Prefecture City,Shanxi,Shān Xī,140000,Province,2010,1338679,2421009,0.5529425954219914,55.29
山阴县,140621,山阴县,140621,县,朔州市,140600,地级市,山西省,140000,省,,,Shanyin,Shān Yīn,140621,Shanyin,ShānYīn,140621,County,Shuozhou,Shuò Zhōu,140600,Prefecture City,Shanxi,Shān Xī,140000,Province,2010,1197152,2367003,0.5057669973379839,50.58
喀什市,653101,喀什市,653101,县级市,喀什地区,653100,地区,新疆维吾尔自治区,650000,自治区,,,Kashi,Kā Shí,653101,Kashi,Kā Shí,653101,County City,Kashi,Kā Shí,653100,Prefecture,Xinjiang,Xīn Jiāng,650000,Autonomous Region,2010,647806,1441119,0.44951596641221164,44.95
乌达区,150304,乌达区,150304,市辖区,乌海市,150300,地级市,内蒙古自治区,150000,自治区,,,Wuda,Wū Dá,150304,Wuda,Wū Dá,150304,District,Wuhai,Wū Hǎi,150300,Prefecture City,Neimenggu,Nèi Měng Gǔ,150000,Autonomous Region,2010,49446,298675,0.16555118439775676,16.56
广阳区,131003,广阳区,131003,市辖区,廊坊市,131000,地级市,河北省,130000,省,,2000年新设立广阳区,Guangyang,Guǎng Yáng,131003,Guangyang,Guǎng Yáng,131003,District,Langfang,Láng Fáng,131000,Prefecture City,Hebei,Hé Běi,130000,Province,2010,398821,553072,0.7211014117510921,72.11
普兰店市,210282,普兰店市,210282,县级市,大连市,210200,地级市,辽宁省,210000,省,,,Pulandian,Pǔ Lán Diàn,210282,Pulandian,PǔLánDiàn,210282,County City,Dalian,Dà Lián,210200,Prefecture City,Liaoning,Liáo Níng,210000,Province,2010,2673385,4689229,0.5701118456786819,57.01
路南区,130202,路南区,130202,市辖区,唐山市,130200,地级市,河北省,130000,省,,,Lunan,Lù Nán,130202,Lunan,Lù Nán,130202,District,Tangshan,Táng Shān,130200,Prefecture City,Hebei,Hé Běi,130000,Province,2010,83721,161086,0.5197285921805743,51.97
伽师县,653129,伽师县,653129,县,喀什地区,653100,地区,新疆维吾尔自治区,650000,自治区,,,Jiashi,Jiā Shī,653129,Jiashi,Jiā Shī,653129,County,Kashi,Kā Shí,653100,Prefecture,Xinjiang,Xīn Jiāng,650000,Autonomous Region,2010,1735857,9424532,0.18418495475425198,18.42
肃州区,620902,肃州区,620902,市辖区,酒泉市,620900,地级市,甘肃省,620000,省,酒泉市,2002年撤销酒泉市，设立肃州区,Suzhou,Sù Zhōu,620902,Suzhou,SùZhōu,620902,District,Jiuquan,Jiǔ Quán,620900,Prefecture City,Gansu,Gān Sù,620000,Province,2010,1339317,4835779,0.27695992724233265,27.7
宝坻区,120115,宝坻区,120115,市辖区,不统计,0,不统计,天津市,120000,直辖市,宝坻县,2001年撤销宝坻县，设立宝坻区,Baodi,Bǎo Dǐ,120115,Baodi,Bǎo Dǐ,120115,District,NULL,NULL,0,NULL,Tianjin,Tiān Jīn,120000,Municipality,2010,1670953,2177193,0.7674804208905688,76.75
涞水县,130623,涞水县,130623,县,保定市,130600,地级市,河北省,130000,省,,,Laishui,Lái Shuǐ,130623,Laishui,LáiShuǐ,130623,County,Baoding,Bǎo Dìng,130600,Prefecture City,Hebei,Hé Běi,130000,Province,2010,433890,2385660,0.18187419833505195,18.19
平鲁区,140603,平鲁区,140603,市辖区,朔州市,140600,地级市,山西省,140000,省,,,Pinglu,Píng Lǔ,140603,Pinglu,PíngLǔ,140603,District,Shuozhou,Shuò Zhōu,140600,Prefecture City,Shanxi,Shān Xī,140000,Province,2010,807778,3344938,0.2414926674276175,24.15
昌黎县,130322,昌黎县,130322,县,秦皇岛市,130300,地级市,河北省,130000,省,,,Changli,Chāng Lí,130322,Changli,ChāngLí,130322,County,Qinhuangdao,Qín Huáng Dǎo,130300,Prefecture City,Hebei,Hé Běi,130000,Province,2010,1274478,1738866,0.7329362929633451,73.29
浑源县,140225,浑源县,140225,县,大同市,140200,地级市,山西省,140000,省,,,Hunyuan,Hún Yuán,140225,Hunyuan,HúnYuán,140225,County,Datong,Dà Tóng,140200,Prefecture City,Shanxi,Shān Xī,140000,Province,2010,781486,2836691,0.27549211387493383,27.55
大兴区,110115,大兴区,110115,市辖区,不统计,0,不统计,北京市,110000,直辖市,大兴县,2001年撤销大兴县，设立大兴区,Daxing,Dà Xīng,110115,Daxing,Dà Xīng,110115,District,NULL,NULL,0,NULL,Beijing,Běi Jīng,110000,Municipality,2010,917882,1493291,0.6146705498124612,61.47
路北区,130203,路北区,130203,市辖区,唐山市,130200,地级市,河北省,130000,省,,,Lubei,Lù Běi,130203,Lubei,LùBěi,130203,District,Tangshan,Táng Shān,130200,Prefecture City,Hebei,Hé Běi,130000,Province,2010,38667,155118,0.24927474567748423,24.93
开平区,130205,开平区,130205,市辖区,唐山市,130200,地级市,河北省,130000,省,,,Kaiping,Kāi Píng,130205,Kaiping,KāiPíng,130205,District,Tangshan,Táng Shān,130200,Prefecture City,Hebei,Hé Běi,130000,Province,2010,159932,357574,0.44726965607119085,44.73
瓦房店市,210281,瓦房店市,210281,县级市,大连市,210200,地级市,辽宁省,210000,省,,,Wafangdian,Wǎ Fáng Diàn,210281,Wafangdian,Wǎ FángDiàn,210281,County City,Dalian,Dà Lián,210200,Prefecture City,Liaoning,Liáo Níng,210000,Province,2010,2831035,5232299,0.5410690405880857,54.11
古冶区,130204,古冶区,130204,市辖区,唐山市,130200,地级市,河北省,130000,省,,,Guye,Gǔ Yě,130204,Guye,GǔYě,130204,District,Tangshan,Táng Shān,130200,Prefecture City,Hebei,Hé Běi,130000,Province,2010,170644,358084,0.47654740228549725,47.65
房山区,110111,房山区,110111,市辖区,不统计,0,不统计,北京市,110000,直辖市,,,Fangshan,Fáng Shān,110111,Fangshan,FángShān,110111,District,NULL,NULL,0,NULL,Beijing,Běi Jīng,110000,Municipality,2010,596878,2888692,0.20662569772062928,20.66
香河县,131024,香河县,131024,县,廊坊市,131000,地级市,河北省,130000,省,,,Xianghe,Xiāng Hé,131024,Xianghe,XiāngHé,131024,County,Langfang,Láng Fáng,131000,Prefecture City,Hebei,Hé Běi,130000,Province,2010,489112,647841,0.7549877207524686,75.5
广灵县,140223,广灵县,140223,县,大同市,140200,地级市,山西省,140000,省,,,Guangling,Guǎng Líng,140223,Guangling,Guǎng Líng,140223,County,Datong,Dà Tóng,140200,Prefecture City,Shanxi,Shān Xī,140000,Province,2010,776340,1738733,0.44649753584937996,44.65
滦县,130223,滦县,130223,县,唐山市,130200,地级市,河北省,130000,省,,,Luanxian,Luán Xiàn,130223,Luanxian,Luán Xiàn,130223,County,Tangshan,Táng Shān,130200,Prefecture City,Hebei,Hé Běi,130000,Province,2010,1027984,1488937,0.690414705256166,69.04
怀仁县,140624,怀仁县,140624,县,朔州市,140600,地级市,山西省,140000,省,,,"Huairen
","Huái Rén
",140624,"Huairen
","Huái Rén
",140624,County,Shuozhou,Shuò Zhōu,140600,Prefecture City,Shanxi,Shān Xī,140000,Province,2010,885956,1784846,0.4963767182154651,49.64
通州区,110112,通州区,110112,市辖区,不统计,0,不统计,北京市,110000,直辖市,,,Tongzhou,Tōng Zhōu,110112,Tongzhou,Tōng Zhōu,110112,District,NULL,NULL,0,NULL,Beijing,Běi Jīng,110000,Municipality,2010,675315,1309401,0.5157434582683227,51.57
丰润区,130208,丰润区,130208,市辖区,唐山市,130200,地级市,河北省,130000,省,丰润县和新区,2002年撤销丰润县和新区，设立丰润区,Fengrun,Fēng Rùn,130208,Fengrun,FēngRùn,130208,District,Tangshan,Táng Shān,130200,Prefecture City,Hebei,Hé Běi,130000,Province,2010,1229839,1844985,0.6665848231828443,66.66
玉田县,130229,玉田县,130229,县,唐山市,130200,地级市,河北省,130000,省,,,Yutian,Yù Tián,130229,Yutian,YùTián,130229,County,Tangshan,Táng Shān,130200,Prefecture City,Hebei,Hé Běi,130000,Province,2010,1284353,1691587,0.759259204522144,75.93
北戴河区,130304,北戴河区,130304,市辖区,秦皇岛市,130300,地级市,河北省,130000,省,,,Beidaihe,Běi Dài Hé,130304,Beidaihe,BěiDàiHé,130304,District,Qinhuangdao,Qín Huáng Dǎo,130300,Prefecture City,Hebei,Hé Běi,130000,Province,2010,28830,99835,0.28877648119397004,28.88
庄河市,210283,庄河市,210283,县级市,大连市,210200,地级市,辽宁省,210000,省,,2004年新设立庄河市,Zhuanghe,Zhuāng Hé,210283,Zhuanghe,ZhuāngHé,210283,County City,Dalian,Dà Lián,210200,Prefecture City,Liaoning,Liáo Níng,210000,Province,2010,2842661,5583662,0.5091033447225136,50.91
图木舒克市,659003,图木舒克市,659003,县级市,不统计,0,不统计,新疆维吾尔自治区,650000,自治区,,2002年新设立图木舒克市,Tumushuke,Tú Mù Shū Kè,659003,Tumushuke,TúMùShūKè,659003,County City,NULL,NULL,0,NULL,Xinjiang,Xīn Jiāng,650000,Autonomous Region,2010,1110557,2768876,0.40108585577685674,40.11
蔚县,130726,蔚县,130726,县,张家口市,130700,地级市,河北省,130000,省,,,Yuxian,Yù Xiàn,130726,Yuxian,Yù Xiàn,130726,County,Zhangjiakou,Zhāng Jiā Kǒu,130700,Prefecture City,Hebei,Hé Běi,130000,Province,2010,2013409,4633026,0.43457753097003987,43.46
清水河县,150124,清水河县,150124,县,呼和浩特市,150100,地级市,内蒙古自治区,150000,自治区,,,Qingshuihe,Qīng Shuǐ Hé,150124,Qingshuihe,QīngShuǐHé,150124,County,Huhehaote,Hū Hé Hào Tè,150100,Prefecture City,Neimenggu,Nèi Měng Gǔ,150000,Autonomous Region,2010,664532,4080389,0.1628599626163094,16.29
大厂回族自治县,131028,大厂回族自治县,131028,自治县,廊坊市,131000,地级市,河北省,130000,省,,,Dachanghuizu,Dà Chǎng Huí Zú,131028,Dachanghuizu,Dà Chǎng HuíZú,131028,Autonomous County,Langfang,Láng Fáng,131000,Prefecture City,Hebei,Hé Běi,130000,Province,2010,173937,254923,0.6823119137935769,68.23
卢龙县,130324,卢龙县,130324,县,秦皇岛市,130300,地级市,河北省,130000,省,,,Lulong,Lú Lóng,130324,Lulong,LúLóng,130324,County,Qinhuangdao,Qín Huáng Dǎo,130300,Prefecture City,Hebei,Hé Běi,130000,Province,2010,1020457,1386061,0.7362280592268305,73.62
三河市,131082,三河市,131082,县级市,廊坊市,131000,地级市,河北省,130000,省,,,Sanhe,Sān Hé,131082,Sanhe,SānHé,131082,County City,Langfang,Láng Fáng,131000,Prefecture City,Hebei,Hé Běi,130000,Province,2010,593451,920461,0.6447323678026554,64.47
海港区,130302,海港区,130302,市辖区,秦皇岛市,130300,地级市,河北省,130000,省,,,Haigang,Hǎi Gǎng,130302,Haigang,HǎiGǎng,130302,District,Qinhuangdao,Qín Huáng Dǎo,130300,Prefecture City,Hebei,Hé Běi,130000,Province,2010,102168,338293,0.3020103874452028,30.2
东港市,210681,东港市,210681,县级市,丹东市,210600,地级市,辽宁省,210000,省,,,Donggang,Dōng Gǎng,210681,Donggang,DōngGǎng,210681,County City,Dandong,Dān Dōng,210600,Prefecture City,Liaoning,Liáo Níng,210000,Province,2010,1952676,3147420,0.6204052843281164,62.04
大同县,140227,大同县,140227,县,大同市,140200,地级市,山西省,140000,省,,,"Datong
","Dà Tóng
",140227,"Datong
","Dà Tóng
",140227,County,Datong,Dà Tóng,140200,Prefecture City,Shanxi,Shān Xī,140000,Province,2010,899866,2150112,0.41852052358202735,41.85
左云县,140226,左云县,140226,县,大同市,140200,地级市,山西省,140000,省,,,Zuoyun,Zuǒ Yún,140226,Zuoyun,ZuǒYún,140226,County,Datong,Dà Tóng,140200,Prefecture City,Shanxi,Shān Xī,140000,Province,2010,523599,1881430,0.2782984219450099,27.83
右玉县,140623,右玉县,140623,县,朔州市,140600,地级市,山西省,140000,省,,,Youyu,Yòu Yù,140623,Youyu,YòuYù,140623,County,Shuozhou,Shuò Zhōu,140600,Prefecture City,Shanxi,Shān Xī,140000,Province,2010,982015,2874282,0.34165575959491795,34.17
蓟县,120225,蓟县,120225,县,不统计,0,不统计,天津市,120000,直辖市,,,"Jixian
","Jì Xiàn
",120119,Jixian,"Jì Xiàn
",120119,County,NULL,NULL,0,NULL,Tianjin,Tiān Jīn,120000,Municipality,2010,1166336,2313244,0.5041992976097636,50.42
抚宁县,130323,抚宁县,130323,县,秦皇岛市,130300,地级市,河北省,130000,省,,,Funing,Fǔ Níng,130323,Funing,Fǔ Níng,130323,County,Qinhuangdao,Qín Huáng Dǎo,130300,Prefecture City,Hebei,Hé Běi,130000,Province,2010,1078052,2361920,0.45643036173960166,45.64
山海关区,130303,山海关区,130303,市辖区,秦皇岛市,130300,地级市,河北省,130000,省,,,Shanhaiguan,Shān Hǎi Guān,130303,Shanhaiguan,ShānHǎiGuān,130303,District,Qinhuangdao,Qín Huáng Dǎo,130300,Prefecture City,Hebei,Hé Běi,130000,Province,2010,74498,276840,0.269101285941338,26.91
振兴区,210603,振兴区,210603,市辖区,丹东市,210600,地级市,辽宁省,210000,省,,,Zhenxing,Zhèn Xīng,210603,Zhenxing,Zhèn Xīng,210603,District,Dandong,Dān Dōng,210600,Prefecture City,Liaoning,Liáo Níng,210000,Province,2010,79861,187450,0.4260389437183249,42.6
迁安市,130283,迁安市,130283,县级市,唐山市,130200,地级市,河北省,130000,省,,,Qianan,Qiān Ān,130283,Qianan,QiānĀn,130283,County City,Tangshan,Táng Shān,130200,Prefecture City,Hebei,Hé Běi,130000,Province,2010,889768,1779993,0.4998716287086522,49.99
南郊区,140211,南郊区,140211,市辖区,大同市,140200,地级市,山西省,140000,省,,,"Nanjiao
","Nán Jiāo
",140211,"Nanjiao
","Nán Jiāo
",140211,District,Datong,Dà Tóng,140200,Prefecture City,Shanxi,Shān Xī,140000,Province,2010,281537,1399783,0.20112903214283928,20.11
涿鹿县,130731,涿鹿县,130731,县,张家口市,130700,地级市,河北省,130000,省,,,Zhuolu,Zhuō Lù,130731,Zhuolu,ZhuōLù,130731,County,Zhangjiakou,Zhāng Jiā Kǒu,130700,Prefecture City,Hebei,Hé Běi,130000,Province,2010,865618,4066393,0.21287121043145607,21.29
遵化市,130281,遵化市,130281,县级市,唐山市,130200,地级市,河北省,130000,省,,,Zunhua,Zūn Huà,130281,Zunhua,Zūn Huà,130281,County City,Tangshan,Táng Shān,130200,Prefecture City,Hebei,Hé Běi,130000,Province,2010,1008122,2204855,0.4572282531050795,45.72
阳原县,130727,阳原县,130727,县,张家口市,130700,地级市,河北省,130000,省,,,Yangyuan,Yáng Yuán,130727,Yangyuan,YángYuán,130727,County,Zhangjiakou,Zhāng Jiā Kǒu,130700,Prefecture City,Hebei,Hé Běi,130000,Province,2010,1714249,2686793,0.6380279388847596,63.8
顺义区,110113,顺义区,110113,市辖区,不统计,0,不统计,北京市,110000,直辖市,,,Shunyi,Shùn Yì,110113,Shunyi,ShùnYì,110113,District,NULL,NULL,0,NULL,Beijing,Běi Jīng,110000,Municipality,2010,784284,1468401,0.5341075087799586,53.41
元宝区,210602,元宝区,210602,市辖区,丹东市,210600,地级市,辽宁省,210000,省,,,Yuanbao,Yuán Bǎo,210602,Yuanbao,YuánBǎo,210602,District,Dandong,Dān Dōng,210600,Prefecture City,Liaoning,Liáo Níng,210000,Province,2010,35560,132361,0.26865919719554854,26.87
平谷区,110117,平谷区,110117,市辖区,不统计,0,不统计,北京市,110000,直辖市,平谷县,2001年撤销平谷县，设立平谷区,Pinggu,Píng Gǔ,110117,Pinggu,Píng Gǔ,110117,District,NULL,NULL,0,NULL,Beijing,Běi Jīng,110000,Municipality,2010,473254,1379767,0.34299559273413555,34.3
达拉特旗,150621,达拉特旗,150621,旗,鄂尔多斯市,150600,地级市,内蒙古自治区,150000,自治区,,,Dalate,Dá Lā Tè,150621,Dalate,Dá Lā Tè,150621,Banner,Eerduosi,È Ěr Duō Sī,150600,Prefecture City,Neimenggu,Nèi Měng Gǔ,150000,Autonomous Region,2010,2023614,12009306,0.16850382528349264,16.85
昌平区,110114,昌平区,110114,市辖区,不统计,0,不统计,北京市,110000,直辖市,,,Changping,Chāng Píng,110114,Changping,ChāngPíng,110114,District,NULL,NULL,0,NULL,Beijing,Běi Jīng,110000,Municipality,2010,334171,1957267,0.1707334768327469,17.07
阳高县,140221,阳高县,140221,县,大同市,140200,地级市,山西省,140000,省,,,Yanggao,Yáng Gāo,140221,Yanggao,YángGāo,140221,County,Datong,Dà Tóng,140200,Prefecture City,Shanxi,Shān Xī,140000,Province,2010,1364125,2446902,0.557490655530953,55.75
盖州市,210881,盖州市,210881,县级市,营口市,210800,地级市,辽宁省,210000,省,,,Gaizhou,Gài Zhōu,210881,Gaizhou,Gài Zhōu,210881,County City,Yingkou,Yíng Kǒu,210800,Prefecture City,Liaoning,Liáo Níng,210000,Province,2010,1123485,4254389,0.2640766982050772,26.41
迁西县,130227,迁西县,130227,县,唐山市,130200,地级市,河北省,130000,省,,,Qianxi,Qiān Xī,130227,Qianxi,QiānXī,130227,County,Tangshan,Táng Shān,130200,Prefecture City,Hebei,Hé Běi,130000,Province,2010,356213,2122814,0.16780226623717387,16.78
振安区,210604,振安区,210604,市辖区,丹东市,210600,地级市,辽宁省,210000,省,,,Zhenan,Zhèn Ān,210604,Zhenan,ZhènĀn,210604,District,Dandong,Dān Dōng,210600,Prefecture City,Liaoning,Liáo Níng,210000,Province,2010,261625,946329,0.27646304826334184,27.65
鲅鱼圈区,210804,鲅鱼圈区,210804,市辖区,营口市,210800,地级市,辽宁省,210000,省,,2004年新设立鲅鱼圈区,Bayuquan,Bà Yú Quān,210804,Bayuquan,BàYú Quān,210804,District,Yingkou,Yíng Kǒu,210800,Prefecture City,Liaoning,Liáo Níng,210000,Province,2010,119409,393896,0.3031485468245425,30.31
新荣区,140212,新荣区,140212,市辖区,大同市,140200,地级市,山西省,140000,省,,,Xinrong,Xīn Róng,140212,Xinrong,XīnRóng,140212,District,Datong,Dà Tóng,140200,Prefecture City,Shanxi,Shān Xī,140000,Province,2010,564901,1469843,0.3843274417743936,38.43
绥中县,211421,绥中县,211421,县,葫芦岛市,211400,地级市,辽宁省,210000,省,,,Suizhong,Suí Zhōng,211421,Suizhong,Suí Zhōng,211421,County,Huludao,Hú Lú Dǎo,211400,Prefecture City,Liaoning,Liáo Níng,210000,Province,2010,1875646,4010238,0.46771438503151186,46.77
和林格尔县,150123,和林格尔县,150123,县,呼和浩特市,150100,地级市,内蒙古自治区,150000,自治区,,,Helingeer,Hé Lín Gé Ěr,150123,Helingeer,Hé LínGéĚr,150123,County,Huhehaote,Hū Hé Hào Tè,150100,Prefecture City,Neimenggu,Nèi Měng Gǔ,150000,Autonomous Region,2010,1767369,5027552,0.3515366922112392,35.15
怀来县,130730,怀来县,130730,县,张家口市,130700,地级市,河北省,130000,省,,,Huailai,Huái Lái,130730,Huailai,HuáiLái,130730,County,Zhangjiakou,Zhāng Jiā Kǒu,130700,Prefecture City,Hebei,Hé Běi,130000,Province,2010,850408,2585369,0.3289309959235993,32.89
托克托县,150122,托克托县,150122,县,呼和浩特市,150100,地级市,内蒙古自治区,150000,自治区,,,Tuoketuo,Tuō Kè Tuō,150122,Tuoketuo,TuōKèTuō,150122,County,Huhehaote,Hū Hé Hào Tè,150100,Prefecture City,Neimenggu,Nèi Měng Gǔ,150000,Autonomous Region,2010,1237526,2054008,0.6024932716912494,60.25
岫岩满族自治县,210323,岫岩满族自治县,210323,自治县,鞍山市,210300,地级市,辽宁省,210000,省,,,Xiuyanmanzu,Xiù Yán Mǎn Zú,210323,Xiuyanmanzu,XiùYánMǎnZú,210323,Autonomous County,Anshan,Ān Shān,210300,Prefecture City,Liaoning,Liáo Níng,210000,Province,2010,1467968,6575744,0.22323983415412765,22.32
天镇县,140222,天镇县,140222,县,大同市,140200,地级市,山西省,140000,省,,,Tianzhen,Tiān Zhèn,140222,Tianzhen,TiānZhèn,140222,County,Datong,Dà Tóng,140200,Prefecture City,Shanxi,Shān Xī,140000,Province,2010,1059713,2379813,0.44529255029701914,44.53
凉城县,150925,凉城县,150925,县,乌兰察布市,150900,地级市,内蒙古自治区,150000,自治区,,,Liangcheng,Liáng Chéng,150925,Liangcheng,Liáng Chéng,150925,County,Wulanchabu,Wū Lán Chá Bù,150900,Prefecture City,Neimenggu,Nèi Měng Gǔ,150000,Autonomous Region,2010,1483352,5048229,0.29383611559618233,29.38
土默特右旗,150221,土默特右旗,150221,旗,包头市,150200,地级市,内蒙古自治区,150000,自治区,,,Tumoteyou,Tǔ Mò Tè Yòu,150221,Tumoteyou,TǔMòTèYòu,150221,Banner,Baotou,Bāo Tóu,150200,Prefecture City,Neimenggu,Nèi Měng Gǔ,150000,Autonomous Region,2010,1943307,3448229,0.5635666888713018,56.36
密云县,110228,密云县,110228,县,不统计,0,不统计,北京市,110000,直辖市,,,Miyun,Mì Yún,110228,Miyun,MìYún,110228,County,NULL,NULL,0,NULL,Beijing,Běi Jīng,110000,Municipality,2010,566229,3253946,0.1740130291037405,17.4
延庆县,110229,延庆县,110229,县,不统计,0,不统计,北京市,110000,直辖市,,,Yanqing,Yán Qìng,110229,Yanqing,YánQìng,110229,County,NULL,NULL,0,NULL,Beijing,Běi Jīng,110000,Municipality,2010,524264,2923131,0.17935015570632995,17.94
下花园区,130706,下花园区,130706,市辖区,张家口市,130700,地级市,河北省,130000,省,,,Xiahuayuan,Xià Huā Yuán,130706,Xiahuayuan,XiàHuāYuán,130706,District,Zhangjiakou,Zhāng Jiā Kǒu,130700,Prefecture City,Hebei,Hé Běi,130000,Province,2010,84771,463802,0.18277411481623623,18.28
磴口县,150822,磴口县,150822,县,巴彦淖尔市,150800,地级市,内蒙古自治区,150000,自治区,,,Dengkou,Dèng Kǒu,150822,Dengkou,DèngKǒu,150822,County,Bayannaoer,Bā Yàn Nào Ěr,150800,Prefecture City,Neimenggu,Nèi Měng Gǔ,150000,Autonomous Region,2010,1174044,5383270,0.2180912345098797,21.81
丰镇市,150981,丰镇市,150981,县级市,乌兰察布市,150900,地级市,内蒙古自治区,150000,自治区,,,Fengzhen,Fēng Zhèn,150981,Fengzhen,FēngZhèn,150981,County City,Wulanchabu,Wū Lán Chá Bù,150900,Prefecture City,Neimenggu,Nèi Měng Gǔ,150000,Autonomous Region,2010,1429746,3982085,0.35904457087179203,35.9
怀安县,130728,怀安县,130728,县,张家口市,130700,地级市,河北省,130000,省,,,Huaian,Huái Ān,130728,Huaian,HuáiĀn,130728,County,Zhangjiakou,Zhāng Jiā Kǒu,130700,Prefecture City,Hebei,Hé Běi,130000,Province,2010,918003,2476412,0.3706988174827129,37.07
宣化县,130721,宣化县,130721,县,张家口市,130700,地级市,河北省,130000,省,,,Xuanhua,Xuān Huà,130721,Xuanhua,Xuān Huà,130721,County,Zhangjiakou,Zhāng Jiā Kǒu,130700,Prefecture City,Hebei,Hé Běi,130000,Province,2010,1138333,3237534,0.3516049561178354,35.16
东河区,150202,东河区,150202,市辖区,包头市,150200,地级市,内蒙古自治区,150000,自治区,,,Donghe,Dōng Hé,150202,Donghe,DōngHé,150202,District,Baotou,Bāo Tóu,150200,Prefecture City,Neimenggu,Nèi Měng Gǔ,150000,Autonomous Region,2010,150549,681503,0.22090731808957553,22.09
凤城市,210682,凤城市,210682,县级市,丹东市,210600,地级市,辽宁省,210000,省,,,Fengcheng,Fèng Chéng,210682,Fengcheng,FèngChéng,210682,County City,Dandong,Dān Dōng,210600,Prefecture City,Liaoning,Liáo Níng,210000,Province,2010,1580479,8077864,0.19565555943997076,19.57
兴城市,211481,兴城市,211481,县级市,葫芦岛市,211400,地级市,辽宁省,210000,省,,,Xingcheng,Xīng Chéng,211481,Xingcheng,Xīng Chéng,211481,County City,Huludao,Hú Lú Dǎo,211400,Prefecture City,Liaoning,Liáo Níng,210000,Province,2010,1598561,3001306,0.5326217986436571,53.26
阿拉尔市,659002,阿拉尔市,659002,县级市,不统计,0,不统计,新疆维吾尔自治区,650000,自治区,,"省直辖市,省直管,是县级单位",Alaer,Ā Lā Ěr,659002,Alaer,Ā Lā Ěr,659002,County City,NULL,NULL,0,NULL,Xinjiang,Xīn Jiāng,650000,Autonomous Region,2010,2509274,5752379,0.4362149990464815,43.62
九原区,150207,九原区,150207,市辖区,包头市,150200,地级市,内蒙古自治区,150000,自治区,,,Jiuyuan,Jiǔ Yuán,150207,Jiuyuan,JiǔYuán,150207,District,Baotou,Bāo Tóu,150200,Prefecture City,Neimenggu,Nèi Měng Gǔ,150000,Autonomous Region,2010,417740,1201139,0.34778655925750473,34.78
宣化区,130705,宣化区,130705,市辖区,张家口市,130700,地级市,河北省,130000,省,,,Xuanhua,Xuān Huà,130705,Xuanhua,Xuān Huà,130705,District,Zhangjiakou,Zhāng Jiā Kǒu,130700,Prefecture City,Hebei,Hé Běi,130000,Province,2010,69506,223776,0.3106052481052481,31.06
大石桥市,210882,大石桥市,210882,县级市,营口市,210800,地级市,辽宁省,210000,省,,,Dashiqiao,Dà Shí Qiáo,210882,Dashiqiao,Dà Shí Qiáo,210882,County City,Yingkou,Yíng Kǒu,210800,Prefecture City,Liaoning,Liáo Níng,210000,Province,2010,1266298,2290015,0.5529649369108935,55.3
老边区,210811,老边区,210811,市辖区,营口市,210800,地级市,辽宁省,210000,省,,,Laobian,Lǎo Biān,210811,Laobian,Lǎo Biān,210811,District,Yingkou,Yíng Kǒu,210800,Prefecture City,Liaoning,Liáo Níng,210000,Province,2010,147016,337632,0.43543266041133544,43.54
土默特左旗,150121,土默特左旗,150121,旗,呼和浩特市,150100,地级市,内蒙古自治区,150000,自治区,,,Tumotezuo,Tǔ Mò Tè Zuǒ,150121,Tumotezuo,TǔMòTèZuǒ,150121,Banner,Huhehaote,Hū Hé Hào Tè,150100,Prefecture City,Neimenggu,Nèi Měng Gǔ,150000,Autonomous Region,2010,2055252,4057730,0.5065028969399147,50.65
建昌县,211422,建昌县,211422,县,葫芦岛市,211400,地级市,辽宁省,210000,省,,,Jianchang,Jiàn Chāng,211422,Jianchang,JiànChāng,211422,County,Huludao,Hú Lú Dǎo,211400,Prefecture City,Liaoning,Liáo Níng,210000,Province,2010,1231305,4667327,0.263813741784109,26.38
玉泉区,150104,玉泉区,150104,市辖区,呼和浩特市,150100,地级市,内蒙古自治区,150000,自治区,,,Yuquan,Yù Quán,150104,Yuquan,YùQuán,150104,District,Huhehaote,Hū Hé Hào Tè,150100,Prefecture City,Neimenggu,Nèi Měng Gǔ,150000,Autonomous Region,2010,163729,301363,0.5432949632171169,54.33
龙港区,211403,龙港区,211403,市辖区,葫芦岛市,211400,地级市,辽宁省,210000,省,,,Longgang,Lóng Gǎng,211403,Longgang,LóngGǎng,211403,District,Huludao,Hú Lú Dǎo,211400,Prefecture City,Liaoning,Liáo Níng,210000,Province,2010,54795,235263,0.23290955228829013,23.29
桥东区,130702,桥东区,130702,市辖区,张家口市,130700,地级市,河北省,130000,省,,,Qiaodong,Qiáo Dōng,130702,Qiaodong,QiáoDōng,130702,District,Zhangjiakou,Zhāng Jiā Kǒu,130700,Prefecture City,Hebei,Hé Běi,130000,Province,2010,46779,178968,0.2613819230253453,26.14
赛罕区,150105,赛罕区,150105,市辖区,呼和浩特市,150100,地级市,内蒙古自治区,150000,自治区,郊区,2000年郊区更名和调整为赛罕区,Saihan,Sài Hǎn,150105,Saihan,SàiHǎn,150105,District,Huhehaote,Hū Hé Hào Tè,150100,Prefecture City,Neimenggu,Nèi Měng Gǔ,150000,Autonomous Region,2010,678600,1473279,0.4606052214142739,46.06
站前区,210802,站前区,210802,市辖区,营口市,210800,地级市,辽宁省,210000,省,,,Zhanqian,Zhàn Qián,210802,Zhanqian,ZhànQián,210802,District,Yingkou,Yíng Kǒu,210800,Prefecture City,Liaoning,Liáo Níng,210000,Province,2010,70258,108298,0.6487469759367671,64.87
海城市,210381,海城市,210381,县级市,鞍山市,210300,地级市,辽宁省,210000,省,,,Haicheng,Hǎi Chéng,210381,Haicheng,HǎiChéng,210381,County City,Anshan,Ān Shān,210300,Prefecture City,Liaoning,Liáo Níng,210000,Province,2010,2219954,3770386,0.5887869305689126,58.88
桥西区,130703,桥西区,130703,市辖区,张家口市,130700,地级市,河北省,130000,省,,,Qiaoxi,Qiáo Xī,130703,Qiaoxi,QiáoXī,130703,District,Zhangjiakou,Zhāng Jiā Kǒu,130700,Prefecture City,Hebei,Hé Běi,130000,Province,2010,49685,212146,0.23420191754734948,23.42
万全县,130729,万全县,130729,县,张家口市,130700,地级市,河北省,130000,省,,,Wanquan,Wàn Quán,130729,Wanquan,Wàn Quán,130729,County,Zhangjiakou,Zhāng Jiā Kǒu,130700,Prefecture City,Hebei,Hé Běi,130000,Province,2010,685246,1702464,0.4025024905078756,40.25
连山区,211402,连山区,211402,市辖区,葫芦岛市,211400,地级市,辽宁省,210000,省,,,Lianshan,Lián Shān,211402,Lianshan,LiánShān,211402,District,Huludao,Hú Lú Dǎo,211400,Prefecture City,Liaoning,Liáo Níng,210000,Province,2010,594926,1723372,0.3452104362842149,34.52
杭锦后旗,150826,杭锦后旗,150826,旗,巴彦淖尔市,150800,地级市,内蒙古自治区,150000,自治区,,,Hangjinhou,Háng Jǐn Hòu,150826,Hangjinhou,HángJǐnHòu,150826,Banner,Bayannaoer,Bā Yàn Nào Ěr,150800,Prefecture City,Neimenggu,Nèi Měng Gǔ,150000,Autonomous Region,2010,1950535,2568108,0.759522185204049,75.95
乌拉特前旗,150823,乌拉特前旗,150823,旗,巴彦淖尔市,150800,地级市,内蒙古自治区,150000,自治区,,,Wulateqian,Wù Lā Tè Qián,150823,Wulateqian,Wù Lā TèQián,150823,Banner,Bayannaoer,Bā Yàn Nào Ěr,150800,Prefecture City,Neimenggu,Nèi Měng Gǔ,150000,Autonomous Region,2010,3341698,10959031,0.304926411833309,30.49
临河区,150802,临河区,150802,市辖区,巴彦淖尔市,150800,地级市,内蒙古自治区,150000,自治区,,,Linhe,Lín Hé,150802,Linhe,LínHé,150802,District,Bayannaoer,Bā Yàn Nào Ěr,150800,Prefecture City,Neimenggu,Nèi Měng Gǔ,150000,Autonomous Region,2010,2622197,3472356,0.7551636410552375,75.52
大洼县,211121,大洼县,211121,县,盘锦市,211100,地级市,辽宁省,210000,省,,,Dawa,Dà Wā,211121,Dawa,Dà Wā,211121,County,Panjin,Pán Jǐn,211100,Prefecture City,Liaoning,Liáo Níng,210000,Province,2010,1532295,2153350,0.7115865976269533,71.16
兴和县,150924,兴和县,150924,县,乌兰察布市,150900,地级市,内蒙古自治区,150000,自治区,,,Xinghe,Xīng Hé,150924,Xinghe,Xīng Hé,150924,County,Wulanchabu,Wū Lán Chá Bù,150900,Prefecture City,Neimenggu,Nèi Měng Gǔ,150000,Autonomous Region,2010,2116020,5171057,0.40920453980685184,40.92
察哈尔右翼前旗,150926,察哈尔右翼前旗,150926,旗,乌兰察布市,150900,地级市,内蒙古自治区,150000,自治区,,,Chaharrightfrontbanner,Chahar Right Front Banner,150926,Chaharrightfrontbanner,ChaharRightFrontBanner,150926,Banner,Wulanchabu,Wū Lán Chá Bù,150900,Prefecture City,Neimenggu,Nèi Měng Gǔ,150000,Autonomous Region,2010,1080752,3687801,0.29306136638066965,29.31
凌源市,211382,凌源市,211382,县级市,朝阳市,211300,地级市,辽宁省,210000,省,,,Lingyuan,Líng Yuán,211382,Lingyuan,LíngYuán,211382,County City,Chaoyang,Cháo Yáng,211300,Prefecture City,Liaoning,Liáo Níng,210000,Province,2010,1233686,4831350,0.255350160928105,25.54
千山区,210311,千山区,210311,市辖区,鞍山市,210300,地级市,辽宁省,210000,省,,,Qianshan,Qiān Shān,210311,Qianshan,QiānShān,210311,District,Anshan,Ān Shān,210300,Prefecture City,Liaoning,Liáo Níng,210000,Province,2010,269274,502348,0.5360307993661765,53.6
太和区,210711,太和区,210711,市辖区,锦州市,210700,地级市,辽宁省,210000,省,,,Taihe,Tài Hé,210711,Taihe,Tài Hé,210711,District,Jinzhou,Jǐn Zhōu,210700,Prefecture City,Liaoning,Liáo Níng,210000,Province,2010,522241,975617,0.5352930504491004,53.53
南票区,211404,南票区,211404,市辖区,葫芦岛市,211400,地级市,辽宁省,210000,省,,,Nanpiao,Nán Piào,211404,Nanpiao,Nán Piào,211404,District,Huludao,Hú Lú Dǎo,211400,Prefecture City,Liaoning,Liáo Níng,210000,Province,2010,592879,1463733,0.4050458656052709,40.5
五原县,150821,五原县,150821,县,巴彦淖尔市,150800,地级市,内蒙古自治区,150000,自治区,,,Wuyuan,Wǔ Yuán,150821,Wuyuan,WǔYuán,150821,County,Bayannaoer,Bā Yàn Nào Ěr,150800,Prefecture City,Neimenggu,Nèi Měng Gǔ,150000,Autonomous Region,2010,2814919,3692456,0.762343275045119,76.23
集宁区,150902,集宁区,150902,市辖区,乌兰察布市,150900,地级市,内蒙古自治区,150000,自治区,,,Jining,Jí Níng,150902,Jining,Jí Níng,150902,District,Wulanchabu,Wū Lán Chá Bù,150900,Prefecture City,Neimenggu,Nèi Měng Gǔ,150000,Autonomous Region,2010,177187,509531,0.3477452794825045,34.77
辽阳县,211021,辽阳县,211021,县,辽阳市,211000,地级市,辽宁省,210000,省,,,Liaoyang,Liáo Yáng,211021,Liaoyang,LiáoYáng,211021,County,Liaoyang,Liáo Yáng,211000,Prefecture City,Liaoning,Liáo Níng,210000,Province,2010,1331135,3659962,0.3637018635712611,36.37
兴隆台区,211103,兴隆台区,211103,市辖区,盘锦市,211100,地级市,辽宁省,210000,省,,,Xinglongtai,Xīng Lóng Tái,211103,Xinglongtai,Xīng Lóng Tái,211103,District,Panjin,Pán Jǐn,211100,Prefecture City,Liaoning,Liáo Níng,210000,Province,2010,719440,1073104,0.670428961219043,67.04
平泉县,130823,平泉县,130823,县,承德市,130800,地级市,河北省,130000,省,,,Pingquan,Píng Quán,130823,Pingquan,PíngQuán,130823,County,Chengde,Chéng Dé,130800,Prefecture City,Hebei,Hé Běi,130000,Province,2010,1026616,4860400,0.2112204756810139,21.12
武川县,150125,武川县,150125,县,呼和浩特市,150100,地级市,内蒙古自治区,150000,自治区,,,Wuchuan,Wǔ Chuān,150125,Wuchuan,WǔChuān,150125,County,Huhehaote,Hū Hé Hào Tè,150100,Prefecture City,Neimenggu,Nèi Měng Gǔ,150000,Autonomous Region,2010,1766775,6909539,0.25570085066456677,25.57
立山区,210304,立山区,210304,市辖区,鞍山市,210300,地级市,辽宁省,210000,省,,,Lishan,Lì Shān,210304,Lishan,LìShān,210304,District,Anshan,Ān Shān,210300,Prefecture City,Liaoning,Liáo Níng,210000,Province,2010,48017,253582,0.1893549226680127,18.94
固阳县,150222,固阳县,150222,县,包头市,150200,地级市,内蒙古自治区,150000,自治区,,,Guyang,Gù Yáng,150222,Guyang,GùYáng,150222,County,Baotou,Bāo Tóu,150200,Prefecture City,Neimenggu,Nèi Měng Gǔ,150000,Autonomous Region,2010,1834751,7215930,0.2542639687469252,25.43
尚义县,130725,尚义县,130725,县,张家口市,130700,地级市,河北省,130000,省,,,Shangyi,Shàng Yì,130725,Shangyi,ShàngYì,130725,County,Zhangjiakou,Zhāng Jiā Kǒu,130700,Prefecture City,Hebei,Hé Běi,130000,Province,2010,1368064,3860725,0.3543541692298726,35.44
凌河区,210703,凌河区,210703,市辖区,锦州市,210700,地级市,辽宁省,210000,省,,,Linghe,Líng Hé,210703,Linghe,LíngHé,210703,District,Jinzhou,Jǐn Zhōu,210700,Prefecture City,Liaoning,Liáo Níng,210000,Province,2010,9870,53333,0.18506365664785404,18.51
铁西区,210303,铁西区,210303,市辖区,鞍山市,210300,地级市,辽宁省,210000,省,,,Tiexi,Tiě Xī,210303,Tiexi,TiěXī,210303,District,Anshan,Ān Shān,210300,Prefecture City,Liaoning,Liáo Níng,210000,Province,2010,72676,213530,0.34035498524797453,34.04
喀喇沁左翼蒙古族自治县,211324,喀喇沁左翼蒙古族自治县,211324,自治县,朝阳市,211300,地级市,辽宁省,210000,省,,,Kalaqinzuoyimengguzu,Kā Lā Qìn Zuǒ Yì Měng Gǔ Zú,211324,Kalaqinzuoyimengguzu,Kā Lā QìnZuǒYì Měng GǔZú,211324,Autonomous County,Chaoyang,Cháo Yáng,211300,Prefecture City,Liaoning,Liáo Níng,210000,Province,2010,1381828,3294632,0.41941801087344505,41.94
弓长岭区,211005,弓长岭区,211005,市辖区,辽阳市,211000,地级市,辽宁省,210000,省,,,Gongchangling,Gōng Cháng Lǐng,211005,Gongchangling,Gōng Cháng Lǐng,211005,District,Liaoyang,Liáo Yáng,211000,Prefecture City,Liaoning,Liáo Níng,210000,Province,2010,73558,490195,0.15005865012903027,15.01
古塔区,210702,古塔区,210702,市辖区,锦州市,210700,地级市,辽宁省,210000,省,,,Guta,Gǔ Tǎ,210702,Guta,GǔTǎ,210702,District,Jinzhou,Jǐn Zhōu,210700,Prefecture City,Liaoning,Liáo Níng,210000,Province,2010,26190,98605,0.26560519243446074,26.56
凌海市,210781,凌海市,210781,县级市,锦州市,210700,地级市,辽宁省,210000,省,,,Linghai,Líng Hǎi,210781,Linghai,LíngHǎi,210781,County City,Jinzhou,Jǐn Zhōu,210700,Prefecture City,Liaoning,Liáo Níng,210000,Province,2010,2379640,3730348,0.6379136745418926,63.79
宏伟区,211004,宏伟区,211004,市辖区,辽阳市,211000,地级市,辽宁省,210000,省,,,Hongwei,Hóng Wěi,211004,Hongwei,HóngWěi,211004,District,Liaoyang,Liáo Yáng,211000,Prefecture City,Liaoning,Liáo Níng,210000,Province,2010,62103,221394,0.2805089568823003,28.05
双台子区,211102,双台子区,211102,市辖区,盘锦市,211100,地级市,辽宁省,210000,省,,,Shuangtaizi,Shuāng Tái Zi,211102,Shuangtaizi,Shuāng Tái Zi,211102,District,Panjin,Pán Jǐn,211100,Prefecture City,Liaoning,Liáo Níng,210000,Province,2010,102144,176138,0.5799089350395712,57.99
盘山县,211122,盘山县,211122,县,盘锦市,211100,地级市,辽宁省,210000,省,,,Panshan,Pán Shān,211122,Panshan,PánShān,211122,County,Panjin,Pán Jǐn,211100,Prefecture City,Liaoning,Liáo Níng,210000,Province,2010,1680618,1976123,0.8504622434939526,85.05
文圣区,211003,文圣区,211003,市辖区,辽阳市,211000,地级市,辽宁省,210000,省,,,Wensheng,Wén Shèng,211003,Wensheng,WénShèng,211003,District,Liaoyang,Liáo Yáng,211000,Prefecture City,Liaoning,Liáo Níng,210000,Province,2010,215693,436940,0.49364443630704447,49.36
张北县,130722,张北县,130722,县,张家口市,130700,地级市,河北省,130000,省,,,Zhangbei,Zhāng Běi,130722,Zhangbei,ZhāngBěi,130722,County,Zhangjiakou,Zhāng Jiā Kǒu,130700,Prefecture City,Hebei,Hé Běi,130000,Province,2010,3179551,6201403,0.5127147840577366,51.27
太子河区,211011,太子河区,211011,市辖区,辽阳市,211000,地级市,辽宁省,210000,省,,,Taizihe,Tài Zǐ Hé,211011,Taizihe,Tài Zǐ Hé,211011,District,Liaoyang,Liáo Yáng,211000,Prefecture City,Liaoning,Liáo Níng,210000,Province,2010,305608,407728,0.7495389082918024,74.95
台安县,210321,台安县,210321,县,鞍山市,210300,地级市,辽宁省,210000,省,,,Taian,Tái Ān,210321,Taian,Tái Ān,210321,County,Anshan,Ān Shān,210300,Prefecture City,Liaoning,Liáo Níng,210000,Province,2010,1925966,2059876,0.9349912324819553,93.5
朝阳县,211321,朝阳县,211321,县,朝阳市,211300,地级市,辽宁省,210000,省,,,Chaoyang,Cháo Yáng,211321,Chaoyang,Cháo Yáng,211321,County,Chaoyang,Cháo Yáng,211300,Prefecture City,Liaoning,Liáo Níng,210000,Province,2010,1926831,5569241,0.345977306422904,34.6
新和县,652925,新和县,652925,县,阿克苏地区,652900,地区,新疆维吾尔自治区,650000,自治区,,,Xinhe,Xīn Hé,652925,Xinhe,Xīn Hé,652925,County,Akesu,Ā Kè Sū,652900,Prefecture,Xinjiang,Xīn Jiāng,650000,Autonomous Region,2010,1322445,8627668,0.15327954205006497,15.33
灯塔市,211081,灯塔市,211081,县级市,辽阳市,211000,地级市,辽宁省,210000,省,,,Dengta,Dēng Tǎ,211081,Dengta,DēngTǎ,211081,County City,Liaoyang,Liáo Yáng,211000,Prefecture City,Liaoning,Liáo Níng,210000,Province,2010,1151288,1731687,0.6648360818092415,66.48
察哈尔右翼中旗,150927,察哈尔右翼中旗,150927,旗,乌兰察布市,150900,地级市,内蒙古自治区,150000,自治区,,,Chaharrightmiddlebanner,Chahar Right Middle Banner,150927,Chaharrightmiddlebanner,ChaharRightMiddleBanner,150927,Banner,Wulanchabu,Wū Lán Chá Bù,150900,Prefecture City,Neimenggu,Nèi Měng Gǔ,150000,Autonomous Region,2010,1000537,6211800,0.16107038217585884,16.11
溪湖区,210503,溪湖区,210503,市辖区,本溪市,210500,地级市,辽宁省,210000,省,,,Xihu,Xī Hú,210503,Xihu,XīHú,210503,District,Benxi,Běn Xī,210500,Prefecture City,Liaoning,Liáo Níng,210000,Province,2010,112484,462462,0.24322863283902246,24.32
义县,210727,义县,210727,县,锦州市,210700,地级市,辽宁省,210000,省,,,Yixian,Yì Xiàn,210727,Yixian,YìXiàn,210727,County,Jinzhou,Jǐn Zhōu,210700,Prefecture City,Liaoning,Liáo Níng,210000,Province,2010,1933208,3680375,0.5252747342322454,52.53
北镇市,210782,北镇市,210782,县级市,锦州市,210700,地级市,辽宁省,210000,省,,,Beizhen,Běi Zhèn,210782,Beizhen,BěiZhèn,210782,County City,Jinzhou,Jǐn Zhōu,210700,Prefecture City,Liaoning,Liáo Níng,210000,Province,2010,1917231,2516644,0.7618205038138092,76.18
辽中县,210122,辽中县,210122,县,沈阳市,210100,地级市,辽宁省,210000,省,,,Liaozhong,Liáo Zhōng,210122,Liaozhong,Liáo Zhōng,210122,County,Shenyang,Shěn Yáng,210100,Prefecture City,Liaoning,Liáo Níng,210000,Province,2010,2215764,2449814,0.9044621346763468,90.45
龙城区,211303,龙城区,211303,市辖区,朝阳市,211300,地级市,辽宁省,210000,省,,2006年新设立龙城区,Longcheng,Lóng Chéng,211303,Longcheng,LóngChéng,211303,District,Chaoyang,Cháo Yáng,211300,Prefecture City,Liaoning,Liáo Níng,210000,Province,2010,429100,940531,0.4562316393611694,45.62
宁城县,150429,宁城县,150429,县,赤峰市,150400,地级市,内蒙古自治区,150000,自治区,,,Ningcheng,Níng Chéng,150429,Ningcheng,Níng Chéng,150429,County,Chifeng,Chì Fēng,150400,Prefecture City,Neimenggu,Nèi Měng Gǔ,150000,Autonomous Region,2010,2552090,6405167,0.39844238253272707,39.84
沽源县,130724,沽源县,130724,县,张家口市,130700,地级市,河北省,130000,省,,,Guyuan,Gū Yuán,130724,Guyuan,GūYuán,130724,County,Zhangjiakou,Zhāng Jiā Kǒu,130700,Prefecture City,Hebei,Hé Běi,130000,Province,2010,2137185,5345418,0.3998162538458171,39.98
双塔区,211302,双塔区,211302,市辖区,朝阳市,211300,地级市,辽宁省,210000,省,,2006年新设立双塔区,Shuangta,Shuāng Tǎ,211302,Shuangta,ShuāngTǎ,211302,District,Chaoyang,Cháo Yáng,211300,Prefecture City,Liaoning,Liáo Níng,210000,Province,2010,216324,753841,0.28696237004885644,28.7
苏家屯区,210111,苏家屯区,210111,市辖区,沈阳市,210100,地级市,辽宁省,210000,省,,,Sujiatun,Sū Jiā Tún,210111,Sujiatun,Sū Jiā Tún,210111,District,Shenyang,Shěn Yáng,210100,Prefecture City,Liaoning,Liáo Níng,210000,Province,2010,846924,1164211,0.7274660692949989,72.75
新宾满族自治县,210422,新宾满族自治县,210422,自治县,抚顺市,210400,地级市,辽宁省,210000,省,,,Xinbinmanzu,Xīn Bīn Mǎn Zú,210422,Xinbinmanzu,XīnBīnMǎnZú,210422,Autonomous County,Fushun,Fǔ Shùn,210400,Prefecture City,Liaoning,Liáo Níng,210000,Province,2010,1003632,6375295,0.15742518581493092,15.74
抚顺县,210421,抚顺县,210421,县,抚顺市,210400,地级市,辽宁省,210000,省,,,Fushun,Fǔ Shùn,210421,Fushun,FǔShùn,210421,County,Fushun,Fǔ Shùn,210400,Prefecture City,Liaoning,Liáo Níng,210000,Province,2010,418439,2526393,0.16562704219018973,16.56
库尔勒市,652801,库尔勒市,652801,县级市,巴音郭楞蒙古自治州,652800,自治州,新疆维吾尔自治区,650000,自治区,,,Kuerle,Kù Ěr Lè,652801,Kuerle,KùĚr Lè,652801,County City,Bayinguolengmenggu,Bā Yīn Guō Léng Měng Gǔ,652800,Autonomous Prefecture,Xinjiang,Xīn Jiāng,650000,Autonomous Region,2010,2329722,10996163,0.21186681208708893,21.19
商都县,150923,商都县,150923,县,乌兰察布市,150900,地级市,内蒙古自治区,150000,自治区,,,Shangdu,Shāng Dū,150923,Shangdu,Shāng Dū,150923,County,Wulanchabu,Wū Lán Chá Bù,150900,Prefecture City,Neimenggu,Nèi Měng Gǔ,150000,Autonomous Region,2010,2097342,6379352,0.32877038294798594,32.88
铁西区,210106,铁西区,210106,市辖区,沈阳市,210100,地级市,辽宁省,210000,省,,,Tiexi,Tiě Xī,210106,Tiexi,TiěXī,210106,District,Shenyang,Shěn Yáng,210100,Prefecture City,Liaoning,Liáo Níng,210000,Province,2010,208495,427035,0.48823866896156054,48.82
通化县,220521,通化县,220521,县,通化市,220500,地级市,吉林省,220000,省,,,Tonghua,Tōng Huà,220521,Tonghua,Tōng Huà,220521,County,Tonghua,Tōng Huà,220500,Prefecture City,Jilin,Jí Lín,220000,Province,2010,889134,5546564,0.16030356811892912,16.03
清河门区,210905,清河门区,210905,市辖区,阜新市,210900,地级市,辽宁省,210000,省,,,Qinghemen,Qīng Hé Mén,210905,Qinghemen,QīngHéMén,210905,District,Fuxin,Fù Xīn,210900,Prefecture City,Liaoning,Liáo Níng,210000,Province,2010,86370,139453,0.6193484543179423,61.93
东陵区,210112,东陵区,210112,市辖区,沈阳市,210100,地级市,辽宁省,210000,省,,,Donglingqu,Dōng Líng Qū,210112,Donglingqu,Dōng Líng Qū,210112,District,Shenyang,Shěn Yáng,210100,Prefecture City,Liaoning,Liáo Níng,210000,Province,2010,705841,1193059,0.5916228786673584,59.16
康保县,130723,康保县,130723,县,张家口市,130700,地级市,河北省,130000,省,,,Kangbao,Kāng Bǎo,130723,Kangbao,KāngBǎo,130723,County,Zhangjiakou,Zhāng Jiā Kǒu,130700,Prefecture City,Hebei,Hé Běi,130000,Province,2010,2328666,5018964,0.4639734415309614,46.4
望花区,210404,望花区,210404,市辖区,抚顺市,210400,地级市,辽宁省,210000,省,,,Wanghua,Wàng Huā,210404,Wanghua,WàngHuā,210404,District,Fushun,Fǔ Shùn,210400,Prefecture City,Liaoning,Liáo Níng,210000,Province,2010,221069,472904,0.4674711992285961,46.75
黑山县,210726,黑山县,210726,县,锦州市,210700,地级市,辽宁省,210000,省,,,Heishan,Hēi Shān,210726,Heishan,HēiShān,210726,County,Jinzhou,Jǐn Zhōu,210700,Prefecture City,Liaoning,Liáo Níng,210000,Province,2010,3453892,3721202,0.9281656840988476,92.82
新抚区,210402,新抚区,210402,市辖区,抚顺市,210400,地级市,辽宁省,210000,省,,,Xinfu,Xīn Fǔ,210402,Xinfu,XīnFǔ,210402,District,Fushun,Fǔ Shùn,210400,Prefecture City,Liaoning,Liáo Níng,210000,Province,2010,51306,147795,0.34714300213133054,34.71
建平县,211322,建平县,211322,县,朝阳市,211300,地级市,辽宁省,210000,省,,,Jianping,Jiàn Píng,211322,Jianping,JiànPíng,211322,County,Chaoyang,Cháo Yáng,211300,Prefecture City,Liaoning,Liáo Níng,210000,Province,2010,3929803,7273972,0.5402554477801125,54.03
博湖县,652829,博湖县,652829,县,巴音郭楞蒙古自治州,652800,自治州,新疆维吾尔自治区,650000,自治区,,,Bohu,Bó Hú,652829,Bohu,BóHú,652829,County,Bayinguolengmenggu,Bā Yīn Guō Léng Měng Gǔ,652800,Autonomous Prefecture,Xinjiang,Xīn Jiāng,650000,Autonomous Region,2010,979919,5355806,0.18296387135755104,18.3
大东区,210104,大东区,210104,市辖区,沈阳市,210100,地级市,辽宁省,210000,省,,,Dadong,Dà Dōng,210104,Dadong,Dà Dōng,210104,District,Shenyang,Shěn Yáng,210100,Prefecture City,Liaoning,Liáo Níng,210000,Province,2010,31047,150472,0.20633074591950662,20.63
北票市,211381,北票市,211381,县级市,朝阳市,211300,地级市,辽宁省,210000,省,,,Beipiao,Běi Piào,211381,Beipiao,BěiPiào,211381,County City,Chaoyang,Cháo Yáng,211300,Prefecture City,Liaoning,Liáo Níng,210000,Province,2010,2640613,6592377,0.4005555204139569,40.06
太仆寺旗,152527,太仆寺旗,152527,旗,锡林郭勒盟,152500,盟,内蒙古自治区,150000,自治区,,,Taipusi,Tài Pú Sì,152527,Taipusi,Tài Pú Sì,152527,Banner,Xilinguole,Xī Lín Guō Lè,152500,League,Neimenggu,Nèi Měng Gǔ,150000,Autonomous Region,2010,1379565,5117746,0.2695649608245505,26.96
于洪区,210114,于洪区,210114,市辖区,沈阳市,210100,地级市,辽宁省,210000,省,,,Yuhong,Yú Hóng,210114,Yuhong,YúHóng,210114,District,Shenyang,Shěn Yáng,210100,Prefecture City,Liaoning,Liáo Níng,210000,Province,2010,481165,747044,0.6440919142647555,64.41
喀喇沁旗,150428,喀喇沁旗,150428,旗,赤峰市,150400,地级市,内蒙古自治区,150000,自治区,,,Kalaqin,Kā Lā Qìn,150428,Kalaqin,Kā Lā Qìn,150428,Banner,Chifeng,Chì Fēng,150400,Prefecture City,Neimenggu,Nèi Měng Gǔ,150000,Autonomous Region,2010,1188551,4537994,0.2619110999265314,26.19
东洲区,210403,东洲区,210403,市辖区,抚顺市,210400,地级市,辽宁省,210000,省,,,Dongzhou,Dōng Zhōu,210403,Dongzhou,DōngZhōu,210403,District,Fushun,Fǔ Shùn,210400,Prefecture City,Liaoning,Liáo Níng,210000,Province,2010,221344,881428,0.25111977382157136,25.11
顺城区,210411,顺城区,210411,市辖区,抚顺市,210400,地级市,辽宁省,210000,省,,,Shuncheng,Shùn Chéng,210411,Shuncheng,ShùnChéng,210411,District,Fushun,Fǔ Shùn,210400,Prefecture City,Liaoning,Liáo Níng,210000,Province,2010,177167,541556,0.3271443765741678,32.71
海州区,210902,海州区,210902,市辖区,阜新市,210900,地级市,辽宁省,210000,省,,2002年新设立海州区,Haizhou,Hǎi Zhōu,210902,Haizhou,HǎiZhōu,210902,District,Fuxin,Fù Xīn,210900,Prefecture City,Liaoning,Liáo Níng,210000,Province,2010,43153,102862,0.41952324473566527,41.95
化德县,150922,化德县,150922,县,乌兰察布市,150900,地级市,内蒙古自治区,150000,自治区,,,Huade,Huà Dé,150922,Huade,Huà Dé,150922,County,Wulanchabu,Wū Lán Chá Bù,150900,Prefecture City,Neimenggu,Nèi Měng Gǔ,150000,Autonomous Region,2010,1049602,3790219,0.2769238400208537,27.69
太平区,210904,太平区,210904,市辖区,阜新市,210900,地级市,辽宁省,210000,省,,2002年新设立太平区,Taiping,Tài Píng,210904,Taiping,TàiPíng,210904,District,Fuxin,Fù Xīn,210900,Prefecture City,Liaoning,Liáo Níng,210000,Province,2010,49125,142234,0.3453815543400312,34.54
新民市,210181,新民市,210181,县级市,沈阳市,210100,地级市,辽宁省,210000,省,,,Xinmin,Xīn Mín,210181,Xinmin,XīnMín,210181,County City,Shenyang,Shěn Yáng,210100,Prefecture City,Liaoning,Liáo Níng,210000,Province,2010,4578561,4935688,0.9276439272498586,92.76
沈北新区,210113,沈北新区,210113,市辖区,沈阳市,210100,地级市,辽宁省,210000,省,,,Shenbeixin,Shěn Běi Xīn,210113,Shenbeixin,Shěn BěiXīn,210113,District,Shenyang,Shěn Yáng,210100,Prefecture City,Liaoning,Liáo Níng,210000,Province,2010,927203,1228472,0.7547611992784532,75.48
细河区,210911,细河区,210911,市辖区,阜新市,210900,地级市,辽宁省,210000,省,,2002年新设立细河区,Xihe,Xì Hé,210911,Xihe,XìHé,210911,District,Fuxin,Fù Xīn,210900,Prefecture City,Liaoning,Liáo Níng,210000,Province,2010,73377,151212,0.4852591064201254,48.53
新邱区,210903,新邱区,210903,市辖区,阜新市,210900,地级市,辽宁省,210000,省,,2002年新设立新邱区,Xinqiu,Xīn Qiū,210903,Xinqiu,XīnQiū,210903,District,Fuxin,Fù Xīn,210900,Prefecture City,Liaoning,Liáo Níng,210000,Province,2010,80078,182746,0.4381929016230177,43.82
焉耆回族自治县,652826,焉耆回族自治县,652826,自治县,巴音郭楞蒙古自治州,652800,自治州,新疆维吾尔自治区,650000,自治区,,,Yanqihuizu,Yān Qí Huí Zú,652826,Yanqihuizu,YānQíHuíZú,652826,Autonomous County,Bayinguolengmenggu,Bā Yīn Guō Léng Měng Gǔ,652800,Autonomous Prefecture,Xinjiang,Xīn Jiāng,650000,Autonomous Region,2010,905041,3636313,0.2488897407896405,24.89
清原满族自治县,210423,清原满族自治县,210423,自治县,抚顺市,210400,地级市,辽宁省,210000,省,,,Qingyuanmanzu,Qīng Yuán Mǎn Zú,210423,Qingyuanmanzu,QīngYuánMǎnZú,210423,Autonomous County,Fushun,Fǔ Shùn,210400,Prefecture City,Liaoning,Liáo Níng,210000,Province,2010,1039100,5881052,0.1766860758925444,17.67
阜新蒙古族自治县,210921,阜新蒙古族自治县,210921,自治县,阜新市,210900,地级市,辽宁省,210000,省,,,Fuxinmengguzu,Fù Xīn Měng Gǔ Zú,210921,Fuxinmengguzu,FùXīn Měng GǔZú,210921,Autonomous County,Fuxin,Fù Xīn,210900,Prefecture City,Liaoning,Liáo Níng,210000,Province,2010,6956305,9335913,0.7451124490984439,74.51
柳河县,220524,柳河县,220524,县,通化市,220500,地级市,吉林省,220000,省,,,Liuhe,Liǔ Hé,220524,Liuhe,LiǔHé,220524,County,Tonghua,Tōng Huà,220500,Prefecture City,Jilin,Jí Lín,220000,Province,2010,1956431,5018948,0.38980897988980956,38.98
元宝山区,150403,元宝山区,150403,市辖区,赤峰市,150400,地级市,内蒙古自治区,150000,自治区,,,Yuanbaoshan,Yuán Bǎo Shān,150403,Yuanbaoshan,YuánBǎoShān,150403,District,Chifeng,Chì Fēng,150400,Prefecture City,Neimenggu,Nèi Měng Gǔ,150000,Autonomous Region,2010,732839,1413102,0.5186030449323545,51.86
多伦县,152531,多伦县,152531,县,锡林郭勒盟,152500,盟,内蒙古自治区,150000,自治区,,,Duolun,Duō Lún,152531,Duolun,DuōLún,152531,County,Xilinguole,Xī Lín Guō Lè,152500,League,Neimenggu,Nèi Měng Gǔ,150000,Autonomous Region,2010,908031,5798851,0.15658808960602713,15.66
红山区,150402,红山区,150402,市辖区,赤峰市,150400,地级市,内蒙古自治区,150000,自治区,,,Hongshan,Hóng Shān,150402,Hongshan,Hóng Shān,150402,District,Chifeng,Chì Fēng,150400,Prefecture City,Neimenggu,Nèi Měng Gǔ,150000,Autonomous Region,2010,420320,733187,0.5732780313889908,57.33
铁岭县,211221,铁岭县,211221,县,铁岭市,211200,地级市,辽宁省,210000,省,,,Tieling,Tiě Lǐng,211221,Tieling,TiěLǐng,211221,County,Tieling,Tiě Lǐng,211200,Prefecture City,Liaoning,Liáo Níng,210000,Province,2010,1841551,3365900,0.5471199382037494,54.71
银州区,211202,银州区,211202,市辖区,铁岭市,211200,地级市,辽宁省,210000,省,,,Yinzhou,Yín Zhōu,211202,Yinzhou,YínZhōu,211202,District,Tieling,Tiě Lǐng,211200,Prefecture City,Liaoning,Liáo Níng,210000,Province,2010,116050,258565,0.4488233132867944,44.88
松山区,150404,松山区,150404,市辖区,赤峰市,150400,地级市,内蒙古自治区,150000,自治区,,,Songshan,Sōng Shān,150404,Songshan,SōngShān,150404,District,Chifeng,Chì Fēng,150400,Prefecture City,Neimenggu,Nèi Měng Gǔ,150000,Autonomous Region,2010,3457808,8468335,0.40832206094822654,40.83
法库县,210124,法库县,210124,县,沈阳市,210100,地级市,辽宁省,210000,省,,,Faku,Fǎ Kù,210124,Faku,FǎKù,210124,County,Shenyang,Shěn Yáng,210100,Prefecture City,Liaoning,Liáo Níng,210000,Province,2010,2991503,3437879,0.8701594791439722,87.02
敖汉旗,150430,敖汉旗,150430,旗,赤峰市,150400,地级市,内蒙古自治区,150000,自治区,,,Aohan,Áo Hàn,150430,Aohan,ÁoHàn,150430,Banner,Chifeng,Chì Fēng,150400,Prefecture City,Neimenggu,Nèi Měng Gǔ,150000,Autonomous Region,2010,5627165,12407212,0.45353984440662415,45.35
调兵山市,211281,调兵山市,211281,县级市,铁岭市,211200,地级市,辽宁省,210000,省,铁法市,2002年铁法市更名为调兵山市,Diaobingshan,Diào Bīng Shān,211281,Diaobingshan,Diào BīngShān,211281,County City,Tieling,Tiě Lǐng,211200,Prefecture City,Liaoning,Liáo Níng,210000,Province,2010,274279,395401,0.6936730053793491,69.37
开原市,211282,开原市,211282,县级市,铁岭市,211200,地级市,辽宁省,210000,省,,,Kaiyuan,Kāi Yuán,211282,Kaiyuan,KāiYuán,211282,County City,Tieling,Tiě Lǐng,211200,Prefecture City,Liaoning,Liáo Níng,210000,Province,2010,1981880,4243130,0.4670797265226378,46.71
彰武县,210922,彰武县,210922,县,阜新市,210900,地级市,辽宁省,210000,省,,,Zhangwu,Zhāng Wǔ,210922,Zhangwu,ZhāngWǔ,210922,County,Fuxin,Fù Xīn,210900,Prefecture City,Liaoning,Liáo Níng,210000,Province,2010,4552460,5459697,0.833830155776044,83.38
清河区,211204,清河区,211204,市辖区,铁岭市,211200,地级市,辽宁省,210000,省,,,Qinghe,Qīng Hé,211204,Qinghe,QīngHé,211204,District,Tieling,Tiě Lǐng,211200,Prefecture City,Liaoning,Liáo Níng,210000,Province,2010,259834,723480,0.35914468955603474,35.91
梅河口市,220581,梅河口市,220581,县级市,通化市,220500,地级市,吉林省,220000,省,,,Meihekou,Méi Hé Kǒu,220581,Meihekou,MéiHéKǒu,220581,County City,Tonghua,Tōng Huà,220500,Prefecture City,Jilin,Jí Lín,220000,Province,2010,2321228,3286554,0.7062801950005995,70.63
辉南县,220523,辉南县,220523,县,通化市,220500,地级市,吉林省,220000,省,,,Huinan,Huī Nán,220523,Huinan,Huī Nán,220523,County,Tonghua,Tōng Huà,220500,Prefecture City,Jilin,Jí Lín,220000,Province,2010,1569149,3435941,0.45668682902296637,45.67
东丰县,220421,东丰县,220421,县,辽源市,220400,地级市,吉林省,220000,省,,,Dongfeng,Dōng Fēng,220421,Dongfeng,DōngFēng,220421,County,Liaoyuan,Liáo Yuán,220400,Prefecture City,Jilin,Jí Lín,220000,Province,2010,2449039,3815237,0.6419100569636959,64.19
龙井市,222405,龙井市,222405,县级市,延边朝鲜族自治州,222400,自治州,吉林省,220000,省,,,Longjing,Lóng Jǐng,222405,Longjing,LóngJǐng,222405,County City,Yanbianchaoxianzu,Yán Biān Cháo Xiǎn Zú,222400,Autonomous Prefecture,Jilin,Jí Lín,220000,Province,2010,743483,3325349,0.22358044223328138,22.36
西丰县,211223,西丰县,211223,县,铁岭市,211200,地级市,辽宁省,210000,省,,,Xifeng,Xī Fēng,211223,Xifeng,XīFēng,211223,County,Tieling,Tiě Lǐng,211200,Prefecture City,Liaoning,Liáo Níng,210000,Province,2010,1452297,4061362,0.3575886611437247,35.76
康平县,210123,康平县,210123,县,沈阳市,210100,地级市,辽宁省,210000,省,,,Kangping,Kāng Píng,210123,Kangping,KāngPíng,210123,County,Shenyang,Shěn Yáng,210100,Prefecture City,Liaoning,Liáo Níng,210000,Province,2010,2857851,3274671,0.8727139306513539,87.27
库伦旗,150524,库伦旗,150524,旗,通辽市,150500,地级市,内蒙古自治区,150000,自治区,,,Kulun,Kù Lún,150524,Kulun,KùLún,150524,Banner,Tongliao,Tōng Liáo,150500,Prefecture City,Neimenggu,Nèi Měng Gǔ,150000,Autonomous Region,2010,3360253,7130799,0.4712309237716559,47.12
龙山区,220402,龙山区,220402,市辖区,辽源市,220400,地级市,吉林省,220000,省,,,Longshan,Lóng Shān,220402,Longshan,LóngShān,220402,District,Liaoyuan,Liáo Yuán,220400,Prefecture City,Jilin,Jí Lín,220000,Province,2010,193137,376513,0.5129623678332488,51.3
东辽县,220422,东辽县,220422,县,辽源市,220400,地级市,吉林省,220000,省,,,Dongliao,Dōng Liáo,220422,Dongliao,DōngLiáo,220422,County,Liaoyuan,Liáo Yuán,220400,Prefecture City,Jilin,Jí Lín,220000,Province,2010,2009524,3324800,0.6044044754571704,60.44
奈曼旗,150525,奈曼旗,150525,旗,通辽市,150500,地级市,内蒙古自治区,150000,自治区,,,Naiman,Nài Màn,150525,Naiman,NàiMàn,150525,Banner,Tongliao,Tōng Liáo,150500,Prefecture City,Neimenggu,Nèi Měng Gǔ,150000,Autonomous Region,2010,5233003,12350205,0.4237179058971086,42.37
翁牛特旗,150426,翁牛特旗,150426,旗,赤峰市,150400,地级市,内蒙古自治区,150000,自治区,,,Wengniute,Wēng Niú Tè,150426,Wengniute,WēngNiúTè,150426,Banner,Chifeng,Chì Fēng,150400,Prefecture City,Neimenggu,Nèi Měng Gǔ,150000,Autonomous Region,2010,5834493,18086208,0.32259349223452477,32.26
西安区,220403,西安区,220403,市辖区,辽源市,220400,地级市,吉林省,220000,省,,,Xian,Xī Ān,220403,Xian,XīĀn,220403,District,Liaoyuan,Liáo Yuán,220400,Prefecture City,Jilin,Jí Lín,220000,Province,2010,155202,271188,0.5723040842515156,57.23
昌图县,211224,昌图县,211224,县,铁岭市,211200,地级市,辽宁省,210000,省,,,Changtu,Chāng Tú,211224,Changtu,ChāngTú,211224,County,Tieling,Tiě Lǐng,211200,Prefecture City,Liaoning,Liáo Níng,210000,Province,2010,5936074,6572942,0.9031076190844222,90.31
图们市,222402,图们市,222402,县级市,延边朝鲜族自治州,222400,自治州,吉林省,220000,省,,,Tumen,Tú Men,222402,Tumen,TúMen,222402,County City,Yanbianchaoxianzu,Yán Biān Cháo Xiǎn Zú,222400,Autonomous Prefecture,Jilin,Jí Lín,220000,Province,2010,278146,1724472,0.1612934277854323,16.13
桦甸市,220282,桦甸市,220282,县级市,吉林市,220200,地级市,吉林省,220000,省,,,Huadian,Huà Diàn,220282,Huadian,HuàDiàn,220282,County City,Jilin,Jí Lín,220200,Prefecture City,Jilin,Jí Lín,220000,Province,2010,2467589,9922482,0.24868666932326006,24.87
磐石市,220284,磐石市,220284,县级市,吉林市,220200,地级市,吉林省,220000,省,,,Panshi,Pán Shí,220284,Panshi,Pán Shí,220284,County City,Jilin,Jí Lín,220200,Prefecture City,Jilin,Jí Lín,220000,Province,2010,3033097,5871794,0.5165537142481497,51.66
铁东区,220303,铁东区,220303,市辖区,四平市,220300,地级市,吉林省,220000,省,,,Tiedong,Tiě Dōng,220303,Tiedong,TiěDōng,220303,District,Siping,Sì Píng,220300,Prefecture City,Jilin,Jí Lín,220000,Province,2010,770944,1405140,0.5486599200079707,54.87
延吉市,222401,延吉市,222401,县级市,延边朝鲜族自治州,222400,自治州,吉林省,220000,省,,,Yanji,Yán Jí,222401,Yanji,YánJí,222401,County City,Yanbianchaoxianzu,Yán Biān Cháo Xiǎn Zú,222400,Autonomous Prefecture,Jilin,Jí Lín,220000,Province,2010,520979,2623555,0.19857750266337088,19.86
科尔沁左翼后旗,150522,科尔沁左翼后旗,150522,旗,通辽市,150500,地级市,内蒙古自治区,150000,自治区,,,Keerqinzuoyihou,Kē Ěr Qìn Zuǒ Yì Hòu,150522,Keerqinzuoyihou,KēĚrQìnZuǒYìHòu,150522,Banner,Tongliao,Tōng Liáo,150500,Prefecture City,Neimenggu,Nèi Měng Gǔ,150000,Autonomous Region,2010,8138283,17548913,0.4637485524032172,46.37
铁西区,220302,铁西区,220302,市辖区,四平市,220300,地级市,吉林省,220000,省,,,Tiexi,Tiě Xī,220302,Tiexi,TiěXī,220302,District,Siping,Sì Píng,220300,Prefecture City,Jilin,Jí Lín,220000,Province,2010,872392,1094818,0.7968374652225302,79.68
巩留县,654024,巩留县,654024,县,伊犁哈萨克自治州,654000,自治州,新疆维吾尔自治区,650000,自治区,,,Gongliu,Gǒng Liú,654024,Gongliu,GǒngLiú,654024,County,Yilihasake,Yī Lí Hā Sà Kè,654000,Autonomous Prefecture,Xinjiang,Xīn Jiāng,650000,Autonomous Region,2010,1091907,6288767,0.17362815318169683,17.36
伊通满族自治县,220323,伊通满族自治县,220323,自治县,四平市,220300,地级市,吉林省,220000,省,,,Yitongmanzu,Yī Tōng Mǎn Zú,220323,Yitongmanzu,Yī Tōng MǎnZú,220323,Autonomous County,Siping,Sì Píng,220300,Prefecture City,Jilin,Jí Lín,220000,Province,2010,2719709,3856646,0.7052005810229925,70.52
梨树县,220322,梨树县,220322,县,四平市,220300,地级市,吉林省,220000,省,,,Lishu,Lí Shù,220322,Lishu,LíShù,220322,County,Siping,Sì Píng,220300,Prefecture City,Jilin,Jí Lín,220000,Province,2010,4293266,4571636,0.9391093254143593,93.91
双阳区,220112,双阳区,220112,市辖区,长春市,220100,地级市,吉林省,220000,省,,,Shuangyang,Shuāng Yáng,220112,Shuangyang,ShuāngYáng,220112,District,Changchun,Cháng Chūn,220100,Prefecture City,Jilin,Jí Lín,220000,Province,2010,2018357,2571080,0.7850230253434355,78.5
敦化市,222403,敦化市,222403,县级市,延边朝鲜族自治州,222400,自治州,吉林省,220000,省,,,Dunhua,Dūn Huà,222403,Dunhua,Dūn Huà,222403,County City,Yanbianchaoxianzu,Yán Biān Cháo Xiǎn Zú,222400,Autonomous Prefecture,Jilin,Jí Lín,220000,Province,2010,2948718,18077818,0.16311249510311476,16.31
永吉县,220221,永吉县,220221,县,吉林市,220200,地级市,吉林省,220000,省,,,Yongji,Yǒng Jí,220221,Yongji,YǒngJí,220221,County,Jilin,Jí Lín,220200,Prefecture City,Jilin,Jí Lín,220000,Province,2010,2046491,4036992,0.5069346186467548,50.69
察布查尔锡伯自治县,654022,察布查尔锡伯自治县,654022,自治县,伊犁哈萨克自治州,654000,自治州,新疆维吾尔自治区,650000,自治区,,,Chabuchaerxibo,Chá Bù Chá Ěr Xī Bó,654022,Chabuchaerxibo,CháBù Chá ĚrXī Bó,654022,Autonomous County,Yilihasake,Yī Lí Hā Sà Kè,654000,Autonomous Prefecture,Xinjiang,Xīn Jiāng,650000,Autonomous Region,2010,1691748,6875983,0.24603725750921723,24.6
科尔沁区,150502,科尔沁区,150502,市辖区,通辽市,150500,地级市,内蒙古自治区,150000,自治区,,,Keerqin,Kē Ěr Qìn,150502,Keerqin,KēĚrQìn,150502,District,Tongliao,Tōng Liáo,150500,Prefecture City,Neimenggu,Nèi Měng Gǔ,150000,Autonomous Region,2010,3953311,5385298,0.7340932665193273,73.41
丰满区,220211,丰满区,220211,市辖区,吉林市,220200,地级市,吉林省,220000,省,,,Fengman,Fēng Mǎn,220211,Fengman,FēngMǎn,220211,District,Jilin,Jí Lín,220200,Prefecture City,Jilin,Jí Lín,220000,Province,2010,316049,1626377,0.19432702257840587,19.43
巴林右旗,150423,巴林右旗,150423,旗,赤峰市,150400,地级市,内蒙古自治区,150000,自治区,,,Balinyou,Bā Lín Yòu,150423,Balinyou,BāLínYòu,150423,Banner,Chifeng,Chì Fēng,150400,Prefecture City,Neimenggu,Nèi Měng Gǔ,150000,Autonomous Region,2010,2822084,15330279,0.18408562557798197,18.41
朝阳区,220104,朝阳区,220104,市辖区,长春市,220100,地级市,吉林省,220000,省,,,Chaoyang,Cháo Yáng,220104,Chaoyang,Cháo Yáng,220104,District,Changchun,Cháng Chūn,220100,Prefecture City,Jilin,Jí Lín,220000,Province,2010,296591,452957,0.6547884236252006,65.48
蛟河市,220281,蛟河市,220281,县级市,吉林市,220200,地级市,吉林省,220000,省,,,Jiaohe,Jiāo Hé,220281,Jiaohe,JiāoHé,220281,County City,Jilin,Jí Lín,220200,Prefecture City,Jilin,Jí Lín,220000,Province,2010,2558482,9792798,0.2612615924478377,26.13
南关区,220102,南关区,220102,市辖区,长春市,220100,地级市,吉林省,220000,省,,,Nanguan,Nán Guān,220102,Nanguan,Nán Guān,220102,District,Changchun,Cháng Chūn,220100,Prefecture City,Jilin,Jí Lín,220000,Province,2010,386549,818469,0.4722830064425165,47.23
开鲁县,150523,开鲁县,150523,县,通辽市,150500,地级市,内蒙古自治区,150000,自治区,,,Kailu,Kāi Lǔ,150523,Kailu,KāiLǔ,150523,County,Tongliao,Tōng Liáo,150500,Prefecture City,Neimenggu,Nèi Měng Gǔ,150000,Autonomous Region,2010,3627528,6700973,0.5413434735522736,54.13
林西县,150424,林西县,150424,县,赤峰市,150400,地级市,内蒙古自治区,150000,自治区,,,Linxi,Lín Xī,150424,Linxi,LínXī,150424,County,Chifeng,Chì Fēng,150400,Prefecture City,Neimenggu,Nèi Měng Gǔ,150000,Autonomous Region,2010,1427156,5812902,0.24551523490332366,24.55
双辽市,220382,双辽市,220382,县级市,四平市,220300,地级市,吉林省,220000,省,,,Shuangliao,Shuāng Liáo,220382,Shuangliao,ShuāngLiáo,220382,County City,Siping,Sì Píng,220300,Prefecture City,Jilin,Jí Lín,220000,Province,2010,4052228,4759471,0.851403023571317,85.14
公主岭市,220381,公主岭市,220381,县级市,四平市,220300,地级市,吉林省,220000,省,,,Gongzhuling,Gōng Zhǔ Lǐng,220381,Gongzhuling,GōngZhǔLǐng,220381,County City,Siping,Sì píng,220300,Prefecture City,Jilin,Jí Lín,220000,Province,2010,5878882,6422888,0.9153019638517751,91.53
船营区,220204,船营区,220204,市辖区,吉林市,220200,地级市,吉林省,220000,省,,,Chuanying,Chuán Yíng,220204,Chuanying,ChuánYíng,220204,District,Jilin,Jí Lín,220200,Prefecture City,Jilin,Jí Lín,220000,Province,2010,654728,1054178,0.6210791725875516,62.11
二道区,220105,二道区,220105,市辖区,长春市,220100,地级市,吉林省,220000,省,,,Erdao,Èr Dào,220105,Erdao,ÈrDào,220105,District,Changchun,Cháng Chūn,220100,Prefecture City,Jilin,Jí Lín,220000,Province,2010,458571,774920,0.5917656016104889,59.18
绿园区,220106,绿园区,220106,市辖区,长春市,220100,地级市,吉林省,220000,省,,,Lüyuan,Lǜ Yuán,220106,Lüyuan,Lǜ Yuán,220106,District,Changchun,Cháng Chūn,220100,Prefecture City,Jilin,Jí Lín,220000,Province,2010,239091,438106,0.5457377894847366,54.57
头屯河区,650106,头屯河区,650106,市辖区,乌鲁木齐市,650100,地级市,新疆维吾尔自治区,650000,自治区,,2001年新设立头屯河区,Toutunhe,Tóu Tún Hé,650106,Toutunhe,Tóu Tún Hé,650106,District,Wulumuqi,Wū Lǔ Mù Qí,650100,Prefecture City,Xinjiang,Xīn Jiāng,650000,Autonomous Region,2010,228046,420397,0.5424539185579346,54.25
新市区,650104,新市区,650104,市辖区,乌鲁木齐市,650100,地级市,新疆维吾尔自治区,650000,自治区,,2001年新设立新市区,Xinshi,Xīn Shì,650104,Xinshi,XīnShì,650104,District,Wulumuqi,Wū Lǔ Mù Qí,650100,Prefecture City,Xinjiang,Xīn Jiāng,650000,Autonomous Region,2010,182182,403009,0.4520544206208794,45.21
伊宁县,654021,伊宁县,654021,县,伊犁哈萨克自治州,654000,自治州,新疆维吾尔自治区,650000,自治区,,,Yining,Yī Níng,654021,Yining,Yī Níng,654021,County,Yilihasake,Yī Lí Hā Sà Kè,654000,Autonomous Prefecture,Xinjiang,Xīn Jiāng,650000,Autonomous Region,2010,1560029,6911058,0.22572940351535178,22.57
伊宁市,654002,伊宁市,654002,县级市,伊犁哈萨克自治州,654000,自治州,新疆维吾尔自治区,650000,自治区,,,Yining,Yī Níng,654002,Yining,Yī Níng,654002,County City,Yilihasake,Yī Lí Hā Sà Kè,654000,Autonomous Prefecture,Xinjiang,Xīn Jiāng,650000,Autonomous Region,2010,340705,982446,0.3467925972521645,34.68
昌邑区,220202,昌邑区,220202,市辖区,吉林市,220200,地级市,吉林省,220000,省,,,Changyi,Chāng Yì,220202,Changyi,ChāngYì,220202,District,Jilin,Jí Lín,220200,Prefecture City,Jilin,Jí Lín,220000,Province,2010,923022,1326708,0.6957235503215478,69.57
科尔沁左翼中旗,150521,科尔沁左翼中旗,150521,旗,通辽市,150500,地级市,内蒙古自治区,150000,自治区,,,Keerqinzuoyizhong,Kē Ěr Qìn Zuǒ Yì Zhōng,150521,Keerqinzuoyizhong,KēĚrQìnZuǒYì Zhōng,150521,Banner,Tongliao,Tōng Liáo,150500,Prefecture City,Neimenggu,Nèi Měng Gǔ,150000,Autonomous Region,2010,7865326,14806083,0.5312226062760826,53.12
宁安市,231084,宁安市,231084,县级市,牡丹江市,231000,地级市,黑龙江省,230000,省,,,Ningan,Níng Ān,231084,Ningan,Níng Ān,231084,County City,Mudanjiang,Mǔ Dān Jiāng,231000,Prefecture City,Heilongjiang,Hēi Lóng Jiāng,230000,Province,2010,3624980,11135275,0.32554023138180244,32.55
龙潭区,220203,龙潭区,220203,市辖区,吉林市,220200,地级市,吉林省,220000,省,,,Longtan,Lóng Tán,220203,Longtan,LóngTán,220203,District,Jilin,Jí Lín,220200,Prefecture City,Jilin,Jí Lín,220000,Province,2010,965704,1815342,0.531968080945629,53.2
宽城区,220103,宽城区,220103,市辖区,长春市,220100,地级市,吉林省,220000,省,,,Kuancheng,Kuān Chéng,220103,Kuancheng,KuānChéng,220103,District,Changchun,Cháng Chūn,220100,Prefecture City,Jilin,Jí Lín,220000,Province,2010,1168278,1434196,0.8145874064632728,81.46
昌吉市,652301,昌吉市,652301,县级市,昌吉回族自治州,652300,自治州,新疆维吾尔自治区,650000,自治区,,,Changji,Chāng Jí,652301,Changji,ChāngJí,652301,County City,Changjihuizu,Chāng Jí Huí Zú,652300,Autonomous Prefecture,Xinjiang,Xīn Jiāng,650000,Autonomous Region,2010,2016082,12357754,0.16314307599908526,16.31
阿鲁科尔沁旗,150421,阿鲁科尔沁旗,150421,旗,赤峰市,150400,地级市,内蒙古自治区,150000,自治区,,,Alukeerqin,Ā Lǔ Kē Ěr Qìn,150421,Alukeerqin,Ā LǔKēĚrQìn,150421,Banner,Chifeng,Chì Fēng,150400,Prefecture City,Neimenggu,Nèi Měng Gǔ,150000,Autonomous Region,2010,5615744,20513537,0.2737579579767253,27.38
巴林左旗,150422,巴林左旗,150422,旗,赤峰市,150400,地级市,内蒙古自治区,150000,自治区,,,Balinzuo,Bā Lín Zuǒ,150422,Balinzuo,BāLínZuǒ,150422,Banner,Chifeng,Chì Fēng,150400,Prefecture City,Neimenggu,Nèi Měng Gǔ,150000,Autonomous Region,2010,3064437,10032333,0.30545606889245003,30.55
九台市,220181,九台市,220181,县级市,长春市,220100,地级市,吉林省,220000,省,,,Jiutai,Jiǔ Tái,220181,Jiutai,Jiǔ Tái,220181,County City,Changchun,Cháng Chūn,220100,Prefecture City,Jilin,Jí Lín,220000,Province,2010,4164601,5229624,0.7963480739724309,79.63
霍城县,654023,霍城县,654023,县,伊犁哈萨克自治州,654000,自治州,新疆维吾尔自治区,650000,自治区,,,Huocheng,Huò Chéng,654023,Huocheng,HuòChéng,654023,County,Yilihasake,Yī Lí Hā Sà Kè,654000,Autonomous Prefecture,Xinjiang,Xīn Jiāng,650000,Autonomous Region,2010,1900753,8453456,0.2248492214308562,22.48
长岭县,220722,长岭县,220722,县,松原市,220700,地级市,吉林省,220000,省,,,Changling,Cháng Lǐng,220722,Changling,Cháng Lǐng,220722,County,Songyuan,Sōng Yuán,220700,Prefecture City,Jilin,Jí Lín,220000,Province,2010,6674125,8908701,0.7491692672141539,74.92
石河子市,659001,石河子市,659001,县级市,不统计,0,不统计,新疆维吾尔自治区,650000,自治区,,"省直辖市,省直管,是县级单位",Shihezi,Shí Hé Zi,659001,Shihezi,Shí Hé Zi,659001,County City,NULL,NULL,0,NULL,Xinjiang,Xīn Jiāng,650000,Autonomous Region,2010,382539,712757,0.5367032523005737,53.67
舒兰市,220283,舒兰市,220283,县级市,吉林市,220200,地级市,吉林省,220000,省,,,Shulan,Shū Lán,220283,Shulan,ShūLán,220283,County City,Jilin,Jí Lín,220200,Prefecture City,Jilin,Jí Lín,220000,Province,2010,3130147,7081270,0.44203186716507065,44.2
沙湾县,654223,沙湾县,654223,县,塔城地区,654200,地区,新疆维吾尔自治区,650000,自治区,,,Shawan,Shā Wān,654223,Shawan,Shā Wān,654223,County,Tacheng,Tǎ Chéng,654200,Prefecture,Xinjiang,Xīn Jiāng,650000,Autonomous Region,2010,5601888,19360184,0.289350968978394,28.94
五家渠市,659004,五家渠市,659004,县级市,不统计,0,不统计,新疆维吾尔自治区,650000,自治区,,"省直辖市,省直管,是县级单位",Wujiaqu,Wǔ Jiā Qú,659004,Wujiaqu,Wǔ Jiā Qú,659004,County City,NULL,NULL,0,NULL,Xinjiang,Xīn Jiāng,650000,Autonomous Region,2010,456973,1148894,0.3977503581705536,39.78
呼图壁县,652323,呼图壁县,652323,县,昌吉回族自治州,652300,自治州,新疆维吾尔自治区,650000,自治区,,,Hutubi,Hū Tú Bì,652323,Hutubi,HūTúBì,652323,County,Changjihuizu,Chāng Jí Huí Zú,652300,Autonomous Prefecture,Xinjiang,Xīn Jiāng,650000,Autonomous Region,2010,2714079,14806598,0.18330199820377374,18.33
乌苏市,654202,乌苏市,654202,县级市,塔城地区,654200,地区,新疆维吾尔自治区,650000,自治区,,,Wusu,Wū Sū,654202,Wusu,Wū Sū,654202,County City,Tacheng,Tǎ Chéng,654200,Prefecture,Xinjiang,Xīn Jiāng,650000,Autonomous Region,2010,3685459,22369059,0.16475699760101664,16.48
农安县,220122,农安县,220122,县,长春市,220100,地级市,吉林省,220000,省,,,Nongan,Nóng Ān,220122,Nongan,NóngĀn,220122,County,Changchun,Cháng Chūn,220100,Prefecture City,Jilin,Jí Lín,220000,Province,2010,7222415,8152108,0.8859567365888675,88.6
西安区,231005,西安区,231005,市辖区,牡丹江市,231000,地级市,黑龙江省,230000,省,,,Xian,Xī Ān,231005,Xian,XīĀn,231005,District,Mudanjiang,Mǔ Dān Jiāng,231000,Prefecture City,Heilongjiang,Hēi Lóng Jiāng,230000,Province,2010,334146,586218,0.5700029681790734,57.0
玛纳斯县,652324,玛纳斯县,652324,县,昌吉回族自治州,652300,自治州,新疆维吾尔自治区,650000,自治区,,,Manasi,Mǎ Nà Sī,652324,Manasi,MǎNàSī,652324,County,Changjihuizu,Chāng Jí Huí Zú,652300,Autonomous Prefecture,Xinjiang,Xīn Jiāng,650000,Autonomous Region,2010,3240785,14282670,0.2269033030938893,22.69
奎屯市,654003,奎屯市,654003,县级市,伊犁哈萨克自治州,654000,自治州,新疆维吾尔自治区,650000,自治区,,,Kuitun,Kuí Tún,654003,Kuitun,Kuí Tún,654003,County City,Yilihasake,Yī Lí Hā Sà Kè,654000,Autonomous Prefecture,Xinjiang,Xīn Jiāng,650000,Autonomous Region,2010,633463,1827547,0.34661926615293615,34.66
德惠市,220183,德惠市,220183,县级市,长春市,220100,地级市,吉林省,220000,省,,,Dehui,Dé Huì,220183,Dehui,DéHuì,220183,County City,Changchun,Cháng Chūn,220100,Prefecture City,Jilin,Jí Lín,220000,Province,2010,4342031,4700231,0.9237909796348307,92.38
穆棱市,231085,穆棱市,231085,县级市,牡丹江市,231000,地级市,黑龙江省,230000,省,,,Muling,Mù Líng,231085,Muling,Mù Líng,231085,County City,Mudanjiang,Mǔ Dān Jiāng,231000,Prefecture City,Heilongjiang,Hēi Lóng Jiāng,230000,Province,2010,2438455,9360218,0.26051262908620293,26.05
阳明区,231003,阳明区,231003,市辖区,牡丹江市,231000,地级市,黑龙江省,230000,省,,,Yangming,Yáng Míng,231003,Yangming,YángMíng,231003,District,Mudanjiang,Mǔ Dān Jiāng,231000,Prefecture City,Heilongjiang,Hēi Lóng Jiāng,230000,Province,2010,924006,2067525,0.4469140639170022,44.69
爱民区,231004,爱民区,231004,市辖区,牡丹江市,231000,地级市,黑龙江省,230000,省,,,Aimin,Ài Mín,231004,Aimin,ÀiMín,231004,District,Mudanjiang,Mǔ Dān Jiāng,231000,Prefecture City,Heilongjiang,Hēi Lóng Jiāng,230000,Province,2010,118613,682552,0.17377870110995206,17.38
五常市,230184,五常市,230184,县级市,哈尔滨市,230100,地级市,黑龙江省,230000,省,,,Wuchang,Wǔ Cháng,230184,Wuchang,WǔCháng,230184,County City,Haerbin,Hā Ěr Bīn,230100,Prefecture City,Heilongjiang,Hēi Lóng Jiāng,230000,Province,2010,5689156,11739756,0.4846059832930088,48.46
通榆县,220822,通榆县,220822,县,白城市,220800,地级市,吉林省,220000,省,,,Tongyu,Tōng Yú,220822,Tongyu,Tōng Yú,220822,County,Baicheng,Bái Chéng,220800,Prefecture City,Jilin,Jí Lín,220000,Province,2010,6729297,13266743,0.507230523723871,50.72
扎鲁特旗,150526,扎鲁特旗,150526,旗,通辽市,150500,地级市,内蒙古自治区,150000,自治区,,,Zhalute,Zhā Lǔ Tè,150526,Zhalute,Zhā LǔTè,150526,Banner,Tongliao,Tōng Liáo,150500,Prefecture City,Neimenggu,Nèi Měng Gǔ,150000,Autonomous Region,2010,5681906,25825727,0.220009527708552,22.0
前郭尔罗斯蒙古族自治县,220721,前郭尔罗斯蒙古族自治县,220721,自治县,松原市,220700,地级市,吉林省,220000,省,,,Qianguoerluosimengguzu,Qián Guō Ěr Luó Sī Měng Gǔ Zú,220721,Qianguoerluosimengguzu,QiánGuōĚrLuóSī Měng GǔZú,220721,Autonomous County,Songyuan,Sōng Yuán,220700,Prefecture City,Jilin,Jí Lín,220000,Province,2010,6611713,9395786,0.7036891857690245,70.37
榆树市,220182,榆树市,220182,县级市,长春市,220100,地级市,吉林省,220000,省,,,Yushu,Yú Shù,220182,Yushu,YúShù,220182,County City,Changchun,Cháng Chūn,220100,Prefecture City,Jilin,Jí Lín,220000,Province,2010,6880747,7393891,0.9305989228134415,93.06
乾安县,220723,乾安县,220723,县,松原市,220700,地级市,吉林省,220000,省,,,Qianan,Qián Ān,220723,Qianan,Qián Ān,220723,County,Songyuan,Sōng Yuán,220700,Prefecture City,Jilin,Jí Lín,220000,Province,2010,3548036,5514258,0.6434294514329942,64.34
尚志市,230183,尚志市,230183,县级市,哈尔滨市,230100,地级市,黑龙江省,230000,省,,,Shangzhi,Shàng Zhì,230183,Shangzhi,ShàngZhì,230183,County City,Haerbin,Hā Ěr Bīn,230100,Prefecture City,Heilongjiang,Hēi Lóng Jiāng,230000,Province,2010,4294977,13989512,0.30701406882527427,30.7
梨树区,230305,梨树区,230305,市辖区,鸡西市,230300,地级市,黑龙江省,230000,省,,,Lishu,Lí Shù,230305,Lishu,LíShù,230305,District,Jixi,Jī Xī,230300,Prefecture City,Heilongjiang,Hēi Lóng Jiāng,230000,Province,2010,147427,643996,0.22892533493996858,22.89
扶余县,220724,扶余县,220724,县,松原市,220700,地级市,吉林省,220000,省,,,Fuyu,Fú Yú,220724,Fuyu,FúYú,220724,County,Songyuan,Sōng Yuán,220700,Prefecture City,Jilin,Jí Lín,220000,Province,2010,6000658,6785279,0.8843642243745614,88.44
恒山区,230303,恒山区,230303,市辖区,鸡西市,230300,地级市,黑龙江省,230000,省,,,Hengshan,Héng Shān,230303,Hengshan,HéngShān,230303,District,Jixi,Jī Xī,230300,Prefecture City,Heilongjiang,Hēi Lóng Jiāng,230000,Province,2010,252786,863915,0.29260517527766045,29.26
克拉玛依区,650203,克拉玛依区,650203,市辖区,克拉玛依市,650200,地级市,新疆维吾尔自治区,650000,自治区,,,Kelamayi,Kè Lā Mǎ Yī,650203,Kelamayi,Kè Lā MǎYī,650203,District,Kelamayi,Kè Lā Mǎ Yī,650200,Prefecture City,Xinjiang,Xīn Jiāng,650000,Autonomous Region,2010,1316905,6059578,0.21732619004161677,21.73
麻山区,230307,麻山区,230307,市辖区,鸡西市,230300,地级市,黑龙江省,230000,省,,,Mashan,Má Shān,230307,Mashan,MáShān,230307,District,Jixi,Jī Xī,230300,Prefecture City,Heilongjiang,Hēi Lóng Jiāng,230000,Province,2010,333223,657342,0.5069248579886878,50.69
宁江区,220702,宁江区,220702,市辖区,松原市,220700,地级市,吉林省,220000,省,,,Ningjiang,Níng Jiāng,220702,Ningjiang,Níng Jiāng,220702,District,Songyuan,Sōng Yuán,220700,Prefecture City,Jilin,Jí Lín,220000,Province,2010,1930261,2534210,0.7616815496742575,76.17
科尔沁右翼中旗,152222,科尔沁右翼中旗,152222,旗,兴安盟,152200,盟,内蒙古自治区,150000,自治区,,,Keerqinyouyizhong,Kē Ěr Qìn Yòu Yì Zhōng,152222,Keerqinyouyizhong,KēĚrQìnYòuYì Zhōng,152222,Banner,Xingan,Xīng Ān,152200,League,Neimenggu,Nèi Měng Gǔ,150000,Autonomous Region,2010,6348745,20191578,0.314425400530855,31.44
鸡东县,230321,鸡东县,230321,县,鸡西市,230300,地级市,黑龙江省,230000,省,,,Jidong,Jī Dōng,230321,Jidong,JīDōng,230321,County,Jixi,Jī Xī,230300,Prefecture City,Heilongjiang,Hēi Lóng Jiāng,230000,Province,2010,2414088,5061782,0.47692452974071187,47.69
鸡冠区,230302,鸡冠区,230302,市辖区,鸡西市,230300,地级市,黑龙江省,230000,省,,,Jiguan,Jī Guān,230302,Jiguan,Jī Guān,230302,District,Jixi,Jī Xī,230300,Prefecture City,Heilongjiang,Hēi Lóng Jiāng,230000,Province,2010,94037,232582,0.4043176170124945,40.43
滴道区,230304,滴道区,230304,市辖区,鸡西市,230300,地级市,黑龙江省,230000,省,,,Didao,Dī Dào,230304,Didao,DīDào,230304,District,Jixi,Jī Xī,230300,Prefecture City,Heilongjiang,Hēi Lóng Jiāng,230000,Province,2010,335271,790981,0.4238673242467265,42.39
城子河区,230306,城子河区,230306,市辖区,鸡西市,230300,地级市,黑龙江省,230000,省,,,Chengzihe,Chéng Zi Hé,230306,Chengzihe,Chéng Zi Hé,230306,District,Jixi,Jī Xī,230300,Prefecture City,Heilongjiang,Hēi Lóng Jiāng,230000,Province,2010,76707,279309,0.2746313222989592,27.46
双城市,230182,双城市,230182,县级市,哈尔滨市,230100,地级市,黑龙江省,230000,省,,,Shuangcheng,Shuāng Chéng,230182,Shuangcheng,ShuāngChéng,230182,County City,Haerbin,Hā Ěr Bīn,230100,Prefecture City,Heilongjiang,Hēi Lóng Jiāng,230000,Province,2010,4453406,4931330,0.9030841578235487,90.31
大安市,220882,大安市,220882,县级市,白城市,220800,地级市,吉林省,220000,省,,,Daan,Dà Ān,220882,Daan,Dà Ān,220882,County City,Baicheng,Bái Chéng,220800,Prefecture City,Jilin,Jí Lín,220000,Province,2010,3074871,7734381,0.39755877037865084,39.76
林口县,231025,林口县,231025,县,牡丹江市,231000,地级市,黑龙江省,230000,省,,,Linkou,Lín Kǒu,231025,Linkou,LínKǒu,231025,County,Mudanjiang,Mǔ Dān Jiāng,231000,Prefecture City,Heilongjiang,Hēi Lóng Jiāng,230000,Province,2010,3724527,10516405,0.35416351880704483,35.42
密山市,230382,密山市,230382,县级市,鸡西市,230300,地级市,黑龙江省,230000,省,,,Mishan,Mì Shān,230382,Mishan,MìShān,230382,County City,Jixi,Jī Xī,230300,Prefecture City,Heilongjiang,Hēi Lóng Jiāng,230000,Province,2010,7874493,12196653,0.6456273700661976,64.56
洮南市,220881,洮南市,220881,县级市,白城市,220800,地级市,吉林省,220000,省,,,Taonan,Táo Nán,220881,Taonan,Táo Nán,220881,County City,Baicheng,Bái Chéng,220800,Prefecture City,Jilin,Jí Lín,220000,Province,2010,5750018,8085476,0.7111539258789464,71.12
阿城区,230112,阿城区,230112,市辖区,哈尔滨市,230100,地级市,黑龙江省,230000,省,阿城市,2006年撤销阿城市，设立阿城区,Acheng,Ā Chéng,230112,Acheng,Ā Chéng,230112,District,Haerbin,Hā Ěr Bīn,230100,Prefecture City,Heilongjiang,Hēi Lóng Jiāng,230000,Province,2010,1893599,3875301,0.4886327539460806,48.86
延寿县,230129,延寿县,230129,县,哈尔滨市,230100,地级市,黑龙江省,230000,省,,,Yanshou,Yán Shòu,230129,Yanshou,YánShòu,230129,County,Haerbin,Hā Ěr Bīn,230100,Prefecture City,Heilongjiang,Hēi Lóng Jiāng,230000,Province,2010,2526039,4899547,0.5155658267999061,51.56
平房区,230108,平房区,230108,市辖区,哈尔滨市,230100,地级市,黑龙江省,230000,省,,,Pingfang,Píng Fáng,230108,Pingfang,PíngFáng,230108,District,Haerbin,Hā Ěr Bīn,230100,Prefecture City,Heilongjiang,Hēi Lóng Jiāng,230000,Province,2010,111536,156941,0.71068745579549,71.07
洮北区,220802,洮北区,220802,市辖区,白城市,220800,地级市,吉林省,220000,省,,,Taobei,Táo Běi,220802,Taobei,TáoBěi,220802,District,Baicheng,Bái Chéng,220800,Prefecture City,Jilin,Jí Lín,220000,Province,2010,2794014,3443979,0.8112749816418742,81.13
突泉县,152224,突泉县,152224,县,兴安盟,152200,盟,内蒙古自治区,150000,自治区,,,Tuquan,Tū Quán,152224,Tuquan,TūQuán,152224,County,Xingan,Xīng Ān,152200,League,Neimenggu,Nèi Měng Gǔ,150000,Autonomous Region,2010,3973469,7625010,0.5211100051016326,52.11
肇源县,230622,肇源县,230622,县,大庆市,230600,地级市,黑龙江省,230000,省,,,Zhaoyuan,Zhào Yuán,230622,Zhaoyuan,ZhàoYuán,230622,County,Daqing,Dà Qìng,230600,Prefecture City,Heilongjiang,Hēi Lóng Jiāng,230000,Province,2010,4293102,6592475,0.6512124808967801,65.12
南岗区,230103,南岗区,230103,市辖区,哈尔滨市,230100,地级市,黑龙江省,230000,省,,,Nangang,Nán Gǎng,230103,Nangang,Nán Gǎng,230103,District,Haerbin,Hā Ěr Bīn,230100,Prefecture City,Heilongjiang,Hēi Lóng Jiāng,230000,Province,2010,135204,270000,0.5007555555555555,50.08
道里区,230102,道里区,230102,市辖区,哈尔滨市,230100,地级市,黑龙江省,230000,省,,,Daoli,Dào Lǐ,230102,Daoli,Dào Lǐ,230102,District,Haerbin,Hā Ěr Bīn,230100,Prefecture City,Heilongjiang,Hēi Lóng Jiāng,230000,Province,2010,495846,737146,0.672656434410551,67.27
香坊区,230110,香坊区,230110,市辖区,哈尔滨市,230100,地级市,黑龙江省,230000,省,,,Xiangfang,Xiāng Fāng,230110,Xiangfang,Xiāng Fāng,230110,District,Haerbin,Hā Ěr Bīn,230100,Prefecture City,Heilongjiang,Hēi Lóng Jiāng,230000,Province,2010,333862,541410,0.6166528139487634,61.67
宾县,230125,宾县,230125,县,哈尔滨市,230100,地级市,黑龙江省,230000,省,,,Binxian,Bīn Xiàn,230125,Binxian,BīnXiàn,230125,County,Haerbin,Hā Ěr Bīn,230100,Prefecture City,Heilongjiang,Hēi Lóng Jiāng,230000,Province,2010,3849823,6128820,0.6281507696424434,62.82
方正县,230124,方正县,230124,县,哈尔滨市,230100,地级市,黑龙江省,230000,省,,,Fangzheng,Fāng Zhèng,230124,Fangzheng,Fāng Zhèng,230124,County,Haerbin,Hā Ěr Bīn,230100,Prefecture City,Heilongjiang,Hēi Lóng Jiāng,230000,Province,2010,1412953,4748169,0.29757849815370935,29.76
勃利县,230921,勃利县,230921,县,七台河市,230900,地级市,黑龙江省,230000,省,,,Boli,Bó Lì,230921,Boli,BóLì,230921,County,Qitaihe,Qī Tái Hé,230900,Prefecture City,Heilongjiang,Hēi Lóng Jiāng,230000,Province,2010,2070840,3805328,0.544194876236687,54.42
肇州县,230621,肇州县,230621,县,大庆市,230600,地级市,黑龙江省,230000,省,,,Zhaozhou,Zhào Zhōu,230621,Zhaozhou,ZhàoZhōu,230621,County,Daqing,Dà Qìng,230600,Prefecture City,Heilongjiang,Hēi Lóng Jiāng,230000,Province,2010,2868683,3900684,0.7354307603486978,73.54
道外区,230104,道外区,230104,市辖区,哈尔滨市,230100,地级市,黑龙江省,230000,省,,2006年新设立道外区,Daowai,Dào Wài,230104,Daowai,DàoWài,230104,District,Haerbin,Hā Ěr Bīn,230100,Prefecture City,Heilongjiang,Hēi Lóng Jiāng,230000,Province,2010,674891,980040,0.688636178115179,68.86
茄子河区,230904,茄子河区,230904,市辖区,七台河市,230900,地级市,黑龙江省,230000,省,,,Qiezihe,Qié Zi Hé,230904,Qiezihe,Qié Zi Hé,230904,District,Qitaihe,Qī Tái Hé,230900,Prefecture City,Heilongjiang,Hēi Lóng Jiāng,230000,Province,2010,1339504,2496821,0.536483792790913,53.65
松北区,230109,松北区,230109,市辖区,哈尔滨市,230100,地级市,黑龙江省,230000,省,,2004年新设立松北区,Songbei,Sōng Běi,230109,Songbei,SōngBěi,230109,District,Haerbin,Hā Ěr Bīn,230100,Prefecture City,Heilongjiang,Hēi Lóng Jiāng,230000,Province,2010,943566,1206945,0.781780445670681,78.18
新兴区,230902,新兴区,230902,市辖区,七台河市,230900,地级市,黑龙江省,230000,省,,,Xinxing,Xīn Xīng,230902,Xinxing,Xīn Xīng,230902,District,Qitaihe,Qī Tái Hé,230900,Prefecture City,Heilongjiang,Hēi Lóng Jiāng,230000,Province,2010,1404134,2406831,0.5833953443345212,58.34
镇赉县,220821,镇赉县,220821,县,白城市,220800,地级市,吉林省,220000,省,,,Zhenlai,Zhèn Lài,220821,Zhenlai,ZhènLài,220821,County,Baicheng,Bái Chéng,220800,Prefecture City,Jilin,Jí Lín,220000,Province,2010,4237941,8097089,0.5233906901603774,52.34
虎林市,230381,虎林市,230381,县级市,鸡西市,230300,地级市,黑龙江省,230000,省,,,Hulin,Hǔ Lín,230381,Hulin,HǔLín,230381,County City,Jixi,Jī Xī,230300,Prefecture City,Heilongjiang,Hēi Lóng Jiāng,230000,Province,2010,9369187,14879852,0.6296559266852924,62.97
乌兰浩特市,152201,乌兰浩特市,152201,县级市,兴安盟,152200,盟,内蒙古自治区,150000,自治区,,,Wulanhaote,Wū Lán Hào Tè,152201,Wulanhaote,Wū LánHàoTè,152201,County City,Xingan,Xīng Ān,152200,League,Neimenggu,Nèi Měng Gǔ,150000,Autonomous Region,2010,1569612,3667944,0.42792692582002345,42.79
肇东市,231282,肇东市,231282,县级市,绥化市,231200,地级市,黑龙江省,230000,省,,,Zhaodong,Zhào Dōng,231282,Zhaodong,ZhàoDōng,231282,County City,Suihua,Suí Huà,231200,Prefecture City,Heilongjiang,Hēi Lóng Jiāng,230000,Province,2010,5741635,6921810,0.8294990761087057,82.95
大同区,230606,大同区,230606,市辖区,大庆市,230600,地级市,黑龙江省,230000,省,,,Datong,Dà Tóng,230606,Datong,Dà Tóng,230606,District,Daqing,Dà Qìng,230600,Prefecture City,Heilongjiang,Hēi Lóng Jiāng,230000,Province,2010,1807506,3742683,0.48294392017704946,48.29
呼兰区,230111,呼兰区,230111,市辖区,哈尔滨市,230100,地级市,黑龙江省,230000,省,,,Hulan,Hū Lán,230111,Hulan,HūLán,230111,District,Haerbin,Hā Ěr Bīn,230100,Prefecture City,Heilongjiang,Hēi Lóng Jiāng,230000,Province,2010,2861933,3496971,0.8184034125533212,81.84
木兰县,230127,木兰县,230127,县,哈尔滨市,230100,地级市,黑龙江省,230000,省,,,Mulan,Mù Lán,230127,Mulan,MùLán,230127,County,Haerbin,Hā Ěr Bīn,230100,Prefecture City,Heilongjiang,Hēi Lóng Jiāng,230000,Province,2010,2366490,5093439,0.464615361055664,46.46
通河县,230128,通河县,230128,县,哈尔滨市,230100,地级市,黑龙江省,230000,省,,,Tonghe,Tōng Hé,230128,Tonghe,Tōng Hé,230128,County,Haerbin,Hā Ěr Bīn,230100,Prefecture City,Heilongjiang,Hēi Lóng Jiāng,230000,Province,2010,2320228,9090849,0.2552267670489302,25.52
依兰县,230123,依兰县,230123,县,哈尔滨市,230100,地级市,黑龙江省,230000,省,,,Yilan,Yī Lán,230123,Yilan,YīLán,230123,County,Haerbin,Hā Ěr Bīn,230100,Prefecture City,Heilongjiang,Hēi Lóng Jiāng,230000,Province,2010,4536225,7402105,0.6128290533571193,61.28
桦南县,230822,桦南县,230822,县,佳木斯市,230800,地级市,黑龙江省,230000,省,,,Huanan,Huà Nán,230822,Huanan,Huà Nán,230822,County,Jiamusi,Jiā Mù Sī,230800,Prefecture City,Heilongjiang,Hēi Lóng Jiāng,230000,Province,2010,4318919,8159599,0.5293053004197877,52.93
巴彦县,230126,巴彦县,230126,县,哈尔滨市,230100,地级市,黑龙江省,230000,省,,,Bayan,Bā Yàn,230126,Bayan,BāYàn,230126,County,Haerbin,Hā Ěr Bīn,230100,Prefecture City,Heilongjiang,Hēi Lóng Jiāng,230000,Province,2010,4244295,5052366,0.8400608744497132,84.01
红岗区,230605,红岗区,230605,市辖区,大庆市,230600,地级市,黑龙江省,230000,省,,,Honggang,Hóng Gǎng,230605,Honggang,Hóng Gǎng,230605,District,Daqing,Dà Qìng,230600,Prefecture City,Heilongjiang,Hēi Lóng Jiāng,230000,Province,2010,220525,1024206,0.21531313036635208,21.53
兰西县,231222,兰西县,231222,县,绥化市,231200,地级市,黑龙江省,230000,省,,,Lanxi,Lán Xī,231222,Lanxi,LánXī,231222,County,Suihua,Suí Huà,231200,Prefecture City,Heilongjiang,Hēi Lóng Jiāng,230000,Province,2010,3623331,3999306,0.9059899392544607,90.6
科尔沁右翼前旗,152221,科尔沁右翼前旗,152221,旗,兴安盟,152200,盟,内蒙古自治区,150000,自治区,,,Keerqinyouyiqian,Kē Ěr Qìn Yòu Yì Qián,152221,Keerqinyouyiqian,KēĚrQìnYòuYìQián,152221,Banner,Xingan,Xīng Ān,152200,League,Neimenggu,Nèi Měng Gǔ,150000,Autonomous Region,2010,5844732,27008026,0.21640722650370672,21.64
宝清县,230523,宝清县,230523,县,双鸭山市,230500,地级市,黑龙江省,230000,省,,,Baoqing,Bǎo Qīng,230523,Baoqing,BǎoQīng,230523,County,Shuangyashan,Shuāng Yā Shān,230500,Prefecture City,Heilongjiang,Hēi Lóng Jiāng,230000,Province,2010,9808463,16096187,0.6093656218084444,60.94
宝山区,230506,宝山区,230506,市辖区,双鸭山市,230500,地级市,黑龙江省,230000,省,,,Baoshan,Bǎo Shān,230506,Baoshan,BǎoShān,230506,District,Shuangyashan,Shuāng Yā Shān,230500,Prefecture City,Heilongjiang,Hēi Lóng Jiāng,230000,Province,2010,529964,809207,0.6549177157389889,65.49
龙凤区,230603,龙凤区,230603,市辖区,大庆市,230600,地级市,黑龙江省,230000,省,,,Longfeng,Lóng Fèng,230603,Longfeng,LóngFèng,230603,District,Daqing,Dà Qìng,230600,Prefecture City,Heilongjiang,Hēi Lóng Jiāng,230000,Province,2010,113669,644154,0.17646246084010966,17.65
安达市,231281,安达市,231281,县级市,绥化市,231200,地级市,黑龙江省,230000,省,,,Anda,Ān Dá,231281,Anda,ĀnDá,231281,County City,Suihua,Suí Huà,231200,Prefecture City,Heilongjiang,Hēi Lóng Jiāng,230000,Province,2010,3077648,5843966,0.5266368763952426,52.66
杜尔伯特蒙古族自治县,230624,杜尔伯特蒙古族自治县,230624,自治县,大庆市,230600,地级市,黑龙江省,230000,省,,,Duerbotemengguzu,Dù Ěr Bó Tè Měng Gǔ Zú,230624,Duerbotemengguzu,DùĚr Bó Tè Měng GǔZú,230624,Autonomous County,Daqing,Dà Qìng,230600,Prefecture City,Heilongjiang,Hēi Lóng Jiāng,230000,Province,2010,3576165,9768013,0.3661097707384296,36.61
额敏县,654221,额敏县,654221,县,塔城地区,654200,地区,新疆维吾尔自治区,650000,自治区,,,Emin,É Mǐn,654221,Emin,ÉMǐn,654221,County,Tacheng,Tǎ Chéng,654200,Prefecture,Xinjiang,Xīn Jiāng,650000,Autonomous Region,2010,2751988,14754062,0.1865240907893704,18.65
泰来县,230224,泰来县,230224,县,齐齐哈尔市,230200,地级市,黑龙江省,230000,省,,,Tailai,Tài Lái,230224,Tailai,TàiLái,230224,County,Qiqihaer,Qí Qí Hā Ěr,230200,Prefecture City,Heilongjiang,Hēi Lóng Jiāng,230000,Province,2010,4744239,6320503,0.7506109877647396,75.06
尖山区,230502,尖山区,230502,市辖区,双鸭山市,230500,地级市,黑龙江省,230000,省,,,Jianshan,Jiān Shān,230502,Jianshan,JiānShān,230502,District,Shuangyashan,Shuāng Yā Shān,230500,Prefecture City,Heilongjiang,Hēi Lóng Jiāng,230000,Province,2010,72072,191217,0.37691209463593717,37.69
四方台区,230505,四方台区,230505,市辖区,双鸭山市,230500,地级市,黑龙江省,230000,省,,,Sifangtai,Sì Fāng Tái,230505,Sifangtai,SìFāng Tái,230505,District,Shuangyashan,Shuāng Yā Shān,230500,Prefecture City,Heilongjiang,Hēi Lóng Jiāng,230000,Province,2010,185227,273056,0.6783480311730927,67.83
让胡路区,230604,让胡路区,230604,市辖区,大庆市,230600,地级市,黑龙江省,230000,省,,,Ranghulu,Ràng Hú Lù,230604,Ranghulu,RàngHúLù,230604,District,Daqing,Dà Qìng,230600,Prefecture City,Heilongjiang,Hēi Lóng Jiāng,230000,Province,2010,529028,1926321,0.2746312790028246,27.46
北林区,231202,北林区,231202,市辖区,绥化市,231200,地级市,黑龙江省,230000,省,,,Beilin,Běi Lín,231202,Beilin,BěiLín,231202,District,Suihua,Suí Huà,231200,Prefecture City,Heilongjiang,Hēi Lóng Jiāng,230000,Province,2010,4152837,4464067,0.9302810643299037,93.03
郊区,230811,郊区,230811,市辖区,佳木斯市,230800,地级市,黑龙江省,230000,省,,,Jiaoqu,Jiāo Qū,230811,Jiaoqu,Jiāo Qū,230811,District,Jiamusi,Jiā Mù Sī,230800,Prefecture City,Heilongjiang,Hēi Lóng Jiāng,230000,Province,2010,2068955,2881876,0.7179195079871583,71.79
前进区,230804,前进区,230804,市辖区,佳木斯市,230800,地级市,黑龙江省,230000,省,,,Qianjin,Qián Jìn,230804,Qianjin,QiánJìn,230804,District,Jiamusi,Jiā Mù Sī,230800,Prefecture City,Heilongjiang,Hēi Lóng Jiāng,230000,Province,2010,21849,42991,0.5082226512525877,50.82
扎赉特旗,152223,扎赉特旗,152223,旗,兴安盟,152200,盟,内蒙古自治区,150000,自治区,,,Zhalaite,Zhā Lài Tè,152223,Zhalaite,Zhā LàiTè,152223,Banner,Xingan,Xīng Ān,152200,League,Neimenggu,Nèi Měng Gǔ,150000,Autonomous Region,2010,8159054,18044353,0.45216661412021814,45.22
友谊县,230522,友谊县,230522,县,双鸭山市,230500,地级市,黑龙江省,230000,省,,,Youyi,Yǒu Yì,230522,Youyi,YǒuYì,230522,County,Shuangyashan,Shuāng Yā Shān,230500,Prefecture City,Heilongjiang,Hēi Lóng Jiāng,230000,Province,2010,2539692,2730217,0.9302161696304726,93.02
东风区,230805,东风区,230805,市辖区,佳木斯市,230800,地级市,黑龙江省,230000,省,,,Dongfeng,Dōng Fēng,230805,Dongfeng,DōngFēng,230805,District,Jiamusi,Jiā Mù Sī,230800,Prefecture City,Heilongjiang,Hēi Lóng Jiāng,230000,Province,2010,40665,84138,0.4833131284318619,48.33
塔城市,654201,塔城市,654201,县级市,塔城地区,654200,地区,新疆维吾尔自治区,650000,自治区,,,Tacheng,Tǎ Chéng,654201,Tacheng,TǎChéng,654201,County City,Tacheng,Tǎ Chéng,654200,Prefecture,Xinjiang,Xīn Jiāng,650000,Autonomous Region,2010,2301749,6456191,0.3565181079679954,35.65
集贤县,230521,集贤县,230521,县,双鸭山市,230500,地级市,黑龙江省,230000,省,,,Jixian,Jí Xián,230521,Jixian,JíXián,230521,County,Shuangyashan,Shuāng Yā Shān,230500,Prefecture City,Heilongjiang,Hēi Lóng Jiāng,230000,Province,2010,2862962,3647281,0.7849578905491515,78.5
向阳区,230803,向阳区,230803,市辖区,佳木斯市,230800,地级市,黑龙江省,230000,省,,,Xiangyang,Xiàng Yáng,230803,Xiangyang,XiàngYáng,230803,District,Jiamusi,Jiā Mù Sī,230800,Prefecture City,Heilongjiang,Hēi Lóng Jiāng,230000,Province,2010,30489,79340,0.38428283337534663,38.43
青冈县,231223,青冈县,231223,县,绥化市,231200,地级市,黑龙江省,230000,省,,,Qinggang,Qīng Gāng,231223,Qinggang,QīngGāng,231223,County,Suihua,Suí Huà,231200,Prefecture City,Heilongjiang,Hēi Lóng Jiāng,230000,Province,2010,4041107,4350006,0.9289888335786204,92.9
铁力市,230781,铁力市,230781,县级市,伊春市,230700,地级市,黑龙江省,230000,省,,,Tieli,Tiě Lì,230781,Tieli,TiěLì,230781,County City,Yichun,Yī Chūn,230700,Prefecture City,Heilongjiang,Hēi Lóng Jiāng,230000,Province,2010,1967086,10459785,0.18806180050545973,18.81
望奎县,231221,望奎县,231221,县,绥化市,231200,地级市,黑龙江省,230000,省,,,Wangkui,Wàng Kuí,231221,Wangkui,WàngKuí,231221,County,Suihua,Suí Huà,231200,Prefecture City,Heilongjiang,Hēi Lóng Jiāng,230000,Province,2010,3584748,3762918,0.9526511074650046,95.27
桦川县,230826,桦川县,230826,县,佳木斯市,230800,地级市,黑龙江省,230000,省,,,Huachuan,Huà Chuān,230826,Huachuan,HuàChuān,230826,County,Jiamusi,Jiā Mù Sī,230800,Prefecture City,Heilongjiang,Hēi Lóng Jiāng,230000,Province,2010,3114707,3619720,0.8604828550274607,86.05
汤原县,230828,汤原县,230828,县,佳木斯市,230800,地级市,黑龙江省,230000,省,,,Tangyuan,Tāng Yuán,230828,Tangyuan,Tāng Yuán,230828,County,Jiamusi,Jiā Mù Sī,230800,Prefecture City,Heilongjiang,Hēi Lóng Jiāng,230000,Province,2010,3217687,5571347,0.5775420199100864,57.75
庆安县,231224,庆安县,231224,县,绥化市,231200,地级市,黑龙江省,230000,省,,,Qingan,Qìng Ān,231224,Qingan,QìngĀn,231224,County,Suihua,Suí Huà,231200,Prefecture City,Heilongjiang,Hēi Lóng Jiāng,230000,Province,2010,3780779,8915342,0.42407559911891207,42.41
饶河县,230524,饶河县,230524,县,双鸭山市,230500,地级市,黑龙江省,230000,省,,,Raohe,Ráo Hé,230524,Raohe,RáoHé,230524,County,Shuangyashan,Shuāng Yā Shān,230500,Prefecture City,Heilongjiang,Hēi Lóng Jiāng,230000,Province,2010,6559022,12123592,0.5410130924894206,54.1
昂昂溪区,230205,昂昂溪区,230205,市辖区,齐齐哈尔市,230200,地级市,黑龙江省,230000,省,,,Angangxi,Áng Áng Xī,230205,Angangxi,ÁngÁngXī,230205,District,Qiqihaer,Qí Qí Hā Ěr,230200,Prefecture City,Heilongjiang,Hēi Lóng Jiāng,230000,Province,2010,459836,1189313,0.38664001822901123,38.66
林甸县,230623,林甸县,230623,县,大庆市,230600,地级市,黑龙江省,230000,省,,,Lindian,Lín Diàn,230623,Lindian,LínDiàn,230623,County,Daqing,Dà Qìng,230600,Prefecture City,Heilongjiang,Hēi Lóng Jiāng,230000,Province,2010,4026462,5708921,0.7052929966976247,70.53
富锦市,230882,富锦市,230882,县级市,佳木斯市,230800,地级市,黑龙江省,230000,省,,,Fujin,Fù Jǐn,230882,Fujin,FùJǐn,230882,County City,Jiamusi,Jiā Mù Sī,230800,Prefecture City,Heilongjiang,Hēi Lóng Jiāng,230000,Province,2010,12611049,13439723,0.9383414375430208,93.83
明水县,231225,明水县,231225,县,绥化市,231200,地级市,黑龙江省,230000,省,,,Mingshui,Míng Shuǐ,231225,Mingshui,MíngShuǐ,231225,County,Suihua,Suí Huà,231200,Prefecture City,Heilongjiang,Hēi Lóng Jiāng,230000,Province,2010,3414896,3750889,0.9104231023631998,91.04
富拉尔基区,230206,富拉尔基区,230206,市辖区,齐齐哈尔市,230200,地级市,黑龙江省,230000,省,,,Fulaerji,Fù Lā Ěr Jī,230206,Fulaerji,Fù Lā ĚrJī,230206,District,Qiqihaer,Qí Qí Hā Ěr,230200,Prefecture City,Heilongjiang,Hēi Lóng Jiāng,230000,Province,2010,388649,602243,0.6453358528036025,64.53
龙江县,230221,龙江县,230221,县,齐齐哈尔市,230200,地级市,黑龙江省,230000,省,,,Longjiang,Lóng Jiāng,230221,Longjiang,LóngJiāng,230221,County,Qiqihaer,Qí Qí Hā Ěr,230200,Prefecture City,Heilongjiang,Hēi Lóng Jiāng,230000,Province,2010,7608361,9626477,0.7903577809410441,79.04
兴安区,230405,兴安区,230405,市辖区,鹤岗市,230400,地级市,黑龙江省,230000,省,,,Xingan,Xīng Ān,230405,Xingan,Xīng Ān,230405,District,Hegang,Hè Gǎng,230400,Prefecture City,Heilongjiang,Hēi Lóng Jiāng,230000,Province,2010,120717,328913,0.36701802604336103,36.7
龙沙区,230202,龙沙区,230202,市辖区,齐齐哈尔市,230200,地级市,黑龙江省,230000,省,,,Longsha,Lóng Shā,230202,Longsha,Lóng Shā,230202,District,Qiqihaer,Qí Qí Hā Ěr,230200,Prefecture City,Heilongjiang,Hēi Lóng Jiāng,230000,Province,2010,69649,199870,0.3484715064792115,34.85
南山区,230404,南山区,230404,市辖区,鹤岗市,230400,地级市,黑龙江省,230000,省,,,Nanshan,Nán Shān,230404,Nanshan,Nán Shān,230404,District,Hegang,Hè Gǎng,230400,Prefecture City,Heilongjiang,Hēi Lóng Jiāng,230000,Province,2010,7819,47422,0.1648812787313905,16.49
铁锋区,230204,铁锋区,230204,市辖区,齐齐哈尔市,230200,地级市,黑龙江省,230000,省,,,Tiefeng,Tiě Fēng,230204,Tiefeng,TiěFēng,230204,District,Qiqihaer,Qí Qí Hā Ěr,230200,Prefecture City,Heilongjiang,Hēi Lóng Jiāng,230000,Province,2010,258409,1230253,0.21004541342309266,21.0
东山区,230406,东山区,230406,市辖区,鹤岗市,230400,地级市,黑龙江省,230000,省,,,Dongshan,Dōng Shān,230406,Dongshan,DōngShān,230406,District,Hegang,Hè Gǎng,230400,Prefecture City,Heilongjiang,Hēi Lóng Jiāng,230000,Province,2010,1455557,3581349,0.40642701953928534,40.64
建华区,230203,建华区,230203,市辖区,齐齐哈尔市,230200,地级市,黑龙江省,230000,省,,,Jianhua,Jiàn Huá,230203,Jianhua,Jiàn Huá,230203,District,Qiqihaer,Qí Qí Hā Ěr,230200,Prefecture City,Heilongjiang,Hēi Lóng Jiāng,230000,Province,2010,74243,183124,0.4054247395207619,40.54
海伦市,231283,海伦市,231283,县级市,绥化市,231200,地级市,黑龙江省,230000,省,,,Hailun,Hǎi Lún,231283,Hailun,HǎiLún,231283,County City,Suihua,Suí Huà,231200,Prefecture City,Heilongjiang,Hēi Lóng Jiāng,230000,Province,2010,6584388,7621649,0.8639059605080213,86.39
绥滨县,230422,绥滨县,230422,县,鹤岗市,230400,地级市,黑龙江省,230000,省,,,Suibin,Suí Bīn,230422,Suibin,SuíBīn,230422,County,Hegang,Hè Gǎng,230400,Prefecture City,Heilongjiang,Hēi Lóng Jiāng,230000,Province,2010,4862221,5495001,0.8848444249600682,88.48
梅里斯达斡尔族区,230208,梅里斯达斡尔族区,230208,市辖区,齐齐哈尔市,230200,地级市,黑龙江省,230000,省,,,Meilisidawoerzu,Méi Lǐ Sī Dá Wò Ěr Zú,230208,Meilisidawoerzu,Méi Lǐ SīDáWòĚrZú,230208,District,Qiqihaer,Qí Qí Hā Ěr,230200,Prefecture City,Heilongjiang,Hēi Lóng Jiāng,230000,Province,2010,2598306,3413405,0.7612064785749127,76.12
绥棱县,231226,绥棱县,231226,县,绥化市,231200,地级市,黑龙江省,230000,省,,,Suiling,Suí Líng,231226,Suiling,Suí Líng,231226,County,Suihua,Suí Huà,231200,Prefecture City,Heilongjiang,Hēi Lóng Jiāng,230000,Province,2010,3017478,7098623,0.42507934285283216,42.51
碾子山区,230207,碾子山区,230207,市辖区,齐齐哈尔市,230200,地级市,黑龙江省,230000,省,,,Nianzishan,Niǎn Zi Shān,230207,Nianzishan,Niǎn Zi Shān,230207,District,Qiqihaer,Qí Qí Hā Ěr,230200,Prefecture City,Heilongjiang,Hēi Lóng Jiāng,230000,Province,2010,300413,495352,0.6064636864290444,60.65
拜泉县,230231,拜泉县,230231,县,齐齐哈尔市,230200,地级市,黑龙江省,230000,省,,,Baiquan,Bài Quán,230231,Baiquan,Bài Quán,230231,County,Qiqihaer,Qí Qí Hā Ěr,230200,Prefecture City,Heilongjiang,Hēi Lóng Jiāng,230000,Province,2010,5669141,5915107,0.9584173202614932,95.84
富裕县,230227,富裕县,230227,县,齐齐哈尔市,230200,地级市,黑龙江省,230000,省,,,Fuyu,Fù Yù,230227,Fuyu,FùYù,230227,County,Qiqihaer,Qí Qí Hā Ěr,230200,Prefecture City,Heilongjiang,Hēi Lóng Jiāng,230000,Province,2010,4644826,6600262,0.7037335790609525,70.37
依安县,230223,依安县,230223,县,齐齐哈尔市,230200,地级市,黑龙江省,230000,省,,,Yian,Yī Ān,230223,Yian,YīĀn,230223,County,Qiqihaer,Qí Qí Hā Ěr,230200,Prefecture City,Heilongjiang,Hēi Lóng Jiāng,230000,Province,2010,5678242,6069238,0.9355774151549173,93.56
扎兰屯市,150783,扎兰屯市,150783,县级市,呼伦贝尔市,150700,地级市,内蒙古自治区,150000,自治区,,,Zhalantun,Zhā Lán Tún,150783,Zhalantun,Zhā Lán Tún,150783,County City,Hulunbeier,Hū Lún Bèi Ěr,150700,Prefecture City,Neimenggu,Nèi Měng Gǔ,150000,Autonomous Region,2010,5000603,27710270,0.1804602770019924,18.05
萝北县,230421,萝北县,230421,县,鹤岗市,230400,地级市,黑龙江省,230000,省,,,Luobei,Luó Běi,230421,Luobei,LuóBěi,230421,County,Hegang,Hè Gǎng,230400,Prefecture City,Heilongjiang,Hēi Lóng Jiāng,230000,Province,2010,5842895,14622514,0.3995821101624522,39.96
同江市,230881,同江市,230881,县级市,佳木斯市,230800,地级市,黑龙江省,230000,省,,,Tongjiang,Tóng Jiāng,230881,Tongjiang,Tóng Jiāng,230881,County City,Jiamusi,Jiā Mù Sī,230800,Prefecture City,Heilongjiang,Hēi Lóng Jiāng,230000,Province,2010,8632246,10304447,0.8377204521504162,83.77
抚远县,230883,抚远县,230883,县,佳木斯市,230800,地级市,黑龙江省,230000,省,,,Fuyuan,Fǔ Yuǎn,230883,Fuyuan,FǔYuǎn,230883,County,Jiamusi,Jiā Mù Sī,230800,Prefecture City,Heilongjiang,Hēi Lóng Jiāng,230000,Province,2010,6326056,8965108,0.7056307631765284,70.56
甘南县,230225,甘南县,230225,县,齐齐哈尔市,230200,地级市,黑龙江省,230000,省,,,Gannan,Gān Nán,230225,Gannan,Gān Nán,230225,County,Qiqihaer,Qí Qí Hā Ěr,230200,Prefecture City,Heilongjiang,Hēi Lóng Jiāng,230000,Province,2010,7433102,7941949,0.9359292032723957,93.59
克东县,230230,克东县,230230,县,齐齐哈尔市,230200,地级市,黑龙江省,230000,省,,,Kedong,Kè Dōng,230230,Kedong,KèDōng,230230,County,Qiqihaer,Qí Qí Hā Ěr,230200,Prefecture City,Heilongjiang,Hēi Lóng Jiāng,230000,Province,2010,2994860,3461233,0.8652581320009373,86.53
北安市,231181,北安市,231181,县级市,黑河市,231100,地级市,黑龙江省,230000,省,,,Beian,Běi Ān,231181,Beian,BěiĀn,231181,County City,Heihe,Hēi Hé,231100,Prefecture City,Heilongjiang,Hēi Lóng Jiāng,230000,Province,2010,6565605,11956035,0.5491456824942382,54.91
克山县,230229,克山县,230229,县,齐齐哈尔市,230200,地级市,黑龙江省,230000,省,,,Keshan,Kè Shān,230229,Keshan,KèShān,230229,County,Qiqihaer,Qí Qí Hā Ěr,230200,Prefecture City,Heilongjiang,Hēi Lóng Jiāng,230000,Province,2010,4754001,5309262,0.8954165381177271,89.54
讷河市,230281,讷河市,230281,县级市,齐齐哈尔市,230200,地级市,黑龙江省,230000,省,,,Nehe,Nè Hé,230281,Nehe,NèHé,230281,County City,Qiqihaer,Qí Qí Hā Ěr,230200,Prefecture City,Heilongjiang,Hēi Lóng Jiāng,230000,Province,2010,9297390,11170402,0.8323236710728943,83.23
阿荣旗,150721,阿荣旗,150721,旗,呼伦贝尔市,150700,地级市,内蒙古自治区,150000,自治区,,,Arong,Ā Róng,150721,Arong,Ā Róng,150721,Banner,Hulunbeier,Hū Lún Bèi Ěr,150700,Prefecture City,Neimenggu,Nèi Měng Gǔ,150000,Autonomous Region,2010,6928108,18600240,0.37247411861352325,37.25
五大连池市,231182,五大连池市,231182,县级市,黑河市,231100,地级市,黑龙江省,230000,省,,,Wudalianchi,Wǔ Dà Lián Chí,231182,Wudalianchi,Wǔ Dà LiánChí,231182,County City,Heihe,Hēi Hé,231100,Prefecture City,Heilongjiang,Hēi Lóng Jiāng,230000,Province,2010,7459907,25376804,0.29396558368815867,29.4
嘉荫县,230722,嘉荫县,230722,县,伊春市,230700,地级市,黑龙江省,230000,省,,,Jiayin,Jiā Yīn,230722,Jiayin,Jiā Yīn,230722,County,Yichun,Yī Chūn,230700,Prefecture City,Heilongjiang,Hēi Lóng Jiāng,230000,Province,2010,1897277,11326941,0.1675012697602998,16.75
逊克县,231123,逊克县,231123,县,黑河市,231100,地级市,黑龙江省,230000,省,,,Xunke,Xùn Kè,231123,Xunke,XùnKè,231123,County,Heihe,Hēi Hé,231100,Prefecture City,Heilongjiang,Hēi Lóng Jiāng,230000,Province,2010,4021621,18091622,0.22229189842679667,22.23
莫力达瓦达斡尔族自治旗,150722,莫力达瓦达斡尔族自治旗,150722,自治旗,呼伦贝尔市,150700,地级市,内蒙古自治区,150000,自治区,,,Molidawadawoerzu,Mò Lì Dá Wǎ Dá Wò Ěr Zú,150722,Molidawadawoerzu,MòLìDá Wǎ DáWòĚrZú,150722,Autonomous Banner,Hulunbeier,Hū Lún Bèi Ěr,150700,Prefecture City,Neimenggu,Nèi Měng Gǔ,150000,Autonomous Region,2010,10750179,17543837,0.6127609940744434,61.28
海拉尔区,150702,海拉尔区,150702,市辖区,呼伦贝尔市,150700,地级市,内蒙古自治区,150000,自治区,,,Hailaer,Hǎi Lā Ěr,150702,Hailaer,Hǎi Lā Ěr,150702,District,Hulunbeier,Hū Lún Bèi Ěr,150700,Prefecture City,Neimenggu,Nèi Měng Gǔ,150000,Autonomous Region,2010,465779,2234628,0.20843692999461208,20.84
孙吴县,231124,孙吴县,231124,县,黑河市,231100,地级市,黑龙江省,230000,省,,,Sunwu,Sūn Wú,231124,Sunwu,SūnWú,231124,County,Heihe,Hēi Hé,231100,Prefecture City,Heilongjiang,Hēi Lóng Jiāng,230000,Province,2010,2642462,8120297,0.3254144522053812,32.54
嫩江县,231121,嫩江市,231121,县,黑河市,231100,地级市,黑龙江省,230000,省,,,Nenjiang,Nèn Jiāng,231121,Nenjiang,NènJiāng,231121,County,Heihe,Hēi Hé,231100,Prefecture City,Heilongjiang,Hēi Lóng Jiāng,230000,Province,2010,12239728,26042135,0.46999710277210377,47.0
